timestamp,actual_temperature,actual_humidity,actual_ph,actual_light_intensity,actual_vpd,predicted_temperature,predicted_humidity,predicted_ph,predicted_light_intensity,predicted_vpd
2025-01-01 00:00:00,26.782601582123874,83.7633822355803,6.7891915337377045,65.09095028952945,0.5715482709261752,27.054351806640625,84.89582824707031,6.759523391723633,33.9571533203125,0.5473002195358276
2025-01-01 04:00:00,30.412340848722593,76.26420148907715,6.788878969148605,55.62412846530386,1.0311911862617942,30.38166618347168,75.76287841796875,6.740123748779297,42.31375503540039,1.073890209197998
2025-01-01 08:00:00,30.855894191208275,63.03543532957692,6.710292673099316,767.9038433509303,1.647091384345888,30.486974716186523,65.5480728149414,6.739974498748779,715.89453125,1.5007296800613403
2025-01-01 12:00:00,27.673355039826927,65.48907751514986,6.843617109504393,1000.0,1.27988298287901,27.036460876464844,65.60472106933594,6.741588115692139,946.4637451171875,1.2467390298843384
2025-01-01 16:00:00,23.855568762605703,74.16842390533,6.823999911576865,750.7522470913514,0.7641360743593069,23.806293487548828,74.95660400390625,6.780431270599365,723.543701171875,0.7570784091949463
2025-01-01 20:00:00,23.6211867014098,81.62612569662598,6.712984505701972,101.19841348169358,0.5359182960891178,24.009641647338867,85.26284790039062,6.789534091949463,48.37721633911133,0.43612608313560486
2025-01-02 00:00:00,27.817849108397706,81.80839385644157,6.73658832139608,60.969076537035946,0.6803706995835817,26.986833572387695,84.8896484375,6.7644877433776855,33.84792709350586,0.5459081530570984
2025-01-02 04:00:00,30.376526601857485,74.0743806798392,6.823059285733159,63.40062256834658,1.1240224205037577,30.43805503845215,75.62157440185547,6.754584312438965,41.43103790283203,1.0830498933792114
2025-01-02 08:00:00,31.048404507566698,66.66377128614711,6.850133852402662,760.4780401309081,1.5017929019925895,30.5711669921875,65.3614273071289,6.755253314971924,716.6760864257812,1.5133826732635498
2025-01-02 12:00:00,26.924811824069852,66.91506952495368,6.69709218173231,1000.0,1.174397031786771,27.26081085205078,65.27426147460938,6.77232551574707,944.2894287109375,1.2739808559417725
2025-01-02 16:00:00,23.820253087113183,78.01734319397451,6.710140945000595,749.0651253167227,0.6489007125580293,23.709152221679688,75.11621856689453,6.765626907348633,723.2015380859375,0.7454036474227905
2025-01-02 20:00:00,23.547960325712513,88.48532994349094,6.753137145665716,59.72747588727255,0.3343754973461577,23.85496711730957,85.51083374023438,6.763210296630859,49.86458969116211,0.4198758006095886
2025-01-03 00:00:00,27.0753132431201,83.81752852613802,6.656931198694851,54.444310730962215,0.5795143205103144,27.031543731689453,84.9089126586914,6.7527031898498535,34.417091369628906,0.5458527207374573
2025-01-03 04:00:00,30.378647690853157,74.55505474420261,6.766438158177448,59.21131208890948,1.1033163215616812,30.303184509277344,75.87081909179688,6.727810859680176,41.856170654296875,1.0657109022140503
2025-01-03 08:00:00,31.239767965174607,62.81778820357702,6.8247730758684755,740.1981506234506,1.6933828203011005,30.306703567504883,65.87606811523438,6.715430736541748,715.6424560546875,1.4758803844451904
2025-01-03 12:00:00,26.736776315392238,64.05181431630949,6.693554049355189,988.7983222355662,1.2620153080306409,26.92925262451172,65.78491973876953,6.729889392852783,946.5970458984375,1.2320538759231567
2025-01-03 16:00:00,23.2690215930344,71.91347819177548,6.771841248415731,783.921155071574,0.8020043093997354,23.5162353515625,75.37726593017578,6.73846435546875,725.3685913085938,0.7261916399002075
2025-01-03 20:00:00,24.69963450223131,83.42105281061936,6.73639736491721,49.40860908795324,0.5158609072270064,23.71527862548828,85.67305755615234,6.753630638122559,46.09280776977539,0.4103633761405945
2025-01-04 00:00:00,27.626528635931805,81.48907585868007,6.8526380254783925,31.832282435500534,0.6846278475591161,26.943214416503906,85.01588439941406,6.74943733215332,34.317283630371094,0.5384554266929626
2025-01-04 04:00:00,29.40914961939588,76.31793180783752,6.742151134934044,54.36620317270969,0.9712891481463068,30.49588394165039,75.60211181640625,6.757510185241699,41.47452163696289,1.0861334800720215
2025-01-04 08:00:00,30.31907709913719,69.25292597042018,6.846590382428126,770.3563457294882,1.328685723175401,30.46152114868164,65.60986328125,6.73494291305542,714.8471069335938,1.4969760179519653
2025-01-04 12:00:00,26.231610184823612,65.13389453010316,6.740767974500135,1000.0,1.188145505433249,27.079975128173828,65.52019500732422,6.7471208572387695,947.34326171875,1.2531321048736572
2025-01-04 16:00:00,23.19815789175926,76.09231117361725,6.809199518307403,726.1106950131217,0.6797641067771654,23.657318115234375,75.17626953125,6.757607936859131,723.9196166992188,0.7409922480583191
2025-01-04 20:00:00,22.104245905349867,89.15692791359376,6.783238008958832,89.06863585279379,0.2885100005989836,23.909648895263672,85.44911193847656,6.769014835357666,48.809051513671875,0.42413848638534546
2025-01-05 00:00:00,27.10343480862792,85.40543037098995,6.768875806295519,110.0436141807448,0.5235119942669804,26.968679428100586,85.0206298828125,6.746771812438965,33.5338134765625,0.5399516820907593
2025-01-05 04:00:00,30.06506030303199,75.9873779213366,6.7362630111685355,55.63906373718814,1.0226794863737352,30.23851776123047,75.95094299316406,6.726184844970703,43.418704986572266,1.0578020811080933
2025-01-05 08:00:00,30.665983841010867,63.77621937110754,6.791944210687129,746.5186867870652,1.596695116958836,30.313697814941406,65.87866973876953,6.717116355895996,714.5465087890625,1.4763333797454834
2025-01-05 12:00:00,26.359368968033632,65.49719059782709,6.753762676496988,975.3688906934547,1.1846586262297114,26.931726455688477,65.79037475585938,6.729010581970215,946.1168212890625,1.2325738668441772
2025-01-05 16:00:00,23.74928390892316,72.9560530922396,6.741301128380827,787.0739908686137,0.7949048041923668,23.58176040649414,75.327392578125,6.745644569396973,722.5394287109375,0.7312166690826416
2025-01-05 20:00:00,23.500369843276975,86.94153525286335,6.84942557669002,30.320918915558273,0.378120291139469,23.753387451171875,85.6055908203125,6.753182411193848,48.760414123535156,0.4133414030075073
2025-01-06 00:00:00,27.957179877489164,80.08124687053807,6.808307020608892,45.01852954696745,0.751039838417547,27.07806396484375,84.90363311767578,6.756529808044434,33.618629455566406,0.548120379447937
2025-01-06 04:00:00,31.375983440905433,75.37820151540625,6.81311245682959,79.12239105580898,1.1300557986532813,30.440982818603516,75.68096160888672,6.747255325317383,42.659820556640625,1.080298662185669
2025-01-06 08:00:00,31.062977811537767,61.09813651320287,6.761350583303617,736.3197401887774,1.7539780676588488,30.551286697387695,65.39706420898438,6.75436544418335,717.0149536132812,1.5102945566177368
2025-01-06 12:00:00,27.042896504564265,66.86086979130691,6.771631591880065,980.2176781647688,1.1844994279552146,27.136741638183594,65.42955780029297,6.758904457092285,946.9911499023438,1.2591618299484253
2025-01-06 16:00:00,24.734791977387264,72.69017698149474,6.768501675866675,748.9551828171938,0.85154186473458,23.820402145385742,74.92211151123047,6.781856536865234,725.205078125,0.7579225897789001
2025-01-06 20:00:00,22.96558414083721,83.58788641247803,6.797792454859279,116.56090428307081,0.4601291576112829,24.02794647216797,85.26042175292969,6.794048309326172,47.792972564697266,0.43667837977409363
2025-01-07 00:00:00,26.538636775016876,86.85064212763396,6.818152586061932,47.77802328820677,0.45627844410198337,27.041215896606445,84.76099395751953,6.778471946716309,34.30181884765625,0.5532605051994324
2025-01-07 04:00:00,30.662626154991923,76.36359583766367,6.784549844954228,63.674068395282156,1.041660997068989,30.50218391418457,75.56118774414062,6.7625579833984375,41.220069885253906,1.0879629850387573
2025-01-07 08:00:00,31.831536759397018,61.876537564697394,6.746430163760774,727.6888125628843,1.7955000016264977,30.517118453979492,65.5107650756836,6.7473063468933105,714.0399169921875,1.5039639472961426
2025-01-07 12:00:00,27.139246636363662,66.23235114281238,6.8240909363211335,1000.0,1.2138017909745318,27.148210525512695,65.42432403564453,6.753892421722412,946.494384765625,1.2619805335998535
2025-01-07 16:00:00,23.68469185305631,70.40279323107684,6.787732606880223,767.6744680564308,0.8665794415089989,23.842933654785156,74.8414535522461,6.779870986938477,727.3463134765625,0.7620046138763428
2025-01-07 20:00:00,23.055359296605047,83.27576847559922,6.714020594531257,44.193965105823146,0.47143240417138266,23.941160202026367,85.33869934082031,6.784384727478027,47.556640625,0.43102097511291504
2025-01-08 00:00:00,27.747522336861714,86.46353435564488,6.684418894129995,80.68005418896459,0.5041950321215567,27.020353317260742,84.96076202392578,6.759289741516113,33.16933059692383,0.5438242554664612
2025-01-08 04:00:00,31.21524728652896,73.22979052181073,6.806078490407002,42.55029632498655,1.2174929534913326,30.373037338256836,75.7243423461914,6.744048595428467,41.647552490234375,1.075320839881897
2025-01-08 08:00:00,31.133196760064237,60.075778207005946,6.749709941690094,712.1255714333538,1.8072785509002047,30.52340316772461,65.49576568603516,6.746534824371338,715.1505126953125,1.5047062635421753
2025-01-08 12:00:00,26.95994720780285,63.662346827411746,6.812736738103801,1000.0,1.2925197684776188,27.070289611816406,65.52118682861328,6.745606422424316,948.2825317382812,1.252402901649475
2025-01-08 16:00:00,23.457102544902273,73.46754523759643,6.752402716190782,791.487660268394,0.7662719378699513,23.699331283569336,75.07049560546875,6.765031337738037,727.1439819335938,0.7464849352836609
2025-01-08 20:00:00,23.16389480388629,85.42223433122471,6.79784292025873,45.73216332948641,0.4136307610167278,23.777626037597656,85.56878662109375,6.765552520751953,46.02762985229492,0.4171918034553528
2025-01-09 00:00:00,27.35055389220903,83.73266719407115,6.77737256980118,67.61587219218491,0.5920211318433415,27.038488388061523,84.92455291748047,6.761804103851318,33.59872055053711,0.546146810054779
2025-01-09 04:00:00,30.232515591827063,75.50909007013571,6.883888686712949,87.43252431706529,1.053104765438929,30.452138900756836,75.64564514160156,6.755778789520264,40.97998046875,1.0817818641662598
2025-01-09 08:00:00,30.184011003841672,65.08505139101234,6.843808429090217,747.9602834919799,1.497171970168043,30.550209045410156,65.43183898925781,6.753939628601074,715.2195434570312,1.5088800191879272
2025-01-09 12:00:00,27.096772282873225,67.5743200857642,6.863657491208676,971.4633181100698,1.1626655641236385,27.175411224365234,65.4061279296875,6.760915279388428,944.8890991210938,1.2634773254394531
2025-01-09 16:00:00,23.599937938598703,75.94919029154129,6.797495034655237,750.8991639296029,0.7006030007757778,23.904205322265625,74.84680938720703,6.788665294647217,722.441650390625,0.7649044394493103
2025-01-09 20:00:00,23.575526761779834,86.05205307971742,6.837410693155029,84.16142950786616,0.4057086165384223,24.055267333984375,85.22461700439453,6.791813850402832,49.63100051879883,0.4384749233722687
2025-01-10 00:00:00,27.575808586783086,86.46660136761442,6.8059704471345,53.29348137390885,0.4990532671649879,27.230356216430664,84.57949829101562,6.786370277404785,34.230648040771484,0.5669735670089722
2025-01-10 04:00:00,30.846211804575848,73.45314479227706,6.87486751162613,58.733332914250624,1.1822396467002458,30.65016746520996,75.27840423583984,6.779770374298096,43.49857711791992,1.1080247163772583
2025-01-10 08:00:00,30.662609888245147,61.982330280915306,6.79775983999163,728.9294465957307,1.6754446533908642,30.746986389160156,65.06399536132812,6.779856204986572,716.7646484375,1.5355093479156494
2025-01-10 12:00:00,27.434092752518698,66.76280152048646,6.731513476236404,998.0105405242423,1.2155349149949184,27.265310287475586,65.23895263671875,6.773746490478516,945.7182006835938,1.2755581140518188
2025-01-10 16:00:00,23.382721152672886,75.6976017672069,6.701456866991746,757.7338307888787,0.6987262583487914,23.81745147705078,74.9043197631836,6.7804670333862305,725.981689453125,0.7585108876228333
2025-01-10 20:00:00,23.93112398518004,84.88201643802779,6.884803499232669,64.794596473663,0.4492465947118003,23.894775390625,85.43285369873047,6.774387836456299,48.33185577392578,0.42498257756233215
2025-01-11 00:00:00,27.451754666108805,83.05570815777634,6.830393236660517,42.659754689825284,0.6203188113181941,27.148242950439453,84.71736907958984,6.778562545776367,33.615379333496094,0.558502733707428
2025-01-11 04:00:00,30.0890316051455,74.13274192607459,6.833680855455061,59.10055042880836,1.1031819303602366,30.564472198486328,75.47781372070312,6.767885684967041,41.69279479980469,1.0947229862213135
2025-01-11 08:00:00,31.338401912009424,65.18584180952756,6.880950405067552,763.3899511411,1.5944440595625657,30.559181213378906,65.45125579833984,6.751580715179443,714.884033203125,1.5084943771362305
2025-01-11 12:00:00,26.93573656707299,67.06570674566574,6.723881265766676,1000.0,1.1697998565581829,27.249664306640625,65.26852416992188,6.773717403411865,945.6705322265625,1.2728698253631592
2025-01-11 16:00:00,23.957506704151953,76.1313867552654,6.788537952191383,744.1414272984197,0.7104051991297706,23.808670043945312,74.95648193359375,6.780608177185059,723.561279296875,0.7565515637397766
2025-01-11 20:00:00,24.49455767481637,85.3440866986664,6.794664521472222,53.058440336512064,0.4504712829754727,24.070253372192383,85.19116973876953,6.796921253204346,48.919795989990234,0.44067326188087463
2025-01-12 00:00:00,27.873047378594173,84.82848800662826,6.848645111620936,98.19953957372661,0.5692471394663987,27.23347282409668,84.61566925048828,6.78225040435791,34.10798263549805,0.5650902986526489
2025-01-12 04:00:00,30.891477309159406,74.42582949641721,6.776899338705541,62.15120590086924,1.1418637104038547,30.61341094970703,75.28821563720703,6.780331134796143,43.123573303222656,1.1064047813415527
2025-01-12 08:00:00,30.693061113433956,64.1096489612071,6.751462662784846,744.850253747956,1.5844444256583006,30.666513442993164,65.16959381103516,6.770077228546143,717.6156005859375,1.5265275239944458
2025-01-12 12:00:00,27.883964954025025,66.09470026884557,6.75101391741073,970.4583592869914,1.2729633721061324,27.1370906829834,65.4571762084961,6.757524490356445,945.3590698242188,1.2583786249160767
2025-01-12 16:00:00,24.283454873503796,73.32737594876345,6.869002253774187,731.3503884616133,0.8095309179302839,23.841257095336914,74.88866424560547,6.782155990600586,725.3820190429688,0.7600144743919373
2025-01-12 20:00:00,23.63692487457742,85.78457111589536,6.77440474527043,54.288142518709215,0.41502019344912755,24.135814666748047,85.12345886230469,6.80296516418457,49.00339126586914,0.44489115476608276
2025-01-13 00:00:00,27.046396202507484,83.32237970033029,6.788975579685159,78.55696728786778,0.5962343187999926,27.242267608642578,84.63422393798828,6.780118465423584,34.05868911743164,0.5644436478614807
2025-01-13 04:00:00,29.871767050298086,74.37375135085198,6.8483013614376445,45.311603482924234,1.0793663897307142,30.507415771484375,75.49877166748047,6.7611165046691895,42.546836853027344,1.0922935009002686
2025-01-13 08:00:00,30.98496056198788,63.550250021303725,6.781629183489504,750.3039459269731,1.6361370875308126,30.629823684692383,65.27926635742188,6.759238243103027,716.9118041992188,1.5202778577804565
2025-01-13 12:00:00,27.40249415349913,62.78838201629697,6.731329032763467,971.3350020754563,1.3583729580580552,27.188138961791992,65.37479400634766,6.763232707977295,945.1340942382812,1.2652217149734497
2025-01-13 16:00:00,24.54783709819185,75.27394800366882,6.737491395215004,778.0885767823177,0.7624165702527805,23.775827407836914,74.97081756591797,6.774312973022461,726.2467041015625,0.7538160681724548
2025-01-13 20:00:00,24.15926895761076,81.56502806049382,6.813736084065477,40.95022036943785,0.5553649498517155,23.876964569091797,85.42768096923828,6.77449893951416,47.88792037963867,0.425314724445343
2025-01-14 00:00:00,28.14446012909825,83.48176905311479,6.846468251320046,71.63053231253427,0.6296487273174205,27.12765121459961,84.78377532958984,6.773359298706055,33.29816436767578,0.5546582341194153
2025-01-14 04:00:00,30.59276503319157,74.87586864389701,6.8114895676092635,52.438817276041334,1.102818249000598,30.570842742919922,75.40898132324219,6.77273416519165,42.8436393737793,1.0983349084854126
2025-01-14 08:00:00,31.510522312633462,59.61261737441045,6.843123964992238,743.6373577349317,1.86784704376289,30.648635864257812,65.24280548095703,6.765833377838135,716.5819091796875,1.5224615335464478
2025-01-14 12:00:00,27.21288734245957,63.798621345263435,6.740959953501403,984.119086367798,1.3069104941041103,27.30147933959961,65.1892318725586,6.780427932739258,945.1946411132812,1.279224157333374
2025-01-14 16:00:00,24.402041947770282,74.40833615444086,6.744336652753379,755.9260649511547,0.782256835757337,23.888416290283203,74.8139877319336,6.791874408721924,725.5308837890625,0.7651557922363281
2025-01-14 20:00:00,23.2838647206088,86.43165890567494,6.934298625616497,36.613817832972295,0.3877881787968067,24.041234970092773,85.23286437988281,6.797117710113525,47.985374450683594,0.4385022222995758
2025-01-15 00:00:00,27.62827423991547,83.64897422292647,6.8882452021416904,73.83938463296965,0.604805494593665,27.35069465637207,84.48941040039062,6.798386096954346,33.7376594543457,0.5746704936027527
2025-01-15 04:00:00,29.98246423464717,76.88008005699068,6.8650545831297825,58.98087272121501,0.980006981154931,30.707780838012695,75.18722534179688,6.790876865386963,42.581947326660156,1.1150872707366943
2025-01-15 08:00:00,30.84123946239925,64.01950829192904,6.793619754998135,762.6003963905861,1.6019038636366423,30.810733795166016,64.96197509765625,6.7869181632995605,716.2562866210938,1.5437052249908447
2025-01-15 12:00:00,27.730883587171334,63.93098044339312,6.814705678998334,1000.0,1.3421654010020134,27.264270782470703,65.23957061767578,6.7742600440979,945.7528076171875,1.2752224206924438
2025-01-15 16:00:00,23.786120699479074,75.32412668875449,6.826522122678177,743.6483937828962,0.7269081249075451,23.9638671875,74.72383117675781,6.8033223152160645,723.3394775390625,0.7732330560684204
2025-01-15 20:00:00,23.521386160716638,87.07192001639338,6.892323294220683,71.7938666092347,0.3748191640870111,24.167757034301758,85.03433227539062,6.811862468719482,48.871604919433594,0.4505808353424072
2025-01-16 00:00:00,27.96697554971618,82.19810067059467,6.851726585582486,43.93064732362068,0.6716065787665308,27.344573974609375,84.43270111083984,6.802073001861572,34.32071304321289,0.5770233273506165
2025-01-16 04:00:00,30.956286535282505,73.09192645203964,6.857883137324621,85.06095854112013,1.2058648231644495,30.74159812927246,75.14293670654297,6.792321681976318,42.764156341552734,1.1189152002334595
2025-01-16 08:00:00,30.763232606690625,63.017358106505625,6.823204700504356,742.8203961240696,1.6392143052317785,30.85634422302246,64.8111572265625,6.797848224639893,718.3316040039062,1.552550196647644
2025-01-16 12:00:00,27.564864275645352,63.4883081542481,6.871220700602236,995.9644585504552,1.345532949053219,27.399383544921875,65.0229721069336,6.793301105499268,945.33154296875,1.2918981313705444
2025-01-16 16:00:00,25.398149270903254,75.25524460980465,6.846703584631795,740.6238120404753,0.8026420976860834,24.070858001708984,74.57977294921875,6.8190460205078125,722.7520751953125,0.7835670113563538
2025-01-16 20:00:00,24.656566124821232,84.6606014514278,6.833788583897515,36.69587627043511,0.4760659608270563,24.33863067626953,84.80001068115234,6.835615158081055,50.1840705871582,0.46540898084640503
2025-01-17 00:00:00,28.15825169985514,81.0004429598796,6.799390521254868,98.89819788380139,0.7248140843271011,27.557880401611328,84.14903259277344,6.823525905609131,34.84979248046875,0.5949137806892395
2025-01-17 04:00:00,31.258839640395156,72.41084660822992,6.830866142759101,66.15523765775309,1.2578503398520677,30.868131637573242,74.81291961669922,6.8183393478393555,43.67330551147461,1.1400294303894043
2025-01-17 08:00:00,31.12430911718755,64.55907077277148,6.7825680946751845,751.3617433600668,1.603519332733725,30.98427391052246,64.50874328613281,6.819983959197998,721.0719604492188,1.5735996961593628
2025-01-17 12:00:00,26.37892372159601,64.11859885574044,6.834537779564835,990.4755813098467,1.2334137215256633,27.478179931640625,64.90763092041016,6.805679798126221,944.1451416015625,1.3004356622695923
2025-01-17 16:00:00,23.7733730773919,73.38926030228264,6.840990297762428,772.2622352053919,0.7833053295341462,23.985998153686523,74.74472045898438,6.809085845947266,720.7759399414062,0.7733911871910095
2025-01-17 20:00:00,23.872576044022228,87.38105526631496,6.716318810633867,41.00479470293256,0.37366862255799216,24.13002586364746,85.12081909179688,6.808929920196533,47.81997299194336,0.4465056359767914
2025-01-18 00:00:00,26.67239641728881,84.26465411712041,6.829959390441861,58.07853560628785,0.550325884865436,27.243776321411133,84.63137817382812,6.7797627449035645,34.687400817871094,0.5645861625671387
2025-01-18 04:00:00,30.495236169342615,76.66647937804485,6.782682357166657,101.02548366481855,1.0185293755884497,30.575876235961914,75.42759704589844,6.768884181976318,41.09782028198242,1.098629117012024
2025-01-18 08:00:00,30.083525828989014,67.88535763557836,6.866408333672721,730.854941313048,1.3691870170390459,30.53782081604004,65.35765838623047,6.750954627990723,717.9503784179688,1.5123836994171143
2025-01-18 12:00:00,27.59068053146389,62.64705502046623,6.873334354574436,1000.0,1.3786122408861687,27.171796798706055,65.40991973876953,6.760689735412598,944.80029296875,1.2629709243774414
2025-01-18 16:00:00,24.55512381959923,71.88738915748687,6.820159376513621,755.7709035780993,0.8672171841228558,23.897153854370117,74.8304443359375,6.790727138519287,723.4824829101562,0.7658182978630066
2025-01-18 20:00:00,24.699128093486987,82.89904368680719,6.868927471752982,76.1778549060014,0.5320873532378845,24.070024490356445,85.16447448730469,6.799167156219482,48.62427520751953,0.44225507974624634
2025-01-19 00:00:00,27.849931554424348,81.54784722701622,6.875934245324462,61.68027945208367,0.6914071870911278,27.31380844116211,84.40367889404297,6.805893898010254,34.56047058105469,0.5769847631454468
2025-01-19 04:00:00,30.624942767923194,74.80465360512069,6.834895106537121,48.00100973828324,1.1079779960446552,30.825658798217773,74.96089935302734,6.809816837310791,43.791473388671875,1.1302523612976074
2025-01-19 08:00:00,30.140608359262504,64.87778363739947,6.923095247272892,754.52985917255,1.502319621886378,30.98793601989746,64.60224151611328,6.815229892730713,717.5419921875,1.569725751876831
2025-01-19 12:00:00,26.764104973683978,66.07500257124663,6.810127151657384,990.8794141953048,1.192902887858824,27.60426902770996,64.69345092773438,6.818910598754883,944.8444213867188,1.3180930614471436
2025-01-19 16:00:00,23.543946419619726,77.97796728303605,6.919949183670368,703.3672404525754,0.6393451198901516,24.06911277770996,74.56735229492188,6.814662933349609,723.6073608398438,0.7833595275878906
2025-01-19 20:00:00,23.734007859229138,86.53395817269693,6.835120927048549,51.99124482634235,0.3954449307695853,24.355344772338867,84.8434066772461,6.827940464019775,51.24971389770508,0.46270987391471863
2025-01-20 00:00:00,27.595171550192433,85.08572222553607,6.809090552216936,60.97729291498925,0.5505964716782059,27.477283477783203,84.3390121459961,6.803452968597412,33.926666259765625,0.5846686363220215
2025-01-20 04:00:00,30.632065305262493,70.61980521617043,6.833679446088015,39.339681122994044,1.2925342644354165,30.736629486083984,75.1303482055664,6.788497447967529,43.54208755493164,1.119579553604126
2025-01-20 08:00:00,31.30863536116011,64.42379892246458,6.796287408491768,753.0197363298404,1.6265924747696787,30.8358154296875,64.87355041503906,6.789010524749756,718.8272705078125,1.548783779144287
2025-01-20 12:00:00,27.55890904778849,67.60689174972634,6.890484763247694,984.848076462768,1.1933392157841762,27.26186180114746,65.22599029541016,6.778308391571045,946.4672241210938,1.274290919303894
2025-01-20 16:00:00,24.216217039920984,68.1546294074915,6.77111842097447,749.1312220516423,0.9626416402713921,24.047868728637695,74.56487274169922,6.813366413116455,725.5147705078125,0.7829987406730652
2025-01-20 20:00:00,24.781069460386075,84.70716089537213,6.920737297566675,108.59892818964246,0.4781614917715169,24.10380744934082,85.1418685913086,6.8059844970703125,47.57469940185547,0.44408878684043884
2025-01-21 00:00:00,27.11723637725256,84.50542828460823,6.809309476565589,81.31424898872612,0.5562451979785448,27.311229705810547,84.33140563964844,6.817414283752441,35.18954086303711,0.580280065536499
2025-01-21 04:00:00,31.380806148636683,71.72920077099909,6.897935505245209,62.21527824283788,1.297887670778926,30.762773513793945,75.05828094482422,6.805389404296875,41.50331115722656,1.1228246688842773
2025-01-21 08:00:00,31.16446724525246,65.35555629994522,6.857314129705935,786.1845780261373,1.5710663499117663,30.974924087524414,64.6277084350586,6.818851947784424,717.2440795898438,1.5671511888504028
2025-01-21 12:00:00,27.540609103867897,67.60849814541282,6.869643600805391,998.5482815681438,1.1920049177574112,27.55431365966797,64.80524444580078,6.815150260925293,943.2316284179688,1.3097057342529297
2025-01-21 16:00:00,24.685878789647973,75.02164327320355,6.826600668089043,748.7518436375796,0.7765740122817927,24.193225860595703,74.42632293701172,6.832212924957275,720.4717407226562,0.795007586479187
2025-01-21 20:00:00,24.682757706493494,82.7334795377367,6.873743236669568,30.562362844154908,0.5367139498882167,24.386234283447266,84.74976348876953,6.838656425476074,51.0986442565918,0.46867069602012634
2025-01-22 00:00:00,27.26620368778713,82.713754819503,6.867666077294745,83.60867085018585,0.6260043983162817,27.613059997558594,84.06670379638672,6.827572822570801,34.593223571777344,0.6001015901565552
2025-01-22 04:00:00,31.112470408990134,74.12054965409389,6.788021809458735,91.3235212359624,1.1701234866967787,31.010616302490234,74.61717224121094,6.835775852203369,42.24705505371094,1.1554664373397827
2025-01-22 08:00:00,31.344156542211135,65.23010377144648,6.812792362720539,768.1481930389634,1.5929373810026286,30.96243667602539,64.51289367675781,6.816895961761475,721.4041748046875,1.5725886821746826
2025-01-22 12:00:00,27.602945711770055,63.32147537987746,6.833871757316712,1000.0,1.3546909718819133,27.45584487915039,64.9558334350586,6.804009437561035,943.5098266601562,1.2968741655349731
2025-01-22 16:00:00,24.56785813678749,73.06744681151717,6.823167536960879,695.2532588757383,0.8314473380495433,24.047576904296875,74.64906311035156,6.818267822265625,720.5059204101562,0.780281126499176
2025-01-22 20:00:00,24.41594347959873,89.52008528027869,6.923557910136385,98.48773413180068,0.32060466420997,24.30217170715332,84.92113494873047,6.823047637939453,50.815792083740234,0.4580528140068054
2025-01-23 00:00:00,28.687607432665224,84.62589274292162,6.866049731065457,50.48142999038825,0.6048064152277086,27.464319229125977,84.15225982666016,6.819628715515137,36.295501708984375,0.5920202732086182
2025-01-23 04:00:00,30.470288859660073,77.09482406729715,6.826765454491088,110.70911605978623,0.9984072293622175,30.92612075805664,74.76644897460938,6.821353435516357,44.37732696533203,1.1449779272079468
2025-01-23 08:00:00,31.174210432751273,60.818112538755486,6.84116053067293,784.6330086808576,1.7778162939260795,30.956151962280273,64.55702209472656,6.816995143890381,719.9496459960938,1.5698978900909424
2025-01-23 12:00:00,27.31707555673112,63.1100093063164,6.840475867695729,1000.0,1.339919055403723,27.48794937133789,64.92631530761719,6.810650825500488,942.2892456054688,1.2994579076766968
2025-01-23 16:00:00,24.60927892506898,73.73544489130501,6.8512965482728285,743.1392938997141,0.8128345382532164,24.090078353881836,74.63766479492188,6.8255791664123535,716.9658203125,0.783207893371582
2025-01-23 20:00:00,23.498639252326686,83.24976600573967,6.811932551637102,65.5531232316436,0.48496841620773345,24.36585807800293,84.78189086914062,6.835747241973877,50.838470458984375,0.46677252650260925
2025-01-24 00:00:00,27.97613233352439,86.736596097492,6.8297498412319255,27.725035549329363,0.5006511230034039,27.407907485961914,84.33045959472656,6.808983325958252,34.42919158935547,0.5828536748886108
2025-01-24 04:00:00,30.952053377875533,76.892544546368,6.908776742320002,81.17992042339174,1.0352933989552078,30.828266143798828,74.96530151367188,6.801400661468506,43.41691589355469,1.1320425271987915
2025-01-24 08:00:00,30.899996660489197,63.0829143344981,6.879713551930138,698.8998986942845,1.6491149434670822,30.995929718017578,64.55909729003906,6.815768718719482,718.4949951171875,1.572426438331604
2025-01-24 12:00:00,27.079726876641605,68.44824689825256,6.862829519434782,994.0262225223468,1.1301997464407925,27.50051498413086,64.84323120117188,6.80442476272583,946.1090087890625,1.3060925006866455
2025-01-24 16:00:00,24.10633639017369,74.33199122129957,6.870577537627547,780.8647480762792,0.7708142933529315,24.107553482055664,74.43869018554688,6.817471027374268,727.7579345703125,0.7898327112197876
2025-01-24 20:00:00,24.881124628419656,88.35709249214861,6.868168358933021,81.77497198951227,0.36621790908409446,24.207271575927734,84.94075012207031,6.824412822723389,47.36363983154297,0.4567067623138428
2025-01-25 00:00:00,27.821792863459894,84.05668296586023,6.864701525547113,31.102016932189763,0.5964212403728091,27.433975219726562,84.19249725341797,6.824782848358154,35.90935516357422,0.5897533893585205
2025-01-25 04:00:00,31.612329029299627,74.23389195670741,6.901013322719069,43.10781418891598,1.1985359767307409,30.977975845336914,74.75089263916016,6.8291192054748535,42.538909912109375,1.14620840549469
2025-01-25 08:00:00,32.13080973134552,65.10359228532083,6.8973160800760915,738.0512871575645,1.6715502691678328,31.099760055541992,64.44615936279297,6.831847190856934,716.1227416992188,1.5833184719085693
2025-01-25 12:00:00,27.966264997635918,66.10586920316173,6.796569932122335,1000.0,1.278660147594504,27.692533493041992,64.51427459716797,6.834693908691406,946.8435668945312,1.3294810056686401
2025-01-25 16:00:00,24.09088580405571,75.38513542618823,6.868579971488233,767.531016490223,0.7385035375980236,24.25502586364746,74.1822509765625,6.839212894439697,729.4601440429688,0.806185781955719
2025-01-25 20:00:00,24.603911697678274,83.31185181459492,6.799867110816657,64.90352451216665,0.5162986459841741,24.353782653808594,84.73516845703125,6.845726013183594,47.851234436035156,0.469748318195343
2025-01-26 00:00:00,27.59340311194372,85.13816073207066,6.911611537937915,48.27991103558805,0.5486039127984861,27.4792537689209,84.17900848388672,6.829333782196045,34.82854461669922,0.5915160179138184
2025-01-26 04:00:00,31.077441458590027,72.25146946836271,6.918216005607644,69.45558965237704,1.252135031614078,31.062458038330078,74.58914947509766,6.845157623291016,41.232826232910156,1.1575630903244019
2025-01-26 08:00:00,30.569706400429126,64.94970783708455,6.849293732883045,764.506740289542,1.5365002200125608,31.117115020751953,64.37232208251953,6.837676048278809,717.6397705078125,1.587543249130249
2025-01-26 12:00:00,28.32867993064306,60.78836503903942,6.873994729998394,1000.0,1.5107751912237282,27.51169776916504,64.85184478759766,6.80869722366333,944.5160522460938,1.305397391319275
2025-01-26 16:00:00,24.208448282138388,70.62556429663181,6.774260662909017,799.5636929531172,0.8875354061193428,24.207189559936523,74.36012268066406,6.83772087097168,723.4415893554688,0.7982564568519592
2025-01-26 20:00:00,24.49249869287104,83.86210548897233,6.928472168469731,76.07815718672671,0.49596111263038445,24.212627410888672,84.94155883789062,6.828893184661865,47.46466827392578,0.457708477973938
2025-01-27 00:00:00,27.378477719177504,86.95683920257709,6.919952489534694,77.94354509984342,0.4754591552336911,27.49019432067871,84.09249877929688,6.841710567474365,35.151512145996094,0.5962219834327698
2025-01-27 04:00:00,31.57853411347631,74.98380811297766,6.941973065609,91.38473071200988,1.1614260807337597,31.028303146362305,74.61346435546875,6.845153331756592,42.02333068847656,1.15446138381958
2025-01-27 08:00:00,30.979589679551033,63.866790889222244,6.958796009538978,767.0023420609897,1.6214324423977553,31.164167404174805,64.26004791259766,6.849764347076416,717.6634521484375,1.595737099647522
2025-01-27 12:00:00,27.82560432262991,67.25557291240612,6.823263337873285,988.9788864235475,1.225203770931604,27.8399658203125,64.3661117553711,6.853503704071045,941.6030883789062,1.34450101852417
2025-01-27 16:00:00,24.871270083962628,72.05497209236292,6.928871012604046,774.8540574252228,0.8784711675578679,24.325708389282227,74.21784973144531,6.8499650955200195,721.3958129882812,0.8084162473678589
2025-01-27 20:00:00,24.82773672445933,79.42272958971496,6.958434024743046,47.470890296549705,0.6451835354138731,24.59600067138672,84.40449523925781,6.875916481018066,50.014137268066406,0.4907059073448181
2025-01-28 00:00:00,27.916085505547226,79.26166915327724,6.814336187719394,40.26589977921605,0.7800725000392115,27.9020938873291,83.5462875366211,6.881545543670654,34.95603942871094,0.6313833594322205
2025-01-28 04:00:00,30.50713664059009,72.37691315792343,6.88050452067857,39.68173902108953,1.2065930812994754,31.30575942993164,74.14493560791016,6.878686428070068,42.40524673461914,1.1905206441879272
2025-01-28 08:00:00,32.88760744197378,62.80183832356379,6.870894982109384,774.626978925195,1.859358656903003,31.314992904663086,63.98021697998047,6.865175724029541,719.5206909179688,1.6181048154830933
2025-01-28 12:00:00,28.800030026942267,61.030349592651824,6.93183817448043,1000.0,1.5430498808024673,27.829906463623047,64.27122497558594,6.855738639831543,947.5364990234375,1.3463584184646606
2025-01-28 16:00:00,24.824336339112097,74.18541277504646,6.769368027953651,771.2167211713644,0.8092311936884431,24.53355598449707,73.79847717285156,6.884640693664551,727.365234375,0.8342344164848328
2025-01-28 20:00:00,24.086397035872462,87.66297121335926,6.979862966082465,68.62299958575942,0.3700400890670119,24.42591094970703,84.6447525024414,6.860337257385254,48.02310562133789,0.4764559268951416
2025-01-29 00:00:00,27.90067159938059,81.44879867577349,6.887993298825006,64.85303410440137,0.6971771822278696,27.688446044921875,83.82571411132812,6.86237096786499,36.18031692504883,0.6134402751922607
2025-01-29 04:00:00,31.14985908048107,74.73221084287017,6.939424872135594,65.68038082885022,1.144899636790309,31.265779495239258,74.19689178466797,6.879157543182373,41.92030334472656,1.1858454942703247
2025-01-29 08:00:00,32.053497264917524,63.49768024793516,6.890608290150157,761.8215695301268,1.7408570715251739,31.45073699951172,63.721736907958984,6.8907060623168945,719.5582275390625,1.6395384073257446
2025-01-29 12:00:00,28.088719125657494,61.645445334567555,6.91822640458372,987.9502012410641,1.4572814860936565,27.89008140563965,64.23179626464844,6.862088680267334,944.3436889648438,1.3521311283111572
2025-01-29 16:00:00,24.101284135913907,77.05649564661931,6.777549239103929,724.1939964643948,0.6887882632702431,24.43190574645996,74.01482391357422,6.867514133453369,724.09033203125,0.821288526058197
2025-01-29 20:00:00,24.257988515531434,83.5376031156039,6.874376033394701,49.8352798424801,0.4988825336453023,24.48857307434082,84.59898376464844,6.856517791748047,51.05054473876953,0.4779142439365387
2025-01-30 00:00:00,28.548145171604904,81.91027628076662,6.940520725615177,65.80159889652366,0.7059081282915911,27.715978622436523,83.90128326416016,6.849717617034912,34.55209732055664,0.6105114221572876
2025-01-30 04:00:00,32.25170163886795,76.34567397853402,6.912569282383678,52.148200757490386,1.1408064315318374,31.249181747436523,74.22689819335938,6.87465763092041,43.4030876159668,1.1829376220703125
2025-01-30 08:00:00,32.21581849720083,63.22180573893219,6.816290610411655,792.5923329373483,1.7701606592566845,31.32904052734375,63.968875885009766,6.87127161026001,719.2188110351562,1.6189453601837158
2025-01-30 12:00:00,28.366067132846943,64.80148040010059,6.901203909741824,1000.0,1.3591025789068962,27.651016235351562,64.60883331298828,6.836441516876221,945.0183715820312,1.3208012580871582
2025-01-30 16:00:00,24.397137050780884,76.61408028687234,6.857195548754918,752.3897497982078,0.7146243852637761,24.345298767089844,74.16949462890625,6.860405921936035,722.0597534179688,0.8123260736465454
2025-01-30 20:00:00,22.90269257251764,84.8450131423051,6.852861702489321,51.28691372824305,0.42327043671641285,24.548402786254883,84.47138977050781,6.869665622711182,50.3891716003418,0.48632779717445374
2025-01-31 00:00:00,28.16592189960832,85.75075934469487,6.8265665694897955,77.23591687357143,0.5438367977501732,27.75060272216797,83.83778381347656,6.853579521179199,35.23609161376953,0.6142450571060181
2025-01-31 04:00:00,31.480529123419913,72.27541808487479,6.933536414250987,37.94372568121585,1.2800347558315774,31.079299926757812,74.4881362915039,6.848501205444336,41.999996185302734,1.163885235786438
2025-01-31 08:00:00,31.55143455100264,62.08360139481944,6.958252005352413,756.3154287566423,1.7576412493809812,31.214954376220703,64.2049789428711,6.848260879516602,718.0233764648438,1.6014012098312378
2025-01-31 12:00:00,28.044290561220816,62.889564213552504,7.008608439863774,991.2894064014567,1.406370177564228,27.69957733154297,64.54376220703125,6.838878631591797,944.4239501953125,1.3278311491012573
2025-01-31 16:00:00,23.890109191591876,73.42070654272227,6.828898863568485,752.4185928549938,0.7878879921294707,24.445566177368164,74.00222778320312,6.869811058044434,723.7891845703125,0.8226258158683777
2025-01-31 20:00:00,24.83194455099205,84.89639603882624,6.940969891216955,60.29460084202095,0.47368004971723243,24.46076774597168,84.61024475097656,6.857906818389893,49.59535598754883,0.47773587703704834
2025-02-01 00:00:00,28.362939371747025,83.49001225266957,6.948683250730711,41.40917134408067,0.6373760114851943,27.882001876831055,83.5927505493164,6.881231307983398,35.587013244628906,0.6289960145950317
2025-02-01 04:00:00,31.852102220898686,71.73939783941775,6.877999448348765,35.19501580944581,1.332538560843997,31.46962547302246,73.8670883178711,6.90717077255249,43.94108200073242,1.2129133939743042
2025-02-01 08:00:00,31.984221331655547,63.87267806882632,6.8611457629391985,731.3669442982534,1.7162419787820151,31.532428741455078,63.5852165222168,6.898138523101807,719.6712646484375,1.6520878076553345
2025-02-01 12:00:00,28.348857037191912,62.42634956943944,6.852737566161319,1000.0,1.4493631165311474,27.92048454284668,64.1055908203125,6.868742942810059,948.4976806640625,1.3580701351165771
2025-02-01 16:00:00,24.377714893823892,73.27728691853481,6.880657020036654,757.4626678294957,0.815641174532996,24.37677764892578,73.99752807617188,6.860832691192627,729.6812133789062,0.818996012210846
2025-02-01 20:00:00,24.5473111756353,83.77640100635013,6.917155762002463,49.17545875822924,0.5002315729474414,24.523536682128906,84.50555419921875,6.873233318328857,47.48612594604492,0.4849386513233185
2025-02-02 00:00:00,28.12157277670329,84.2445615462775,6.97940715198683,91.52521515755653,0.5997732794720352,27.770231246948242,83.77385711669922,6.868032455444336,35.08472442626953,0.6178914308547974
2025-02-02 04:00:00,31.593961682767663,73.88875277460335,6.966668468361996,94.36381302229191,1.2133267534933623,31.260046005249023,74.20368957519531,6.8826422691345215,42.803466796875,1.1844741106033325
2025-02-02 08:00:00,32.03922078620022,61.714670456194014,6.8306307042480565,770.8692396988953,1.8244198738743775,31.387359619140625,63.81745147705078,6.887017250061035,720.2213745117188,1.630131483078003
2025-02-02 12:00:00,28.39784471958784,64.59745533549705,6.871959389031464,985.515892184691,1.3695048470043667,27.871410369873047,64.26463317871094,6.864349365234375,944.1184692382812,1.348095417022705
2025-02-02 16:00:00,25.650580447723822,71.57934102625495,6.976383570176963,770.6469524033453,0.935786979264094,24.477947235107422,73.9929428100586,6.878824234008789,721.134765625,0.824381947517395
2025-02-02 20:00:00,25.715143217881185,80.61731619596078,6.874846909831736,74.66125073731794,0.6406462238392705,24.801816940307617,84.09423828125,6.90913200378418,50.068824768066406,0.5103885531425476
2025-02-03 00:00:00,28.144695417642204,80.346913576002,6.9128848857797776,49.72323604040583,0.7491546909970924,28.03719711303711,83.22573852539062,6.910461902618408,37.04682159423828,0.6483911275863647
2025-02-03 04:00:00,29.650644467243303,77.99039026113309,6.830466147219582,48.08255336799522,0.9153309401026517,31.431623458862305,73.87725830078125,6.906273365020752,43.15215301513672,1.2113243341445923
2025-02-03 08:00:00,32.187388474536625,62.24369744058308,6.973382264725934,729.2313065738796,1.814324925334546,31.418611526489258,63.751258850097656,6.880996227264404,720.2886352539062,1.636480450630188
2025-02-03 12:00:00,27.834682456841712,64.16972103175846,6.8200931836577166,985.7303079245326,1.3413773616336564,28.120685577392578,63.83293914794922,6.892796516418457,945.20458984375,1.3834372758865356
2025-02-03 16:00:00,24.24002705028198,76.23156525597607,6.833590064910955,727.1164851757791,0.7195127573661244,24.4654483795166,73.85208892822266,6.868525981903076,730.5112915039062,0.8279232978820801
2025-02-03 20:00:00,24.441546373702803,82.88286797625015,6.968271446992121,74.78218280430731,0.5244550853073697,24.423349380493164,84.69422149658203,6.848654270172119,49.43370819091797,0.4720613360404968
2025-02-04 00:00:00,27.91008198917493,80.88607851928936,7.016013610865663,59.55141047637282,0.7187188834463885,27.627309799194336,83.9814682006836,6.848830699920654,34.10929489135742,0.6049609184265137
2025-02-04 04:00:00,31.903640032772685,72.7841013552714,6.905479972651089,34.85513555714022,1.2870251034986908,31.205516815185547,74.36215209960938,6.867156505584717,43.051719665527344,1.1733886003494263
2025-02-04 08:00:00,30.817787238156875,64.88924224692528,6.917667386294194,760.3474865856756,1.5610936877395916,31.432504653930664,63.83167266845703,6.886212348937988,718.0128173828125,1.6318838596343994
2025-02-04 12:00:00,27.594543139686436,63.5824871581496,6.965424504876484,1000.0,1.344390823040773,27.80245590209961,64.35904693603516,6.8536481857299805,945.1768188476562,1.3408997058868408
2025-02-04 16:00:00,24.84088117454319,76.18615339433755,6.934482917622204,771.0101096253344,0.7472493146665303,24.53363037109375,73.86430358886719,6.885087490081787,723.6195068359375,0.8319316506385803
2025-02-04 20:00:00,24.980773912651134,78.0565059955806,6.901349617918502,68.73385873700005,0.6943254525599127,24.761817932128906,84.14392852783203,6.904293537139893,50.15605545043945,0.5070116519927979
2025-02-05 00:00:00,28.482371369375606,85.01655622173617,6.899967400966856,31.261735643880982,0.5824666993419427,27.979948043823242,83.42298126220703,6.900866508483887,34.8188591003418,0.6391834616661072
2025-02-05 04:00:00,31.232184022578704,75.23403126686038,6.845900184161891,45.63752969823227,1.1274260550226969,31.407146453857422,73.99650573730469,6.894866943359375,42.41919708251953,1.203122854232788
2025-02-05 08:00:00,31.136569337412237,64.70868754928257,6.935887170642152,726.8561022809077,1.597863760193769,31.449296951293945,63.71547317504883,6.886343479156494,719.8340454101562,1.6399574279785156
2025-02-05 12:00:00,27.90828313001364,56.96577220604134,6.919644240932667,1000.0,1.6179971532118453,28.013198852539062,63.96445846557617,6.878413677215576,947.8565673828125,1.3701496124267578
2025-02-05 16:00:00,24.817435307912213,75.84162460467222,6.902347773080507,771.6892167360315,0.7570008891441833,24.46339225769043,73.87467956542969,6.871809482574463,729.3776245117188,0.8277080059051514
2025-02-05 20:00:00,25.440237616406126,80.28677535411904,6.874149342258021,33.478525197601705,0.6410350074459705,24.532228469848633,84.46728515625,6.875036716461182,48.04301452636719,0.4871602952480316
2025-02-06 00:00:00,27.16573478103615,83.736013871679,6.883391463423558,49.76829566726032,0.5855285230919529,27.769290924072266,83.8062973022461,6.865060806274414,34.399269104003906,0.6163280606269836
2025-02-06 04:00:00,31.543190610580098,72.84402875454971,6.959336852113564,82.57095331540091,1.2582458172992204,31.243309020996094,74.2901611328125,6.8681535720825195,41.645286560058594,1.1795380115509033
2025-02-06 08:00:00,30.98721576854668,64.83401241648393,6.972501188508682,718.8179445132467,1.5787149415329669,31.434293746948242,63.70881271362305,6.890271186828613,721.34912109375,1.6387900114059448
2025-02-06 12:00:00,27.36333203524478,65.73385803151793,6.9120621982736985,991.2996835186028,1.2479890129955473,28.017559051513672,64.00125885009766,6.880629539489746,945.3419189453125,1.368503451347351
2025-02-06 16:00:00,25.20883008145618,74.47243598645433,6.90679402742591,749.9954060258113,0.8187701073513366,24.461862564086914,73.94861602783203,6.870985507965088,725.4877319335938,0.8248040080070496
2025-02-06 20:00:00,24.997664046033442,84.63521095110687,6.885735603757519,88.80983720997477,0.4866546444907374,24.619802474975586,84.3939437866211,6.87982177734375,49.488006591796875,0.49166515469551086
2025-02-07 00:00:00,28.441670498203884,83.34334866112042,6.979384063213251,78.19079257882119,0.6459836407917998,27.78832244873047,83.64545440673828,6.875763416290283,36.16717529296875,0.6236433982849121
2025-02-07 04:00:00,32.1415682752335,73.11949290526493,6.9340928495173335,82.5834319867511,1.2883680345630095,31.409767150878906,73.91419219970703,6.907098293304443,44.73286819458008,1.2067842483520508
2025-02-07 08:00:00,31.441195906984937,61.1566987078781,6.950938110000902,762.0491996172499,1.7893846831793119,31.454383850097656,63.677940368652344,6.89800500869751,720.8175048828125,1.6416431665420532
2025-02-07 12:00:00,28.000634982063488,61.99699391326673,6.950466567539212,992.5373701263524,1.436540277461689,28.046016693115234,64.00870513916016,6.892057418823242,942.232421875,1.3681977987289429
2025-02-07 16:00:00,25.845717433453785,73.52234429716898,6.9171579800078415,782.8681427549595,0.8819453801668847,24.682897567749023,73.69256591796875,6.907253742218018,720.7257690429688,0.8450174927711487
2025-02-07 20:00:00,24.62956659796271,85.2300690765133,6.874275056042367,44.894504372627225,0.45765362879974925,24.862417221069336,83.99578094482422,6.918793678283691,51.068424224853516,0.5161436200141907
2025-02-08 00:00:00,28.61165955340878,84.03010950277567,6.886807366747965,7.022888919613138,0.6254855575299194,28.160362243652344,83.13134765625,6.919106483459473,37.265926361083984,0.6560221910476685
2025-02-08 04:00:00,31.711385882501144,71.90408765293522,6.9930083011646325,16.424960545810066,1.3142637039954237,31.536455154418945,73.734130859375,6.9123921394348145,44.52800750732422,1.2241536378860474
2025-02-08 08:00:00,30.784065846980276,66.14488549341698,6.900329808789731,747.6621817155698,1.5023739978634176,31.62788200378418,63.44384002685547,6.90866231918335,719.565185546875,1.665741205215454
2025-02-08 12:00:00,27.2217789949811,62.34484260256763,6.916095908544842,993.3691050285599,1.3601016877770267,28.068382263183594,63.862205505371094,6.8878493309021,948.3764038085938,1.3776048421859741
2025-02-08 16:00:00,24.49049977177403,75.9189699620635,6.8798944977637,739.2727095049551,0.7399866790751943,24.475618362426758,73.85917663574219,6.8724260330200195,729.150390625,0.8288737535476685
2025-02-08 20:00:00,25.308042507578975,82.01619463613976,6.87581069858594,55.5184522352853,0.5802239666837989,24.508520126342773,84.53936004638672,6.864798545837402,48.981754302978516,0.4821396768093109
2025-02-09 00:00:00,28.665010430098356,85.87082516753374,6.902171440415618,81.17254321509154,0.5551045281439437,27.80229377746582,83.7468032836914,6.867743968963623,34.72003173828125,0.6198294162750244
2025-02-09 04:00:00,32.19200479903013,69.16910861732384,7.025050049479277,68.70836999840948,1.4819202166589842,31.288127899169922,74.1460952758789,6.8832502365112305,43.72209167480469,1.1885493993759155
2025-02-09 08:00:00,31.24144312744995,67.16464340066211,6.973531559826675,762.9710040714973,1.4955571386833482,31.40707015991211,63.80583953857422,6.889089107513428,721.004150390625,1.631081223487854
2025-02-09 12:00:00,29.078800846841506,61.15887007141082,6.914290246695873,978.4042484551977,1.5629496004467254,28.01090431213379,64.0540542602539,6.888728618621826,942.9052734375,1.3633445501327515
2025-02-09 16:00:00,24.324316336549412,73.2545669831524,6.994773529994654,739.6110162149782,0.8137293934529276,24.68483543395996,73.64297485351562,6.904850959777832,723.818359375,0.8465805649757385
2025-02-09 20:00:00,24.913175185977586,83.51991485900481,6.933014746602232,74.42631380121574,0.519358621372064,24.94525146484375,83.92778778076172,6.926723003387451,50.861358642578125,0.5206311345100403
2025-02-10 00:00:00,28.292082977116095,81.66771770872445,7.012305870660086,64.92128337813824,0.7048199019083445,28.27685546875,82.91751861572266,6.936748504638672,37.42844009399414,0.66793292760849
2025-02-10 04:00:00,31.674423827050422,72.84370625681974,7.055175385830305,65.10411481067653,1.267653893470451,31.66344451904297,73.45698547363281,6.943826675415039,45.85629653930664,1.2455859184265137
2025-02-10 08:00:00,32.43065680635552,60.37876225992501,6.995996955273804,762.274477586933,1.9302348331638006,31.711509704589844,63.23297882080078,6.929901123046875,721.3856201171875,1.6823201179504395
2025-02-10 12:00:00,27.944703861986987,62.18081714506115,6.949316416071623,1000.0,1.4249425885542144,28.313692092895508,63.516136169433594,6.9314446449279785,944.3786010742188,1.4098917245864868
2025-02-10 16:00:00,24.158354879076246,75.23623958198678,6.979554361986312,781.6381235331133,0.745982743651283,24.868366241455078,73.39171600341797,6.935165882110596,722.0010986328125,0.8641771078109741
2025-02-10 20:00:00,24.84315525003542,81.43213613433984,6.945342429274604,42.56831048127699,0.5827158291750618,25.025463104248047,83.75550079345703,6.946643829345703,50.365447998046875,0.5306995511054993
2025-02-11 00:00:00,28.123355869341292,81.7785777259771,6.856690467273931,41.23143323634707,0.6937195610313482,28.431352615356445,82.72547912597656,6.954767227172852,37.416160583496094,0.6809690594673157
2025-02-11 04:00:00,33.47606231116363,67.54032403376173,6.915759114762081,16.960947611855694,1.6768783140439725,31.655174255371094,73.49652099609375,6.935086250305176,44.876216888427734,1.2432347536087036
2025-02-11 08:00:00,32.125624589842296,61.303701755313874,6.900910805690023,764.972065820012,1.8530238575218765,31.691707611083984,63.29011917114258,6.921323776245117,720.2957153320312,1.6782070398330688
2025-02-11 12:00:00,28.118598948875245,65.94530563613498,6.91465083338114,988.5989147693772,1.296159583711598,28.117956161499023,63.762123107910156,6.902235507965088,949.3494873046875,1.3836332559585571
2025-02-11 16:00:00,24.33111183675326,72.31146496466417,7.0381739571046555,775.320118389925,0.8427660753318773,24.64147186279297,73.6365966796875,6.900902271270752,727.706298828125,0.8446440696716309
2025-02-11 20:00:00,23.91902341606241,83.1581983455319,7.004597872615417,66.09986230494165,0.5001080711898513,24.822072982788086,84.08260345458984,6.919219017028809,47.94204330444336,0.5124498009681702
2025-02-12 00:00:00,27.836277694797175,84.1334273507673,6.974377325721966,49.83090933486028,0.5940517733591393,28.155757904052734,83.15337371826172,6.922966003417969,36.574005126953125,0.6556974053382874
2025-02-12 04:00:00,31.870459738683213,71.95271752437613,6.992950233172452,43.8452269390228,1.3238541729834155,31.605031967163086,73.62419891357422,6.931612014770508,43.45127868652344,1.2335638999938965
2025-02-12 08:00:00,32.52665317860103,66.16632909879776,6.857727411354591,766.9302317428204,1.657214698215435,31.674957275390625,63.33979797363281,6.918686866760254,719.4426879882812,1.674676775932312
2025-02-12 12:00:00,28.90973180885985,61.8103463573577,6.9887422713043605,998.9222514491134,1.5217924636441236,28.196542739868164,63.63259506225586,6.911067008972168,949.2879028320312,1.395878553390503
2025-02-12 16:00:00,24.999333038351327,73.67143713490776,6.999314301459992,755.3560447271603,0.8339972141753892,24.872806549072266,73.28334045410156,6.931478023529053,727.4990234375,0.8685896396636963
2025-02-12 20:00:00,24.723201789676896,85.30273488508331,6.84034572626552,73.75357283507155,0.4579554174634972,24.964916229248047,83.82501983642578,6.937252044677734,49.66759490966797,0.5261925458908081
2025-02-13 00:00:00,28.508511712653412,84.58638816274558,6.99437766785607,67.46621699513372,0.6000983451483122,28.128515243530273,83.15050506591797,6.9221062660217285,37.25802993774414,0.6542451977729797
2025-02-13 04:00:00,31.578888150842804,73.59824293685055,6.884912148033746,37.23364776025798,1.2257782785422116,31.583227157592773,73.58899688720703,6.932687759399414,44.7077751159668,1.2344660758972168
2025-02-13 08:00:00,32.69738914746703,61.13166130542745,6.857615562344798,760.4253606936247,1.9221920493718048,31.62790870666504,63.381690979003906,6.911908149719238,720.3167114257812,1.6696609258651733
2025-02-13 12:00:00,28.279510443809798,67.12879140704382,7.022431741010079,1000.0,1.2628740961959934,28.18257713317871,63.67909240722656,6.908102035522461,947.9347534179688,1.3929485082626343
2025-02-13 16:00:00,24.866834990186216,73.00022696409214,6.905763377786483,757.2045807236627,0.8485320137305892,24.746877670288086,73.4994125366211,6.913312911987305,725.8285522460938,0.8554027080535889
2025-02-13 20:00:00,23.802092706799247,83.91348073094417,6.920318493197881,68.88773449699531,0.47433599063018494,24.74053382873535,84.17933654785156,6.899949073791504,49.73179244995117,0.504482090473175
2025-02-14 00:00:00,28.301199230841913,81.75650317714909,7.009317725253362,77.40096033266842,0.7017779481867348,28.015274047851562,83.37288665771484,6.904122352600098,35.794288635253906,0.6423161029815674
2025-02-14 04:00:00,32.28126033822352,68.62450308725121,6.944575584502874,46.9046785108122,1.5157095174783848,31.466951370239258,73.82820892333984,6.915244102478027,43.387115478515625,1.2152589559555054
2025-02-14 08:00:00,31.329156980721773,65.14949603339167,6.95082922942904,741.3288542472407,1.595270887169355,31.63300132751465,63.38177490234375,6.916502952575684,720.546630859375,1.6695291996002197
2025-02-14 12:00:00,28.023556486856886,58.76852847551301,6.9497331527935975,1000.0,1.5606598487936059,28.173824310302734,63.74515914916992,6.908120155334473,945.000732421875,1.3893523216247559
2025-02-14 16:00:00,25.33117054783237,72.49179849644159,6.977217436664233,776.5151992666875,0.8887366876971116,24.656463623046875,73.66740417480469,6.904445171356201,724.7877197265625,0.8444002866744995
2025-02-14 20:00:00,24.196486427206512,83.79554909064747,6.94852077729596,66.02768145358077,0.4892593613445025,24.88222885131836,83.9609603881836,6.927024841308594,49.41785430908203,0.5187560319900513
2025-02-15 00:00:00,28.95221374833451,86.55160976196113,6.969203290402487,76.23138402908634,0.5372133041589482,28.22629165649414,83.01493835449219,6.937586307525635,36.87363815307617,0.6629400849342346
2025-02-15 04:00:00,31.62134291461475,69.40468317065063,6.938319080413897,43.82472708613129,1.423898562607803,31.57073974609375,73.62225341796875,6.931581974029541,45.2873420715332,1.23136305809021
2025-02-15 08:00:00,31.693130749455705,61.15809730184775,6.9810879661785,738.0223747512952,1.8150595135118959,31.648906707763672,63.36016845703125,6.917165279388428,720.11328125,1.671862244606018
2025-02-15 12:00:00,27.86137404200075,63.43574601963557,6.979189138279761,975.0618069679413,1.370986656698979,28.28346061706543,63.52712631225586,6.9221014976501465,946.94873046875,1.4075651168823242
2025-02-15 16:00:00,25.148234759639738,72.38258918560206,7.058391278568742,755.7132276319954,0.8826126806245417,24.839996337890625,73.36427307128906,6.924650192260742,726.5100708007812,0.8635613322257996
2025-02-15 20:00:00,26.189147621940485,80.11718938546919,6.9444344392008475,65.40787456925283,0.6758581796454743,25.03154182434082,83.76636505126953,6.94337797164917,49.88235092163086,0.5300835371017456
2025-02-16 00:00:00,28.838036696322146,82.08096913671245,6.957884935598524,74.84812240588562,0.7110876674899749,28.36847496032715,82.80128479003906,6.950812816619873,36.99207305908203,0.6755425930023193
2025-02-16 04:00:00,31.479247060759306,70.76200395112156,6.979034427785625,65.29887474113968,1.349810411144825,31.688247680664062,73.40164184570312,6.947632789611816,45.44329833984375,1.2501646280288696
2025-02-16 08:00:00,32.479199984475315,62.49558578127691,7.015314993704509,771.3317581221443,1.832111100148217,31.792333602905273,63.0102653503418,6.943758964538574,723.603515625,1.6997177600860596
2025-02-16 12:00:00,28.2889483036247,58.42360686040779,6.912513953829913,1000.0,1.5981934239691356,28.416078567504883,63.321449279785156,6.947236061096191,945.120361328125,1.4268511533737183
2025-02-16 16:00:00,25.67042895216785,71.94281785999371,6.972272037577527,799.1846241043522,0.9249064087056335,24.943906784057617,73.2628402709961,6.94573450088501,723.1028442382812,0.8724232912063599
2025-02-16 20:00:00,25.386524662536253,81.21949961766848,6.84170190968602,85.55905681117906,0.6087600028384279,25.047683715820312,83.70655822753906,6.952877998352051,49.95465087890625,0.5341207981109619
2025-02-17 00:00:00,26.999263263192105,87.03368099072512,6.957048511053076,84.17444796599261,0.4622733999431605,28.188785552978516,82.93595886230469,6.943465232849121,38.19710159301758,0.6643767356872559
2025-02-17 04:00:00,31.432895844588213,76.86127837438428,7.024261458394164,77.68297363524863,1.065423796788914,31.573287963867188,73.58226013183594,6.935434818267822,43.8948860168457,1.2344504594802856
2025-02-17 08:00:00,32.40712827248342,61.22720325377416,6.9343179850718295,732.1154922266777,1.8863992044933586,31.698230743408203,63.21623992919922,6.9279608726501465,721.186767578125,1.6831687688827515
2025-02-17 12:00:00,28.54666268200048,65.46145783528215,6.979466987653461,1000.0,1.3476680036167177,28.26316261291504,63.62512969970703,6.913007736206055,943.6674194335938,1.402969241142273
2025-02-17 16:00:00,24.494854456936295,73.12548575333474,6.944179828170015,794.9511044754274,0.8260428063659937,24.83503532409668,73.35939025878906,6.920217037200928,726.3496704101562,0.8639279007911682
2025-02-17 20:00:00,24.689937673043314,81.53284044417684,6.927654997002511,70.04383448925235,0.5742808571564062,24.79970359802246,84.05614471435547,6.913557529449463,49.3260612487793,0.5122562050819397
2025-02-18 00:00:00,27.54082586534842,87.6805684663486,7.022665926222372,49.60640182079675,0.45335992821183524,28.094783782958984,83.1689224243164,6.924672603607178,36.198974609375,0.6528624892234802
2025-02-18 04:00:00,31.913859146767663,73.67076416931651,6.9218286918166845,75.39738330550382,1.2458150019249437,31.626232147216797,73.57606506347656,6.9347243309021,44.29334259033203,1.2369489669799805
2025-02-18 08:00:00,33.06339065353875,60.913791064911514,6.988739891002122,730.2079033185039,1.973095685656692,31.64807891845703,63.32436752319336,6.918706893920898,720.1197509765625,1.6743582487106323
2025-02-18 12:00:00,28.896410870759276,63.52973864405839,6.989509207347275,982.8761160262642,1.452158489208315,28.28207015991211,63.5522575378418,6.921706199645996,945.728271484375,1.4064316749572754
2025-02-18 16:00:00,26.125051060849568,71.86085347898599,6.931501650457036,758.2579852417571,0.9528952127256227,24.912485122680664,73.21028900146484,6.931441783905029,728.8294677734375,0.8724281787872314
2025-02-18 20:00:00,25.47104110515035,82.15499952639144,6.981875889156848,65.31936599282743,0.5813460567498208,25.014446258544922,83.757568359375,6.94476318359375,49.596397399902344,0.5300461053848267
2025-02-19 00:00:00,29.03035128863347,79.3016034124338,6.93074435067017,51.70793807208687,0.8305663907522921,28.344194412231445,82.77649688720703,6.955430030822754,37.49227523803711,0.6758660674095154
2025-02-19 04:00:00,32.96775257596739,70.50729766172638,7.0035813362890265,43.60299584048299,1.480845204386532,31.744247436523438,73.2918472290039,6.955204963684082,45.75326919555664,1.2595574855804443
2025-02-19 08:00:00,32.16934486176599,63.49249355426795,6.911744456811424,721.4724981766363,1.7525303510369836,31.911602020263672,62.83108901977539,6.961137294769287,722.6226196289062,1.7171521186828613
2025-02-19 12:00:00,28.422997956203684,62.61996021432085,6.960511467383976,997.4141197892799,1.4481146390090198,28.411930084228516,63.305782318115234,6.9395527839660645,946.5956420898438,1.428060531616211
2025-02-19 16:00:00,25.568838760130376,73.9513933820652,6.964853159560674,711.0794536227829,0.8535374503275088,24.951995849609375,73.14224243164062,6.940716743469238,729.3826293945312,0.8769260048866272
2025-02-19 20:00:00,25.779430120380315,82.59816486716312,7.033139509454102,44.79696902487166,0.5773683919390304,25.114572525024414,83.6876449584961,6.952129364013672,50.63432312011719,0.5349093079566956
2025-02-20 00:00:00,28.29884733241177,81.29545636521152,6.987826601650776,66.96767432437336,0.7194148694483262,28.525863647460938,82.58185577392578,6.9611735343933105,38.112491607666016,0.6896664500236511
2025-02-20 04:00:00,31.64214672773561,70.39843599273233,7.028575122570785,33.99264157275793,1.3792745129160529,31.757692337036133,73.29403686523438,6.954554557800293,46.264827728271484,1.2599272727966309
2025-02-20 08:00:00,32.07235928512107,62.07710407245807,7.008559000489676,729.8548416592282,1.8105346122788282,31.8040771484375,63.07389831542969,6.940502643585205,721.8464965820312,1.696657419204712
2025-02-20 12:00:00,28.954579087233704,61.01967447294027,7.008239598109969,998.7981664468062,1.5573323439208284,28.403139114379883,63.31771469116211,6.944341659545898,946.5547485351562,1.4259532690048218
2025-02-20 16:00:00,25.473773562960904,72.96198327480202,6.9642277885536785,746.0684602589916,0.8809746895153833,25.069236755371094,72.98756408691406,6.957832336425781,728.378662109375,0.8885947465896606
2025-02-20 20:00:00,24.362644238536323,82.51975832467006,7.031869742241426,59.39221465483672,0.5330577787199444,25.18671417236328,83.52803039550781,6.96732759475708,50.357521057128906,0.5442296266555786
2025-02-21 00:00:00,29.516394735673213,79.99462324498043,6.966280234856133,59.539507163237346,0.825577612910371,28.476261138916016,82.65010833740234,6.967295169830322,37.501991271972656,0.6866385340690613
2025-02-21 04:00:00,31.704110852580886,75.0499731563185,6.897597481324728,32.632501676546916,1.1666254961018727,31.833049774169922,73.1538314819336,6.968374252319336,46.98514938354492,1.2712385654449463
2025-02-21 08:00:00,31.892160818835023,62.95816470900327,6.973349396897889,764.173201345508,1.7505515489283696,31.859256744384766,62.94044876098633,6.947089672088623,721.668212890625,1.7083326578140259
2025-02-21 12:00:00,28.10926452214764,61.93064908592395,7.006762575553436,993.625451532759,1.4481752540048944,28.3837890625,63.336212158203125,6.93791389465332,947.6395263671875,1.4240615367889404
2025-02-21 16:00:00,26.445654504972342,70.86680186001153,6.903757469385592,738.0760539582461,1.0053918394231958,24.918447494506836,73.25422668457031,6.938544273376465,725.6339111328125,0.8718575835227966
2025-02-21 20:00:00,25.21752542214778,85.4315343527817,6.939833637385214,15.005884789506133,0.46751009435293556,25.03256607055664,83.76078033447266,6.94331169128418,50.58264923095703,0.5299996733665466
2025-02-22 00:00:00,28.156403773172777,83.85296771679029,6.925754275018165,58.613231144389715,0.6159269230195967,28.391714096069336,82.87369537353516,6.940062046051025,36.96942138671875,0.6731413006782532
2025-02-22 04:00:00,32.477954703632534,72.96896956340144,7.026619552262481,63.590005048936206,1.3203879982612063,31.598054885864258,73.57490539550781,6.925097465515137,45.905887603759766,1.2360564470291138
2025-02-22 08:00:00,32.430560818306326,60.34968969948563,7.070926828877658,752.8314427086514,1.9316407220438858,31.762310028076172,63.072025299072266,6.93794059753418,723.6661376953125,1.6943939924240112
2025-02-22 12:00:00,28.488027801723614,64.82079705168378,6.976798739316372,1000.0,1.368005889759686,28.36259651184082,63.4362907409668,6.940985202789307,943.7053833007812,1.417035460472107
2025-02-22 16:00:00,25.538093054767494,76.82906493877637,7.013860215180446,743.2191267183954,0.7578611294450015,24.940204620361328,73.25235748291016,6.941207408905029,723.7320556640625,0.8730890154838562
2025-02-22 20:00:00,24.705143717960368,81.85934913803374,7.012559665322019,52.52073286860227,0.5646396549166073,25.15751838684082,83.55848693847656,6.958939552307129,52.092491149902344,0.5417315363883972
2025-02-23 00:00:00,28.356263038874726,80.60181749294394,7.068098173774401,30.784534988279894,0.7485858877514017,28.574310302734375,82.49813842773438,6.969057083129883,38.26325988769531,0.6956795454025269
2025-02-23 04:00:00,31.061715464204074,74.25851129136417,6.957780681254773,62.53052855654446,1.16052958444903,32.001346588134766,72.88690185546875,6.986597537994385,47.7327995300293,1.295437216758728
2025-02-23 08:00:00,31.404848249377327,65.14373772562284,6.9794143782144875,740.1779696264613,1.6024058984112615,31.949186325073242,62.763221740722656,6.960352420806885,722.68603515625,1.7236297130584717
2025-02-23 12:00:00,29.506537579184695,61.05741428712243,6.9733698939812,977.504015972519,1.606162618998681,28.3787899017334,63.351139068603516,6.937795162200928,947.1776733398438,1.4230093955993652
2025-02-23 16:00:00,25.959334875072756,69.45458489530554,6.9941766884544165,765.0943847857092,1.0243001245568144,25.016712188720703,73.0387954711914,6.947443008422852,730.1426391601562,0.8838282227516174
2025-02-23 20:00:00,25.17151488553608,82.52555934813508,7.115624166558244,23.09267020777902,0.5592319598591908,25.094919204711914,83.63981628417969,6.958004474639893,48.835575103759766,0.537714958190918
2025-02-24 00:00:00,29.454543841609638,82.51436878314047,6.995002273462075,76.39418818810948,0.7190280341726845,28.544702529907227,82.57292175292969,6.970302581787109,37.327022552490234,0.6920695304870605
2025-02-24 04:00:00,32.00714248984832,71.6752226113354,6.950726185071856,80.5314510289063,1.347323221667359,31.804241180419922,73.19664001464844,6.96145486831665,47.97303771972656,1.2672297954559326
2025-02-24 08:00:00,31.965474581868524,63.76629816270707,6.935736856357552,739.4552233983238,1.7194727505468883,31.912696838378906,62.75461959838867,6.964110851287842,724.7959594726562,1.7215627431869507
2025-02-24 12:00:00,28.6513334422475,64.85242140710858,7.056093968067861,1000.0,1.3797780739059688,28.546863555908203,63.06764221191406,6.960218906402588,946.7453002929688,1.4496264457702637
2025-02-24 16:00:00,25.096515705215186,73.33568769371813,6.950498992503305,739.0331977582998,0.8495343090174022,25.1583251953125,72.9128189086914,6.970671653747559,725.4725952148438,0.8978834748268127
2025-02-24 20:00:00,25.05137834109688,82.8670369457981,7.026641065662163,41.09782414414852,0.5443973699100795,25.197965621948242,83.53184509277344,6.964852333068848,51.54064178466797,0.5438607931137085
2025-02-25 00:00:00,29.2146521601796,83.33670961018316,6.962458399527793,29.460534125948545,0.6758023039845988,28.54149627685547,82.56282043457031,6.961095333099365,38.0753288269043,0.6912049651145935
2025-02-25 04:00:00,32.182122548720685,70.51461452204451,6.933108329161565,59.37923225855844,1.416456894038959,31.777040481567383,73.28768157958984,6.949620246887207,46.746490478515625,1.2612818479537964
2025-02-25 08:00:00,32.46329560395949,59.895636926674925,7.026702946005815,730.8268451316303,1.9573662122635649,31.80548095703125,63.00228500366211,6.942562580108643,722.9216918945312,1.701319932937622
2025-02-25 12:00:00,29.15864336924349,61.228890376276794,6.9649057226525475,984.1670751423633,1.5673407259699106,28.414997100830078,63.28864288330078,6.946977138519287,947.0020141601562,1.4280177354812622
2025-02-25 16:00:00,25.372944389294442,71.4568245064294,7.017714247952669,748.6925158381973,0.9244660082335262,24.991168975830078,73.0899429321289,6.946969032287598,729.365966796875,0.8807656764984131
2025-02-25 20:00:00,24.693715828512957,81.85274230664962,7.0214071130330264,58.157198156781504,0.5644600520749501,25.155298233032227,83.5835189819336,6.965059757232666,49.34728240966797,0.5415794849395752
2025-02-26 00:00:00,27.985908308249595,87.18207448762315,7.026664450160366,88.92825826365534,0.4841112609543723,28.47299575805664,82.64682006835938,6.966531276702881,37.73990249633789,0.6864092350006104
2025-02-26 04:00:00,32.20083318527303,76.54273664107905,6.985943753712584,70.30852970044484,1.1280606025471211,31.816017150878906,73.15580749511719,6.9678144454956055,46.87029266357422,1.270775318145752
2025-02-26 08:00:00,32.040814715456904,61.731367842303484,7.0336603657349785,761.0198448273587,1.8237884041619208,31.938444137573242,62.76430892944336,6.963247776031494,722.306396484375,1.7231656312942505
2025-02-26 12:00:00,28.70603696719168,62.62438244870922,6.953223871487339,997.0690076591815,1.471900495885508,28.479328155517578,63.21870803833008,6.952103614807129,945.07666015625,1.4371989965438843
2025-02-26 16:00:00,25.190212617969568,72.33899543291807,6.876646675356536,741.9196809164084,0.8862161735904067,25.014877319335938,73.13912200927734,6.950782299041748,724.0860595703125,0.8804131746292114
2025-02-26 20:00:00,26.490026467677144,82.9799587787206,7.034695796565748,53.301686660137634,0.5889018443600733,25.051372528076172,83.72776794433594,6.945107936859131,51.27885818481445,0.5314810276031494
2025-02-27 00:00:00,28.016123683448292,86.08710559850766,7.010465046932217,40.62397664225243,0.5263916422510575,28.47266387939453,82.57862854003906,6.961949348449707,38.3016471862793,0.6883527040481567
2025-02-27 04:00:00,31.150365291496147,70.2199244653765,6.971681609489645,45.78900408627675,1.3493930537171495,31.792137145996094,73.24435424804688,6.954657077789307,46.835243225097656,1.2645223140716553
2025-02-27 08:00:00,32.31152684316651,62.98473133538149,6.928627883591591,748.4241370513697,1.7912137935227945,31.828044891357422,63.00664520263672,6.942107677459717,721.9722290039062,1.7023075819015503
2025-02-27 12:00:00,28.493025533974862,60.14681901671541,6.900356606748576,982.4323281175717,1.5502112187509436,28.29744529724121,63.49281311035156,6.925995826721191,947.1729125976562,1.4098937511444092
2025-02-27 16:00:00,25.375169130996177,75.95379061925628,7.0047726891007915,733.6614913512145,0.77891967082192,24.84524917602539,73.30611419677734,6.927692890167236,729.0166625976562,0.8658839464187622
2025-02-27 20:00:00,25.509076707273202,83.116880999511,7.084624819976841,71.95711024764633,0.5512531971437324,25.078092575073242,83.70389556884766,6.949259281158447,50.234615325927734,0.5336352586746216
2025-02-28 00:00:00,29.341686530644502,79.84077112730797,6.998017256636709,36.68315380308348,0.8235963769681831,28.3564395904541,82.79876708984375,6.950867652893066,37.07864761352539,0.6757190227508545
2025-02-28 04:00:00,31.410122888000842,72.90217289212303,6.986878358123681,45.464412674725,1.2461094997525204,31.746252059936523,73.36714172363281,6.949845790863037,45.48752212524414,1.2549500465393066
2025-02-28 08:00:00,31.88537684926423,62.09398020957134,7.0037267353334665,775.4654765304,1.7907046697896822,31.825916290283203,63.02383804321289,6.943321228027344,721.6207275390625,1.701157569885254
2025-02-28 12:00:00,28.914014812495438,63.17920366702848,7.113905383053697,992.1572158072653,1.4676092844583333,28.409774780273438,63.3086051940918,6.945691108703613,946.494873046875,1.426872968673706
2025-02-28 16:00:00,25.620764365760916,74.15267865971357,7.042540338790915,777.5205202547955,0.849553654954058,25.20960235595703,72.84176635742188,6.975287914276123,725.0899658203125,0.9034713506698608
2025-02-28 20:00:00,26.332257343061496,78.70519940146434,6.958266364873239,39.03633845485271,0.7299920561661898,25.343549728393555,83.25309753417969,6.988670349121094,52.166194915771484,0.5607191920280457
2025-03-01 00:00:00,29.19537990210854,85.38443914866141,7.0090343826778465,70.34069350822756,0.5920950731756536,28.644763946533203,82.38478088378906,6.981668472290039,38.35368347167969,0.7034609913825989
2025-03-01 04:00:00,32.15323523374622,75.48152736502234,7.024251033040488,77.99908605143962,1.1759311861294277,31.94306755065918,72.91465759277344,6.982337951660156,48.193214416503906,1.2910393476486206
2025-03-01 08:00:00,31.736411655218028,61.14473538199087,6.954812244153799,731.8805693033024,1.8201395137920229,32.071258544921875,62.47410583496094,6.986498832702637,725.10693359375,1.7472412586212158
2025-03-01 12:00:00,28.435382990192096,62.992529103436475,7.045586018599869,1000.0,1.4347121037865729,28.630979537963867,62.91276550292969,6.972787857055664,947.343994140625,1.463330864906311
2025-03-01 16:00:00,24.9570748899353,76.48600475332569,6.966738747625524,742.1930043405749,0.7429687015122616,25.131206512451172,72.94159698486328,6.965378761291504,725.9940185546875,0.8944361805915833
2025-03-01 20:00:00,25.581043115670735,84.59427249984887,6.932081899115738,71.5218395911351,0.5051666008866982,25.1956729888916,83.5210952758789,6.962952136993408,52.272945404052734,0.5440005660057068
2025-03-02 00:00:00,28.863411432252107,81.53139679152603,7.014043584110868,46.49288430850409,0.7339732620274356,28.46324920654297,82.6087875366211,6.959181785583496,38.81093978881836,0.6866860389709473
2025-03-02 04:00:00,31.537189539175852,74.82289532037197,7.006129113444362,94.49966198550204,1.1661600546087598,31.769756317138672,73.27425384521484,6.956011772155762,46.58201217651367,1.2614673376083374
2025-03-02 08:00:00,31.98106359005173,68.52280119836068,7.0101858113087445,756.0671942057197,1.4950692959305751,31.789243698120117,63.006126403808594,6.943952560424805,723.3146362304688,1.7002114057540894
2025-03-02 12:00:00,29.173686486184906,61.94979023442507,6.97200467553574,1000.0,1.539534120213446,28.38292121887207,63.40255355834961,6.940430164337158,943.8729858398438,1.4208117723464966
2025-03-02 16:00:00,25.44664227180847,71.06474008940725,6.978981275525327,773.581440225695,0.9412751355246144,24.96261215209961,73.21265411376953,6.942386150360107,724.1192626953125,0.8755538463592529
2025-03-02 20:00:00,25.555133402327826,82.51213960069107,7.066659239437335,74.89164647557048,0.5725609619102676,25.11237144470215,83.60321807861328,6.957573890686035,50.56208419799805,0.5393534302711487
2025-03-03 00:00:00,28.943244265317116,82.57823779301897,7.03482179229331,49.71562474602902,0.6955739960806095,28.494792938232422,82.4597396850586,6.974623203277588,39.316951751708984,0.6952619552612305
2025-03-03 04:00:00,33.02910039273067,69.9072759329038,6.964930207714408,71.09314204737795,1.516181055999854,31.87024688720703,73.09676361083984,6.972193717956543,47.16143035888672,1.2764949798583984
2025-03-03 08:00:00,32.33390655733842,62.8823902996208,6.915232666822267,743.6664536550686,1.798433725895897,31.94569206237793,62.75767135620117,6.967547416687012,722.46337890625,1.723690152168274
2025-03-03 12:00:00,28.55877201135314,60.15303986351528,6.9670466914376625,1000.0,1.5558905706098018,28.524274826049805,63.1007080078125,6.9558186531066895,947.3966064453125,1.446330189704895
2025-03-03 16:00:00,24.829804274583953,71.92422585410672,7.020632465151282,752.9544155600365,0.8804015661458542,25.084796905517578,72.9858169555664,6.961101055145264,727.4853515625,0.8896193504333496
2025-03-03 20:00:00,25.412486524255588,83.89775976592621,6.981170925625551,45.638939031066414,0.522750932518655,25.215261459350586,83.49758911132812,6.972100257873535,50.41277313232422,0.5466987490653992
2025-03-04 00:00:00,27.547783012499185,80.66858377816672,6.979737742724168,48.3698450153861,0.7116929546997399,28.523387908935547,82.55550384521484,6.964601039886475,39.00644302368164,0.6912253499031067
2025-03-04 04:00:00,32.14009213410812,74.09619698282737,6.9857622310364755,50.97201035039536,1.2414516891383243,31.735055923461914,73.36237335205078,6.94925594329834,44.88909149169922,1.2552392482757568
2025-03-04 08:00:00,32.12931670506381,58.28206221099288,7.011584874846195,729.795431822257,1.9981355460526466,31.783870697021484,63.08613586425781,6.936380386352539,721.4189453125,1.6954413652420044
2025-03-04 12:00:00,28.085899593078082,59.90850145263024,7.054451648630926,1000.0,1.5230267864315699,28.392906188964844,63.31529235839844,6.940089225769043,948.0098266601562,1.4255281686782837
2025-03-04 16:00:00,24.839900485420976,72.24219178575676,7.0151992927857245,754.449704265527,0.870955054944142,24.995803833007812,73.12802124023438,6.9491729736328125,726.5760498046875,0.8799799680709839
2025-03-04 20:00:00,25.708862169823096,82.51043443090406,7.018317104058892,73.06053273730086,0.5778588598644618,25.102556228637695,83.6563491821289,6.957403659820557,49.58319854736328,0.536950945854187
2025-03-05 00:00:00,28.89931856745658,84.80154935506991,7.006351385743724,68.76484944098101,0.6052676911603294,28.44452667236328,82.64634704589844,6.967113018035889,37.9723014831543,0.6857513785362244
2025-03-05 04:00:00,32.29895847491052,72.16680781395341,6.992626562330128,33.119980005322574,1.3459278771183647,31.863235473632812,73.09376525878906,6.973636150360107,47.07041549682617,1.2763456106185913
2025-03-05 08:00:00,32.40123807502287,61.405035672313716,7.062306447503861,733.333896881615,1.8771241556009048,32.00822830200195,62.699405670166016,6.969484806060791,721.2774047851562,1.730939507484436
2025-03-05 12:00:00,28.83027648689356,63.41374776562927,7.0547145073300745,1000.0,1.4512142959424232,28.562707901000977,63.019474029541016,6.96513557434082,948.2286376953125,1.452460527420044
2025-03-05 16:00:00,25.9412923592105,69.84626382024838,7.119858399821167,765.7017820150652,1.0100873884123622,25.188831329345703,72.80821228027344,6.970312595367432,728.8526000976562,0.9023066163063049
2025-03-05 20:00:00,25.381575668633168,82.70646681574306,7.048122618857327,36.27260421470043,0.5603960065403886,25.398273468017578,83.16506958007812,6.997940540313721,50.82210922241211,0.5667885541915894
2025-03-06 00:00:00,28.070155182395112,80.99587471049662,6.9949685448053,61.25876745087982,0.7212822415180256,28.766868591308594,82.19446563720703,6.998779773712158,39.48748016357422,0.716693103313446
2025-03-06 04:00:00,33.07842833687945,71.04753852843166,6.974656695440164,49.4371476014312,1.4627705906600128,32.06894302368164,72.74004364013672,6.999441623687744,47.933250427246094,1.3071635961532593
2025-03-06 08:00:00,32.44853348810666,61.567527116141186,7.0675365239312535,708.0702102349927,1.874207761237614,32.1519660949707,62.38431167602539,6.994973659515381,723.5115356445312,1.7572118043899536
2025-03-06 12:00:00,28.504634873906955,61.13451184624074,6.979139916680167,1000.0,1.5128103155004275,28.767345428466797,62.65212631225586,6.9927849769592285,948.8325805664062,1.4860128164291382
2025-03-06 16:00:00,24.708459265019226,73.76739237554663,7.060376095221777,751.5065163589383,0.816668746361367,25.206220626831055,72.75263214111328,6.977386474609375,731.4782104492188,0.9059016108512878
2025-03-06 20:00:00,25.533117234645758,82.51742345435066,6.981893561201042,68.89788891959412,0.5716409288707354,25.247676849365234,83.4321060180664,6.978123188018799,49.892425537109375,0.5503976345062256
2025-03-07 00:00:00,28.75544162311808,84.71774559000116,7.0395620630301545,27.7051738808811,0.6035593037714864,28.539167404174805,82.50001525878906,6.9766621589660645,38.83930969238281,0.6952096223831177
2025-03-07 04:00:00,33.065202633759235,67.69092924323557,6.969116583097472,36.98227122160401,1.6311473110888075,31.971513748168945,72.95182037353516,6.9846649169921875,47.23173522949219,1.289892554283142
2025-03-07 08:00:00,32.105175600409616,62.190138783991486,7.061098411557395,718.1672560920002,1.8084864232727278,32.013153076171875,62.70093536376953,6.970800876617432,720.9144287109375,1.7310218811035156
2025-03-07 12:00:00,28.39533723076403,61.38646935444699,6.9604205610653285,1000.0,1.4935005591859398,28.534353256225586,63.05818557739258,6.961051940917969,948.7144165039062,1.4483970403671265
2025-03-07 16:00:00,25.797824119585485,73.54278793697436,7.035752010316125,717.133427113255,0.8787695850980057,25.085670471191406,72.93109893798828,6.959895133972168,730.7879638671875,0.8910878896713257
2025-03-07 20:00:00,25.812566956825936,83.28897369514536,7.01221214712944,84.75052186032144,0.5555371568293457,25.295433044433594,83.3880615234375,6.978340148925781,51.299095153808594,0.5525972247123718
2025-03-08 00:00:00,28.912581660175764,83.1468871998736,7.029328718316913,36.40142338415028,0.6716784414227135,28.577482223510742,82.40531921386719,6.983227729797363,39.437530517578125,0.7006939649581909
2025-03-08 04:00:00,32.630536115345876,70.14652931084225,7.0044482047475185,29.801312949234166,1.4708318002130505,31.97108268737793,72.92346954345703,6.986490249633789,47.55544662475586,1.291634440422058
2025-03-08 08:00:00,32.2735140311373,63.86067011917423,7.003275399087051,748.8925532605376,1.7450816227123704,32.02552795410156,62.68302536010742,6.97314453125,721.300537109375,1.7325329780578613
2025-03-08 12:00:00,28.945188526875288,59.02195535220039,7.031977456656089,986.3158125663467,1.6362561954849042,28.530885696411133,63.06956100463867,6.961721420288086,948.2685546875,1.4475029706954956
2025-03-08 16:00:00,25.946649802514873,68.10940388904214,6.974131477551108,751.9459107681215,1.0686070969993717,25.19489097595215,72.78324890136719,6.972536563873291,730.0285034179688,0.9038136601448059
2025-03-08 20:00:00,25.676813528243663,79.43303770783065,6.9738372933722665,37.96012755184358,0.6782475066035887,25.28227424621582,83.37522888183594,6.9821977615356445,50.16764831542969,0.5534511804580688
2025-03-09 00:00:00,28.757305356266958,82.29709234494575,7.00836391133307,58.651323289890875,0.6992363360076732,28.59006690979004,82.46482849121094,6.981656551361084,38.147865295410156,0.6984244585037231
2025-03-09 04:00:00,32.9822254635341,72.37699060667543,7.00641787932904,48.82553198692018,1.3880934841144894,31.912700653076172,72.9969253540039,6.980381488800049,47.388763427734375,1.28456449508667
2025-03-09 08:00:00,31.123616504175267,57.862510295718046,6.976021563124772,767.2245144693262,1.9064290656329597,31.997684478759766,62.660438537597656,6.973112106323242,723.5472412109375,1.7319684028625488
2025-03-09 12:00:00,29.867979231144236,63.34351681704322,7.072502120960723,1000.0,1.5436193148056558,28.51346778869629,63.12436294555664,6.958184242248535,946.7750244140625,1.4438828229904175
2025-03-09 16:00:00,24.524861412850147,73.97493227308165,7.00956771539341,754.9543844287807,0.8013697681208489,25.162837982177734,72.90992736816406,6.970027446746826,724.7351684570312,0.897930920124054
2025-03-09 20:00:00,25.064294547909366,79.76801348295639,7.014958276165185,83.39012237297881,0.6433629506532261,25.25559425354004,83.43824768066406,6.974755764007568,51.92363357543945,0.5498502850532532
2025-03-10 00:00:00,28.834624599560858,82.44995704123788,6.961886088775281,64.81762038212015,0.6963074987791154,28.560163497924805,82.43521881103516,6.9797210693359375,38.784324645996094,0.6988690495491028
2025-03-10 04:00:00,32.24594464693207,74.31613385895872,7.131844297804364,57.13443685389982,1.2382854095928861,31.861623764038086,73.07706451416016,6.9739251136779785,46.46500778198242,1.2776309251785278
2025-03-10 08:00:00,32.822390502309425,62.465296277148376,7.149615874851504,747.6009254963071,1.869322682237594,32.044315338134766,62.61439895629883,6.9795942306518555,722.4151000976562,1.737710952758789
2025-03-10 12:00:00,28.326165057853277,65.20889853832801,6.989242576153541,985.6750370360219,1.3402617852270904,28.72274398803711,62.8306884765625,6.9874420166015625,943.3535766601562,1.4743561744689941
2025-03-10 16:00:00,25.521365160762173,69.48545900006252,7.089566824132214,735.7191528912774,0.9970614492992347,25.18543815612793,72.8672866821289,6.969071388244629,726.176513671875,0.8992523550987244
2025-03-10 20:00:00,25.101875702910764,82.01917597535704,7.023671835886879,63.09130330767749,0.5730581303621056,25.456031799316406,83.13013458251953,7.000549793243408,52.09663391113281,0.5692203044891357
2025-03-11 00:00:00,29.015244947314564,80.1277481179811,7.110339648287533,88.40977364651258,0.7967198996436574,28.805233001708984,82.06243896484375,7.005144119262695,40.37290954589844,0.7235928177833557
2025-03-11 04:00:00,32.299389942884666,75.48607549576164,7.046962822966897,69.0212204664944,1.1854471030642815,32.1837158203125,72.45758819580078,7.028285026550293,51.238121032714844,1.3284521102905273
2025-03-11 08:00:00,32.378243899125096,63.21135983828562,7.035139277085248,761.292363235411,1.7869541405788634,32.19871520996094,62.310909271240234,7.005300045013428,723.6250610351562,1.7640563249588013
2025-03-11 12:00:00,28.592712041413673,68.30495111579478,6.905187691665949,977.8768774152685,1.2400232070437238,28.643720626831055,62.91686248779297,6.980652809143066,945.8648681640625,1.4633997678756714
2025-03-11 16:00:00,25.148540867460056,71.84196963197546,6.9862208699755435,760.4566372513333,0.8999064927339672,25.198307037353516,72.86175537109375,6.974783897399902,725.8040771484375,0.9012489914894104
2025-03-11 20:00:00,25.54720909952181,80.72983792735268,7.031177202125625,43.105355639485424,0.6306178931508413,25.3140811920166,83.329345703125,6.981459617614746,51.860599517822266,0.5554982423782349
2025-03-12 00:00:00,29.351569868761818,81.18699191966698,7.041890130017768,57.74818750850864,0.7690350917083612,28.722583770751953,82.19379425048828,6.988412380218506,39.76431655883789,0.7139546871185303
2025-03-12 04:00:00,32.04467406392262,75.18970334696117,6.9712151316857,63.96878906715909,1.1826552172745335,31.890344619750977,73.03926086425781,6.975673675537109,47.75044250488281,1.2809706926345825
2025-03-12 08:00:00,31.90942995873509,61.90361568314668,6.995518240948755,726.8758560029248,1.8021473211555001,31.866836547851562,62.89934539794922,6.953489780426025,722.9719848632812,1.7106695175170898
2025-03-12 12:00:00,29.186442198719707,61.96921189773432,7.0596291682451096,1000.0,1.5398814722479077,28.399160385131836,63.344093322753906,6.9417724609375,945.5816040039062,1.4248172044754028
2025-03-12 16:00:00,25.399358554217194,72.59434357444785,6.962796280895901,754.7252466733353,0.8890172052219293,25.16695785522461,72.8486099243164,6.969491481781006,728.4393310546875,0.8999226093292236
2025-03-12 20:00:00,25.830859567739015,81.83270417079585,7.038643303568746,89.1149947972452,0.6046033311752708,25.252084732055664,83.41256713867188,6.976731777191162,50.89861297607422,0.5508605241775513
2025-03-13 00:00:00,28.438294168168714,81.53776182682198,7.095576592802595,48.4804971540302,0.7158682131880627,28.52638053894043,82.426025390625,6.982439994812012,39.24232864379883,0.6982858777046204
2025-03-13 04:00:00,31.46557492728033,73.02705547325877,7.052952397683733,54.370126608094274,1.244275861336618,31.91033935546875,73.05313873291016,6.980593681335449,46.195594787597656,1.2810320854187012
2025-03-13 08:00:00,32.08879234907887,62.00660627367897,7.050453253386441,753.3992856407224,1.8155845446459336,32.06505584716797,62.597171783447266,6.980101585388184,721.6484375,1.7400480508804321
2025-03-13 12:00:00,28.508016470221783,62.72284597531804,6.932671343769254,989.6642813872796,1.4512702210386004,28.649696350097656,62.91697311401367,6.975347995758057,945.572509765625,1.464680552482605
2025-03-13 16:00:00,25.387696959676383,74.30548819679085,6.992583277407247,739.2990449100264,0.8329320209745138,25.12543296813965,72.93037414550781,6.963107585906982,727.4944458007812,0.8935089111328125
2025-03-13 20:00:00,25.10866855258134,86.35825324037698,7.136389007907694,43.990129573707534,0.4349453113368469,25.32639503479004,83.3249282836914,6.9816179275512695,52.292762756347656,0.555816113948822
2025-03-14 00:00:00,29.27262150825853,79.91019821227279,7.005358859011249,65.61589123827787,0.8174981710556729,28.714323043823242,82.26042175292969,6.988007545471191,39.60123825073242,0.7116997241973877
2025-03-14 04:00:00,32.2221395165168,71.38280347564937,7.098540765365899,88.50977110552779,1.3778573069567521,31.924264907836914,72.98160552978516,6.978401184082031,48.692138671875,1.285737156867981
2025-03-14 08:00:00,32.44145189711501,60.18779835751511,7.004774910420732,748.15849147775,1.940717747543447,32.00614547729492,62.639198303222656,6.978781700134277,723.9722900390625,1.7334680557250977
2025-03-14 12:00:00,28.980930311810784,62.402807606728366,7.021425929813073,1000.0,1.504363435584446,28.507381439208984,63.167728424072266,6.962584018707275,944.863525390625,1.440736174583435
2025-03-14 16:00:00,25.535488963658647,71.12006763949007,7.0610962971562214,750.6318577195249,0.9444417002123481,25.213232040405273,72.87478637695312,6.9814839363098145,723.47509765625,0.9029158353805542
2025-03-14 20:00:00,25.425946862225068,82.84067337414639,7.0403516056882465,48.778827639637306,0.5575140918830144,25.449508666992188,83.1346664428711,7.003668785095215,52.150787353515625,0.5698566436767578
2025-03-15 00:00:00,29.16776999838897,83.95559882330612,7.055946070527626,62.93395920575613,0.6489443810300575,28.835636138916016,81.99271392822266,7.004951000213623,41.4992561340332,0.7271484136581421
2025-03-15 04:00:00,31.978743701408657,67.48022107627779,6.995950935241223,80.72124268245751,1.544386113446515,32.10833740234375,72.61520385742188,7.009113311767578,50.60386657714844,1.3160816431045532
2025-03-15 08:00:00,33.076280231648504,61.86913943172862,6.980056938504134,748.9306512852241,1.9262605760127105,32.067779541015625,62.502986907958984,6.985474109649658,724.49365234375,1.7451378107070923
2025-03-15 12:00:00,28.79420096149955,61.38832445995493,6.992576867258046,996.7813094134249,1.5283597257774315,28.639183044433594,62.894081115722656,6.9783244132995605,947.5482177734375,1.464142918586731
2025-03-15 16:00:00,24.79259346909672,74.2319543323237,7.010254540904453,745.3045326711028,0.806244116341576,25.17403221130371,72.89313507080078,6.975671768188477,725.7192993164062,0.8994349837303162
2025-03-15 20:00:00,25.542404716541945,80.39345404968668,7.025406378874702,40.33117359451154,0.6414432569963888,25.29958724975586,83.37373352050781,6.980895042419434,51.82200622558594,0.5536425709724426
2025-03-16 00:00:00,28.496669326520863,85.14751798683247,7.090202704193681,87.92337510638995,0.5778547899025757,28.68949317932129,82.3027114868164,6.984153747558594,39.09611511230469,0.7082858085632324
2025-03-16 04:00:00,32.71902845013679,73.24801856087538,7.042706007962942,45.21770532791142,1.3246008579099948,31.927156448364258,72.94727325439453,6.984440326690674,48.2210807800293,1.288374662399292
2025-03-16 08:00:00,33.49116397090354,61.39995834072997,7.062568790287119,779.3881905936653,1.9957756031729323,32.04425811767578,62.62785720825195,6.977222919464111,721.9856567382812,1.7368847131729126
2025-03-16 12:00:00,28.52897352196568,64.29299115267168,7.045418985790697,1000.0,1.3918322194254529,28.580551147460938,63.02268600463867,6.9737372398376465,946.0490112304688,1.4529799222946167
2025-03-16 16:00:00,25.62434411921884,70.5722428868274,6.982567222485251,778.117707783583,0.9674412469425469,25.232418060302734,72.83828735351562,6.981611251831055,723.7266235351562,0.9051807522773743
2025-03-16 20:00:00,24.580405158254532,82.39014475323961,7.0392024114619725,63.97162812438446,0.5440497826837847,25.386524200439453,83.17646789550781,6.998392105102539,51.86170196533203,0.5662259459495544
2025-03-17 00:00:00,29.158432490030382,83.26722366658939,7.046261086806034,38.037513015666505,0.6764222855117996,28.742631912231445,82.10569763183594,7.00339937210083,40.65776062011719,0.7199118137359619
2025-03-17 04:00:00,31.95272459054762,71.03545482864136,7.077718142363522,86.199896092935,1.3735241671867353,32.08595275878906,72.6968765258789,7.005024433135986,48.732757568359375,1.3104034662246704
2025-03-17 08:00:00,32.083164181230224,65.26652382147084,6.986292577814283,738.7797156782443,1.6592758927670506,32.12805938720703,62.425113677978516,6.993991374969482,723.607177734375,1.7533994913101196
2025-03-17 12:00:00,28.38083663038979,62.28156291185325,6.9377014380390385,1000.0,1.4576523484032426,28.570323944091797,63.03404235839844,6.963992118835449,946.6539916992188,1.4529253244400024
2025-03-17 16:00:00,25.83345387319932,72.75360796992227,7.048535172054981,761.5742749967308,0.9068927638266779,25.071834564208984,73.0198745727539,6.958222389221191,726.7178955078125,0.887205958366394
2025-03-17 20:00:00,25.971030438908585,85.74195338014731,7.057414481375876,92.43323997956811,0.4784555110909716,25.281736373901367,83.353271484375,6.980555534362793,51.24199295043945,0.5544079542160034
2025-03-18 00:00:00,28.951820451032265,80.65982261531543,7.0320499362396,44.20901726940754,0.7725507801345174,28.6025390625,82.23819732666016,6.989315509796143,41.424007415771484,0.7087923884391785
2025-03-18 04:00:00,31.972016106172905,72.6794993424302,7.042420221591792,84.32327599482142,1.2969756467486344,31.95291519165039,72.94758605957031,6.985712051391602,47.4014892578125,1.2892374992370605
2025-03-18 08:00:00,33.198990976892695,62.80987986393558,7.084957795484593,735.1450566389959,1.8916998833265413,31.95172882080078,62.753658294677734,6.968573093414307,722.405029296875,1.7242282629013062
2025-03-18 12:00:00,28.564922779825686,64.55517060801454,7.018078897729077,952.0715009944488,1.3844957357432603,28.67587661743164,62.88379669189453,6.980838775634766,944.892333984375,1.468033790588379
2025-03-18 16:00:00,24.39501007860154,73.25185426161897,7.027087134447523,767.9183339646521,0.8172628944268842,25.352476119995117,72.57220458984375,6.987576961517334,730.0747680664062,0.9203999638557434
2025-03-18 20:00:00,25.705220733543793,80.9087080246406,7.044970998786144,66.56279157961531,0.6306441622318402,25.37047004699707,83.2572250366211,6.99228048324585,51.16522216796875,0.5613476037979126
2025-03-19 00:00:00,28.395813573524084,82.44000777462377,6.98123940259326,81.23442866937705,0.6792070810678812,28.716684341430664,82.18283081054688,6.998444557189941,39.70557403564453,0.715469479560852
2025-03-19 04:00:00,32.90660692223218,74.03580514895447,7.034635275299339,56.70839634784233,1.2992111448658785,31.971885681152344,72.85548400878906,6.991476058959961,48.374534606933594,1.2954672574996948
2025-03-19 08:00:00,32.221733677145885,61.60918777156128,7.039042970685016,750.4295043152497,1.8483938493676608,32.059593200683594,62.56363296508789,6.984001159667969,722.6032104492188,1.7415144443511963
2025-03-19 12:00:00,29.25005753061694,61.781145089041516,7.12408224726774,1000.0,1.5531865356392243,28.50740623474121,63.16428756713867,6.959624290466309,945.2105102539062,1.4413858652114868
2025-03-19 16:00:00,26.184849468483165,70.3691528554284,7.027324353670303,752.3658710873692,1.0069587442974814,25.2603759765625,72.76171875,6.981265068054199,725.566650390625,0.9090753793716431
2025-03-19 20:00:00,24.879669862896726,84.59159233524689,7.05223069854895,41.17974704308428,0.48461653042181885,25.42938232421875,83.14171600341797,6.999527454376221,52.448570251464844,0.5683096051216125
2025-03-20 00:00:00,28.67272811756511,82.80195789881965,7.089285382721184,66.42853778936639,0.6759758128567759,28.801597595214844,82.1075439453125,7.000797271728516,40.48639678955078,0.7213617563247681
2025-03-20 04:00:00,32.38196276182054,69.92018823575273,7.001480266186175,72.19824938913752,1.461388871116592,32.157039642333984,72.54310607910156,7.016440391540527,50.357582092285156,1.3226912021636963
2025-03-20 08:00:00,33.18857395766624,58.77949083543065,7.112141521795506,693.106937591351,2.0954852572286593,32.18162155151367,62.31185531616211,7.001718997955322,724.3911743164062,1.7630213499069214
2025-03-20 12:00:00,28.626505324041087,58.56303088082735,7.131548014054561,1000.0,1.6243401941630813,28.86186408996582,62.52567672729492,7.008220195770264,946.7489013671875,1.4991605281829834
2025-03-20 16:00:00,25.194343219899057,71.04584235190018,7.041909688069263,777.1780906892412,0.927874748066663,25.352521896362305,72.58544158935547,6.99677038192749,729.0733642578125,0.9216465950012207
2025-03-20 20:00:00,25.730665355651464,83.49189357378714,7.016383199378728,54.38118388655038,0.5461361896490007,25.406564712524414,83.15685272216797,7.006917476654053,50.12068176269531,0.5689511895179749
2025-03-21 00:00:00,28.673998577687936,85.13652320949262,7.125747912301002,53.0754335811622,0.5842578040782538,28.814960479736328,82.02191162109375,7.0179443359375,41.02462387084961,0.7268496751785278
2025-03-21 04:00:00,32.502977497129784,73.11665048073971,7.084173484719891,60.317251433679125,1.3150256138095764,32.219642639160156,72.46807098388672,7.027472496032715,50.42353439331055,1.3296854496002197
2025-03-21 08:00:00,31.65094584519691,64.132845633486,7.048490401314675,784.8709478187939,1.6720508736324025,32.32756805419922,62.12630844116211,7.020973205566406,722.0687255859375,1.7827814817428589
2025-03-21 12:00:00,30.069777911821518,60.14228103321042,7.1157341320622685,1000.0,1.6979693894588475,28.770801544189453,62.66684341430664,6.996856212615967,947.7289428710938,1.4851478338241577
2025-03-21 16:00:00,24.824656710250764,74.81284404445182,7.110441550508949,754.2874729529982,0.7895776748622462,25.377038955688477,72.6063232421875,6.998148441314697,725.0228271484375,0.9228054285049438
2025-03-21 20:00:00,25.337634973410363,83.06610398604823,7.027579093383572,48.326170473946746,0.5473115359296492,25.542869567871094,82.94830322265625,7.015602111816406,53.86894989013672,0.5811534523963928
2025-03-22 00:00:00,28.952707115583134,85.67983727059955,7.0577786376905856,33.13149345917613,0.5720536970363401,28.9747257232666,81.78759002685547,7.0217604637146,41.74148941040039,0.7415882349014282
2025-03-22 04:00:00,33.389393315820335,70.219019397916,7.074181769421926,61.62553524590958,1.5310586398059143,32.22810363769531,72.43923950195312,7.019000053405762,51.47075653076172,1.3321417570114136
2025-03-22 08:00:00,31.770626358175566,65.53007663020891,7.04677864652002,750.8315352124029,1.6178428924646506,32.269500732421875,62.20254135131836,7.013751983642578,723.253662109375,1.774698257446289
2025-03-22 12:00:00,29.960799701243566,62.307028611770384,6.9757986154804135,961.3580546722749,1.5957447961308748,28.846879959106445,62.522377014160156,7.006600856781006,948.3355102539062,1.4980629682540894
2025-03-22 16:00:00,25.883434428917443,73.14573492903216,6.9984291698407155,735.4643270778495,0.896488508263789,25.290712356567383,72.63470458984375,6.983429431915283,731.4153442382812,0.9147503972053528
2025-03-22 20:00:00,25.713393680578054,77.90692682820928,6.977429005752616,79.7872722406084,0.7301556958344048,25.401010513305664,83.20323181152344,6.994519233703613,52.13460159301758,0.5642910599708557
2025-03-23 00:00:00,28.482382041278996,84.63480606117692,7.070851047869397,62.21525213107506,0.5973072326862265,28.70328712463379,82.16050720214844,6.999752521514893,39.90572738647461,0.7154409885406494
2025-03-23 04:00:00,32.72437112094476,71.15842736076456,6.986987216862009,15.3483602550493,1.4284940385991316,32.047542572021484,72.71756744384766,7.004312515258789,48.99031066894531,1.3072726726531982
2025-03-23 08:00:00,32.07705718871583,61.49656122805648,7.0558257362590675,782.0235069480909,1.8387389919301893,32.0343017578125,62.65953063964844,6.975015640258789,721.751220703125,1.7343335151672363
2025-03-23 12:00:00,29.60802951138718,58.1221296505634,7.137800024031954,982.1698184467216,1.7373442980898668,28.595321655273438,63.02473831176758,6.969680309295654,944.48486328125,1.4552280902862549
2025-03-23 16:00:00,25.025066255096352,72.9512263494191,7.117593341963803,740.5946540918562,0.858125195476501,25.30549430847168,72.66842651367188,6.985368251800537,727.305908203125,0.915097713470459
2025-03-23 20:00:00,25.454018022422176,82.38607616000323,6.954334000371497,78.4134383440199,0.5732386467203461,25.484277725219727,83.07777404785156,7.006138324737549,52.912174224853516,0.5731173753738403
2025-03-24 00:00:00,28.702228446168117,79.84065348711822,6.983044674987656,43.186341410540926,0.7937262196501016,28.747268676757812,82.17811584472656,7.002381324768066,39.98672866821289,0.7171066999435425
2025-03-24 04:00:00,31.950205124098964,69.62813196806417,7.008153927317212,16.352010416287143,1.4400555403147766,32.07440185546875,72.70771789550781,7.0022993087768555,48.07168197631836,1.3093996047973633
2025-03-24 08:00:00,32.81462651376642,62.2512991896066,6.988528564065238,754.3513105992879,1.8791606323393513,32.17873764038086,62.3843994140625,6.993899345397949,722.9212646484375,1.7586548328399658
2025-03-24 12:00:00,29.24759436387952,63.37201871630346,6.964289029660119,1000.0,1.4883231109130728,28.71407699584961,62.72662353515625,6.985815525054932,949.7908935546875,1.4782109260559082
2025-03-24 16:00:00,26.120268474487453,71.70016310811367,7.046437731539943,740.6177880368972,0.9580661337833717,25.09669303894043,72.91519165039062,6.960751533508301,730.2527465820312,0.8926947116851807
2025-03-24 20:00:00,24.62582582093287,85.8629305679694,7.082234775997034,56.661328522710306,0.43794622989841425,25.247873306274414,83.4303207397461,6.974366664886475,50.63521957397461,0.5501239895820618
2025-03-25 00:00:00,29.516529770006386,81.05243537628743,7.095368364761525,40.904203931234896,0.7819301261273203,28.61598777770996,82.40898132324219,6.9814982414245605,39.41217041015625,0.701953113079071
2025-03-25 04:00:00,33.70127048665207,69.83939172122149,7.023942854288189,49.30562902477382,1.577828447438577,32.03763198852539,72.81721496582031,6.996596336364746,47.918914794921875,1.3011276721954346
2025-03-25 08:00:00,32.22272548938515,60.33185570844069,7.034071477809601,743.5664540020623,1.9100001394716082,32.14647674560547,62.444515228271484,6.994819641113281,722.1632690429688,1.7534083127975464
2025-03-25 12:00:00,29.932018724890344,57.48148795755706,7.0654505250816175,1000.0,1.797065445588815,28.705162048339844,62.78114700317383,6.988258361816406,947.5225830078125,1.474458932876587
2025-03-25 16:00:00,25.388762167668197,76.12618101621688,7.042242384733423,751.9554948599293,0.773960076357577,25.363670349121094,72.5667724609375,7.000509738922119,729.0457153320312,0.9235827326774597
2025-03-25 20:00:00,24.834137934917457,85.5113911981233,7.08819700163017,73.8087449560095,0.4544519837972829,25.48499870300293,83.04647827148438,7.013062953948975,52.664100646972656,0.575843870639801
2025-03-26 00:00:00,28.835619592584507,79.46154547684628,7.069783615209912,85.4087899434848,0.8149212675026267,28.928388595581055,81.80602264404297,7.025467395782471,42.84614181518555,0.7396807670593262
2025-03-26 04:00:00,32.9766394127633,71.34654469651761,7.029450150892484,76.77780551197063,1.4394236262660414,32.13250732421875,72.56233978271484,7.021383762359619,49.47063446044922,1.320360541343689
2025-03-26 08:00:00,32.03344918775989,62.249733596152815,6.955433556485514,718.2007311617197,1.798335924023454,32.19535446166992,62.30047607421875,7.0062737464904785,723.5892944335938,1.764653205871582
2025-03-26 12:00:00,28.68826648428466,61.91961532724692,7.123216952342285,994.3244392846441,1.4981123656663278,28.739839553833008,62.734683990478516,6.9868483543396,947.0578002929688,1.4804325103759766
2025-03-26 16:00:00,25.821103914796748,70.950308432175,7.01396125759597,767.5399130254315,0.9662087969152716,25.27427864074707,72.74577331542969,6.985355854034424,725.9796752929688,0.9108082056045532
2025-03-26 20:00:00,25.52586425701944,82.97374190840681,7.066143304354699,63.09451668593119,0.5564808438398816,25.395463943481445,83.19277954101562,6.997902870178223,51.59276580810547,0.5654999017715454
2025-03-27 00:00:00,29.28414946853773,83.21012684813635,6.952946115408199,22.0399916555346,0.6836711803836915,28.785743713378906,82.03349304199219,7.007197380065918,41.262359619140625,0.7242668271064758
2025-03-27 04:00:00,32.574854377811285,72.44250077133948,7.048209869674864,53.91998295260831,1.3534666761197416,32.035213470458984,72.81705474853516,6.991272449493408,48.06327819824219,1.3009177446365356
2025-03-27 08:00:00,32.6957522672079,61.215334850429755,7.053788796887264,704.5509656580482,1.9178775692737817,32.08402633666992,62.53013229370117,6.984715461730957,722.490478515625,1.745050072669983
2025-03-27 12:00:00,28.775687399389586,62.02201546713338,7.0562058024715375,994.450087512447,1.501666363596346,28.756216049194336,62.67257308959961,6.990729331970215,948.828369140625,1.4841293096542358
2025-03-27 16:00:00,25.6436018481718,73.90822586158762,7.199465362980054,736.3015745100807,0.858750145838632,25.272672653198242,72.6279067993164,6.980589389801025,732.74755859375,0.9140642285346985
2025-03-27 20:00:00,25.064049874308637,83.83081506476917,7.017219780154482,56.828933317832856,0.5141612261926714,25.495609283447266,83.03368377685547,7.010524749755859,51.324127197265625,0.575955331325531
2025-03-28 00:00:00,29.63886675746801,81.18707878986885,7.090230703280281,87.2633648990952,0.7818579768089347,28.809221267700195,82.12791442871094,7.003201007843018,40.164886474609375,0.7210168838500977
2025-03-28 04:00:00,32.141614202945405,72.21577610038167,7.075359114542915,23.607092167758783,1.3316861403282614,32.203941345214844,72.4412841796875,7.029748916625977,50.747215270996094,1.3305461406707764
2025-03-28 08:00:00,33.02317530512876,61.65577806153143,7.015265542299067,735.6356833756344,1.9312797371288362,32.31105422973633,62.18841552734375,7.016226291656494,721.9049072265625,1.7779096364974976
2025-03-28 12:00:00,28.877846465724875,61.246532924293795,7.089480962091493,977.1647514496811,1.5414143154781415,28.844951629638672,62.495304107666016,7.009153842926025,950.0242309570312,1.4986307621002197
2025-03-28 16:00:00,25.631547836457216,73.6957558799306,7.040981445085906,771.4267215908255,0.8651247291608107,25.426651000976562,72.45344543457031,7.006051540374756,730.8923950195312,0.9312602877616882
2025-03-28 20:00:00,25.283066055633206,80.42368379287446,7.092959652811282,78.46701265023236,0.6306673995198775,25.44255828857422,83.08761596679688,7.006659030914307,51.527381896972656,0.5722137689590454
2025-03-29 00:00:00,28.488873126727114,81.94377729037637,7.147578757517755,58.27107451858943,0.7021827752257921,28.8623046875,81.90363311767578,7.024820327758789,40.93474197387695,0.7336487174034119
2025-03-29 04:00:00,31.58859226364623,74.3393237954227,7.057070570878374,57.182920527337416,1.1920269628297135,32.18873596191406,72.55623626708984,7.025219917297363,47.99321365356445,1.3232542276382446
2025-03-29 08:00:00,31.93331037815265,60.33426880606248,7.035474364893247,725.9932354901257,1.878920480297519,32.24949645996094,62.2681884765625,7.007941246032715,722.0177612304688,1.7699642181396484
2025-03-29 12:00:00,28.83491641570317,59.10160829114624,7.10210843553719,1000.0,1.6226933318070698,28.789363861083984,62.63731002807617,6.995528697967529,947.7138061523438,1.4885989427566528
2025-03-29 16:00:00,25.63870881658782,72.16809212597676,7.119363284643387,727.5617917296292,0.9157569657372046,25.36020278930664,72.574951171875,6.996258735656738,728.9893188476562,0.9223780035972595
2025-03-29 20:00:00,26.03795888381501,78.05014536538455,7.005367749377067,67.6719676442246,0.7394883885429159,25.564250946044922,82.94981384277344,7.018425464630127,52.65951156616211,0.5817186832427979
2025-03-30 00:00:00,28.775621292580944,79.73896095302487,7.027127148895001,50.11073317866009,0.8011274103619189,28.835817337036133,82.03170776367188,7.015124797821045,39.44608688354492,0.7267102003097534
2025-03-30 04:00:00,32.02162125548353,73.98075635378757,7.083546166963968,45.7180333766473,1.2386689489787979,32.10617446899414,72.67725372314453,7.006946563720703,48.47422409057617,1.3122386932373047
2025-03-30 08:00:00,31.74124424461576,62.47856311786488,7.043173402851169,750.5660471811996,1.7581385546882289,32.22922134399414,62.27980422973633,7.006107330322266,723.4450073242188,1.7675575017929077
2025-03-30 12:00:00,29.238531831431413,64.21317615227085,7.002058402722565,1000.0,1.4533839654129297,28.8028564453125,62.59143829345703,7.000521183013916,948.6856689453125,1.4913156032562256
2025-03-30 16:00:00,26.225995665006284,68.75137782061567,7.076809744766675,785.5091383620008,1.0645184010038773,25.27255630493164,72.70648956298828,6.985373497009277,728.1232299804688,0.9123269319534302
2025-03-30 20:00:00,26.16756354131976,81.0607499567558,7.083349489157244,70.06236191969573,0.6429648082742787,25.392179489135742,83.17243957519531,7.000161170959473,50.759315490722656,0.5670021176338196
2025-03-31 00:00:00,29.354503378033396,82.26741403936542,7.033211262799119,114.42059839192095,0.7249923407596546,28.73786735534668,82.0658950805664,7.009913444519043,40.80748748779297,0.7218878269195557
2025-03-31 04:00:00,32.78291027773134,68.98460472314517,7.052997988860529,72.36348715685375,1.5412228837176456,32.056434631347656,72.6588363647461,7.014266490936279,49.068450927734375,1.3107962608337402
2025-03-31 08:00:00,33.31245050895221,62.59484804557094,7.021101897146662,785.6777465983764,1.9147618375156723,32.18716049194336,62.30767059326172,7.008403778076172,724.197021484375,1.7633488178253174
2025-03-31 12:00:00,29.16557773466819,62.7729911643298,6.995168679298369,1000.0,1.5055221671622832,28.868837356567383,62.57398223876953,7.008772373199463,943.4354248046875,1.4979350566864014
2025-03-31 16:00:00,25.858500226834114,68.49367548637397,7.025077320262558,754.795791635232,1.0502397207821779,25.413631439208984,72.5950698852539,7.006720542907715,723.2266235351562,0.9259770512580872
2025-03-31 20:00:00,25.375043457896027,82.36195122073876,7.0536271681027625,56.936810447130036,0.5713383087301804,25.52011489868164,83.03093719482422,7.012216567993164,53.20161437988281,0.5768131017684937
2025-04-01 00:00:00,28.318959794045,83.79347378144976,6.976242760847392,59.58522181445478,0.6240647238329768,28.887144088745117,81.81893920898438,7.013222694396973,42.98335266113281,0.736050009727478
2025-04-01 04:00:00,32.12215864436035,71.13664868640336,7.028796575358249,72.31497693424792,1.3818896474308353,32.05977249145508,72.69000244140625,7.001221179962158,49.252838134765625,1.3098546266555786
2025-04-01 08:00:00,32.4595035753428,58.85101482596818,7.054388728450494,721.6509441229476,2.007922049432314,32.066349029541016,62.514400482177734,6.983882427215576,724.1181640625,1.744491457939148
2025-04-01 12:00:00,29.030374165723035,62.51135633031027,7.1097302174271,1000.0,1.5043121089271083,28.639223098754883,62.92258834838867,6.973441123962402,946.2059936523438,1.4636176824569702
2025-04-01 16:00:00,26.499022791762325,75.17395171292164,7.03436760418083,720.3201237467299,0.859448777267582,25.26811981201172,72.72440338134766,6.982633113861084,727.2783813476562,0.911027729511261
2025-04-01 20:00:00,25.576518448130162,81.36125412948937,6.987702104415396,69.33219089888875,0.6110159840499483,25.43439292907715,83.158935546875,6.995053291320801,53.48297882080078,0.5666059255599976
2025-04-02 00:00:00,29.589255039322303,84.25459980358598,7.039491996961535,63.95985939466435,0.6525081282332654,28.70807647705078,82.23394012451172,6.994056224822998,39.54386901855469,0.7124485969543457
2025-04-02 04:00:00,32.24639631165907,70.62582788898845,7.021646532391917,82.93483494313404,1.4162406558485565,32.12895202636719,72.55342864990234,7.013587951660156,50.797462463378906,1.320726990699768
2025-04-02 08:00:00,32.30809698956461,62.468945785672986,7.077583925349289,732.7579502415841,1.8158221188660826,32.160831451416016,62.315040588378906,7.0025410652160645,725.2997436523438,1.7614063024520874
2025-04-02 12:00:00,28.335329498697753,64.5400508137056,7.03307973127831,980.2579480388198,1.3667551881018905,28.758832931518555,62.739261627197266,6.995822429656982,944.4955444335938,1.4810024499893188
2025-04-02 16:00:00,25.16456769573344,72.7363211244571,6.914446666517458,772.1451709986247,0.8721549938285708,25.237747192382812,72.809814453125,6.978298187255859,725.2902221679688,0.9057466983795166
2025-04-02 20:00:00,25.7992223978536,81.20569510545714,7.234556222656312,47.42333933952214,0.624299747921699,25.260440826416016,83.41353607177734,6.976722717285156,51.617950439453125,0.5506836771965027
2025-04-03 00:00:00,29.002872651571785,83.44794606534307,7.056982048785754,28.946769375417677,0.6631319921315115,28.831880569458008,81.97418212890625,7.010314464569092,40.26108932495117,0.7285568714141846
2025-04-03 04:00:00,32.93466348646108,74.88091500084683,7.054323459721636,54.73332742043728,1.2589038465730118,32.125667572021484,72.68994903564453,7.003382205963135,49.08388900756836,1.312386155128479
2025-04-03 08:00:00,32.55382115068499,62.27044212325078,6.972793385606355,749.0661691408402,1.8508680071384291,32.16560363769531,62.42097854614258,6.997076988220215,721.6915283203125,1.7561569213867188
2025-04-03 12:00:00,28.82286569555584,61.23358110360554,6.976635420908127,1000.0,1.5370325777689025,28.596162796020508,62.94684982299805,6.972382545471191,948.792236328125,1.4580466747283936
2025-04-03 16:00:00,26.60913937813044,70.20678781828497,7.045266436322556,760.7545340209699,1.0381135715619587,25.264558792114258,72.68850708007812,6.9854326248168945,730.3403930664062,0.912397027015686
2025-04-03 20:00:00,25.488039161880437,87.3073565484701,7.066672450821789,72.31894029095629,0.4139123313091111,25.496965408325195,83.00764465332031,7.01685094833374,51.297306060791016,0.5783536434173584
2025-04-04 00:00:00,29.579259916022718,81.40092435864217,7.084769621634348,52.99419019114725,0.7703247059531559,28.69322967529297,82.15205383300781,6.998437404632568,41.72089767456055,0.715971827507019
2025-04-04 04:00:00,32.261256443035485,70.91928793829082,7.061535797541423,51.37577422880831,1.4032674855747067,32.06752395629883,72.71730041503906,7.006372928619385,48.71699142456055,1.3082553148269653
2025-04-04 08:00:00,32.81666078599961,58.984872988035505,6.9903668045171035,748.6602946208086,2.041999259492418,32.14110565185547,62.456111907958984,6.9932990074157715,722.1993408203125,1.7524433135986328
2025-04-04 12:00:00,29.461767260745912,57.65554692065591,6.924440584221508,1000.0,1.7419741456877484,28.74264144897461,62.714542388916016,6.990692615509033,947.8345336914062,1.4809221029281616
2025-04-04 16:00:00,25.637903801320103,72.77031284571223,7.0446527972065995,722.2510219198971,0.895899265356901,25.25347137451172,72.71620178222656,6.986027240753174,729.58447265625,0.9106327891349792
2025-04-04 20:00:00,24.35641635468401,85.27465945362299,7.022965181145054,69.7105833102745,0.4488800475515551,25.42922019958496,83.17156219482422,6.999229907989502,52.12295150756836,0.5670925974845886
2025-04-05 00:00:00,29.004960552158842,81.19916681183133,6.986246562054003,78.52579759624648,0.7533166797398789,28.7200870513916,82.20716857910156,6.995893955230713,40.77190017700195,0.7143529057502747
2025-04-05 04:00:00,33.07516596074853,70.8573102228153,7.090778059464899,75.89341563610918,1.4721122743648758,31.903295516967773,72.9668197631836,6.983415603637695,48.25914001464844,1.2858420610427856
2025-04-05 08:00:00,32.7236763533824,59.07356205134916,6.970596310800618,761.2100647166724,2.0269660881502576,32.01740646362305,62.62590789794922,6.979748249053955,723.29833984375,1.735077977180481
2025-04-05 12:00:00,29.21875375934541,61.93772629063689,7.080223590232446,980.1879769910126,1.5440323887706646,28.53759002685547,63.10649490356445,6.9636664390563965,945.615234375,1.4463753700256348
2025-04-05 16:00:00,24.67060423961427,74.45708428171285,6.978868249508744,721.6948415000163,0.7934021131199757,25.215717315673828,72.87194061279297,6.9780755043029785,723.2124633789062,0.9024115800857544
2025-04-05 20:00:00,25.1715051712555,81.67241370878146,7.056079582538784,70.60047395703904,0.5865347156130505,25.35927963256836,83.31522369384766,6.983516693115234,53.427757263183594,0.5568807125091553
2025-04-06 00:00:00,29.19899661908406,85.08241041054559,7.095696386627182,61.29422557755909,0.6044567799172933,28.805540084838867,82.03759765625,7.000368118286133,41.03451919555664,0.7238508462905884
2025-04-06 04:00:00,32.66261105703954,69.83187076094687,7.032101004746138,62.408439964457386,1.489018057137919,32.10689926147461,72.61783599853516,7.0108113288879395,50.50909423828125,1.3159099817276
2025-04-06 08:00:00,33.06475280871255,61.46982399496914,7.133493662251593,754.2898323909484,1.945175349910471,32.09790802001953,62.50151443481445,6.988051891326904,723.0138549804688,1.7471950054168701
2025-04-06 12:00:00,28.920884425935295,63.815307800506275,7.144891986805926,1000.0,1.4428283730487008,28.678543090820312,62.88075637817383,6.989077091217041,944.3822021484375,1.4672573804855347
2025-04-06 16:00:00,25.732128231707495,71.74722865214,7.060856420527234,762.9308146904348,0.9347648719105398,25.359098434448242,72.65589141845703,6.996728420257568,723.7881469726562,0.9198212623596191
2025-04-06 20:00:00,25.537403309336234,81.81694139820667,7.076066939055765,55.87222906692537,0.5946963063205986,25.58644676208496,82.8861312866211,7.025565147399902,53.257286071777344,0.586082398891449
2025-04-07 00:00:00,28.496739253950622,79.89715881817474,7.101567036646036,16.22045294238186,0.7821298944094482,29.043262481689453,81.6259536743164,7.038418292999268,42.42932891845703,0.7515790462493896
2025-04-07 04:00:00,31.326416571791768,76.22505813374491,7.075752911954484,82.05788902525615,1.0881211447316805,32.3726921081543,72.2314682006836,7.041833400726318,50.71067810058594,1.3513270616531372
2025-04-07 08:00:00,32.66981708340418,61.155487971558536,7.070393754210136,761.5509325282671,1.9180381002641997,32.3452033996582,62.048797607421875,7.024155616760254,724.1179809570312,1.788063645362854
2025-04-07 12:00:00,29.077184226407805,62.95895451025795,7.022328123191405,974.1071087573847,1.490375851174428,28.849929809570312,62.52836608886719,7.00906229019165,947.6507568359375,1.4977920055389404
2025-04-07 16:00:00,25.217021486013557,74.01990874669994,6.964163784571324,726.6790651342936,0.8336904674371501,25.346187591552734,72.6069107055664,6.992888450622559,728.4615478515625,0.92011958360672
2025-04-07 20:00:00,24.71652247880571,82.16861929775592,6.979026822667736,79.20867909569276,0.5553905539847395,25.406566619873047,83.21752166748047,6.993510723114014,52.7898063659668,0.5634937882423401
2025-04-08 00:00:00,29.301383455739195,81.15286760780877,7.1670954227183,81.97908180593203,0.7682042779041375,28.63213348388672,82.33867645263672,6.987890243530273,39.07698440551758,0.7057623863220215
2025-04-08 04:00:00,32.31765527657481,74.6924817866248,7.064100002670474,10.724603026419544,1.2250847322385234,32.0043830871582,72.78643035888672,7.001613140106201,50.01866912841797,1.3007276058197021
2025-04-08 08:00:00,32.72905267485666,59.17202565623412,7.035692880710657,758.8168611975896,2.0227005988842075,32.14846420288086,62.50625991821289,6.989861965179443,720.7898559570312,1.7500412464141846
2025-04-08 12:00:00,29.918537963740707,64.87802920390345,7.11114341773612,995.587072991268,1.4832990464476206,28.55327796936035,63.07489013671875,6.967650413513184,945.84814453125,1.4487472772598267
2025-04-08 16:00:00,24.451696643237224,72.33270946459162,7.010504156137133,751.483284641589,0.8482182625176566,25.318693161010742,72.63873291015625,6.987959384918213,727.8161010742188,0.9171375632286072
2025-04-08 20:00:00,25.172611679045893,80.38204756815014,7.077132468150884,55.910113388654985,0.6278714170796982,25.46194839477539,83.08666229248047,7.006505012512207,52.16151428222656,0.5722978711128235
2025-04-09 00:00:00,28.877540321330954,82.44830755938064,7.051193820876039,46.959876441866584,0.6981040136733805,28.962188720703125,81.82274627685547,7.02805757522583,40.76313781738281,0.7403870820999146
2025-04-09 04:00:00,33.17374283019799,75.15608228338276,7.070335594253217,74.56752707921024,1.2619162510893336,32.130462646484375,72.6422119140625,7.009958744049072,48.52581024169922,1.31563401222229
2025-04-09 08:00:00,31.628128233521423,59.23587577853345,7.030513725733344,736.2370112258737,1.8978819712092303,32.21689224243164,62.271541595458984,7.007875919342041,723.4864501953125,1.7676602602005005
2025-04-09 12:00:00,29.950158640827212,60.292730601779795,6.999099503833518,1000.0,1.6799947540094684,28.70482635498047,62.7930793762207,6.986508369445801,946.9500122070312,1.4742385149002075
2025-04-09 16:00:00,25.5860544636323,73.07344833906467,7.006190665541054,769.3805830771024,0.8832064256592562,25.215831756591797,72.79319763183594,6.978957653045654,727.9042358398438,0.9051640033721924
2025-04-09 20:00:00,25.470126181982227,82.36211064409773,7.008140009085022,48.150873366818224,0.5745676864765663,25.380842208862305,83.19605255126953,6.998754501342773,51.54925537109375,0.565494179725647
2025-04-10 00:00:00,28.878325298855223,82.94635539172317,7.046454761453595,40.3933159728752,0.6783253727334797,28.737689971923828,82.15007019042969,6.999111175537109,40.61454391479492,0.7172967195510864
2025-04-10 04:00:00,32.22332527951242,70.72894591638682,6.968796518046005,64.84922275759664,1.4094334430649318,32.05419921875,72.74999237060547,6.999334812164307,48.951297760009766,1.305685043334961
2025-04-10 08:00:00,32.96551517523701,59.85228354528173,6.984231846318598,780.0731321275234,2.015586434283162,32.021385192871094,62.60873031616211,6.975345611572266,723.44580078125,1.736636757850647
2025-04-10 12:00:00,28.44309480342346,62.5385125005464,7.0533794919461625,988.1458195169663,1.4529636177092935,28.589271545410156,63.002201080322266,6.9686808586120605,946.4065551757812,1.455597162246704
2025-04-10 16:00:00,25.685960656148854,69.71128283997122,7.0402195248490065,741.9360707048621,0.9993884712975203,25.148221969604492,72.94853210449219,6.969229698181152,724.3397216796875,0.8954849243164062
2025-04-10 20:00:00,25.32116273247344,82.42888309840947,7.056114853782537,66.02782038809401,0.5673512698797389,25.33495330810547,83.32355499267578,6.984766483306885,51.743865966796875,0.5567605495452881
2025-04-11 00:00:00,28.59082957567061,81.8362650491511,7.043532268272494,78.94715432027182,0.7105524684886322,28.676570892333984,82.27062225341797,6.989844799041748,39.727359771728516,0.70998615026474
2025-04-11 04:00:00,33.72898550290736,68.96643137532922,7.171731955333559,74.4841725994022,1.6260091758629125,31.970741271972656,72.8649673461914,6.991267681121826,47.92866134643555,1.2953999042510986
2025-04-11 08:00:00,32.64552328244214,62.17272790153406,7.052121366688692,750.6458723735598,1.8652595722927598,32.22113800048828,62.28507614135742,7.012511730194092,723.5176391601562,1.7665541172027588
2025-04-11 12:00:00,29.27852907225823,57.940887405214035,7.026830462514785,993.889620505789,1.7120608738401106,28.769500732421875,62.7066535949707,6.999920845031738,945.457763671875,1.4828239679336548
2025-04-11 16:00:00,26.076683075124237,70.92679518054734,7.050841034257225,756.6364561330508,0.9817170709593711,25.35784149169922,72.64484405517578,6.99990701675415,725.2633056640625,0.9199464321136475
2025-04-11 20:00:00,24.797119712130634,87.93902796303377,7.096782197114665,0.0,0.37747192826013265,25.559206008911133,82.94978332519531,7.022813320159912,52.79821014404297,0.5826368927955627
2025-04-12 00:00:00,29.84199905852098,78.56478203956728,7.042396546125121,96.5186857422768,0.9013001401826206,29.1589298248291,81.5047378540039,7.034040927886963,44.516475677490234,0.7592170834541321
2025-04-12 04:00:00,31.17547612985018,76.30778679819355,7.079114383525807,53.850755459543365,1.075074138640729,32.2839469909668,72.21634674072266,7.041750431060791,54.814815521240234,1.3473528623580933
2025-04-12 08:00:00,32.04557151407845,62.54095497070772,7.064680263814106,753.6459549572401,1.785685259984684,32.213409423828125,62.286659240722656,7.0034565925598145,724.406982421875,1.7661864757537842
2025-04-12 12:00:00,28.736337267370516,61.18957848118139,7.030357186751862,1000.0,1.5310892016364255,28.75072479248047,62.71477508544922,6.993715763092041,946.7987060546875,1.4814540147781372
2025-04-12 16:00:00,25.792613171307465,69.16979692397919,7.050421755538093,735.1737821138063,1.023701492571321,25.24788475036621,72.80460357666016,6.985802173614502,724.8678588867188,0.9078348278999329
2025-04-12 20:00:00,25.611110621892955,82.36269799773103,7.124824071303598,97.82191827667185,0.579373809352004,25.42579460144043,83.15778350830078,6.997806072235107,51.906524658203125,0.5672381520271301
2025-04-13 00:00:00,28.875820012941787,85.09306419221667,7.056038022245545,81.76037267167396,0.5928520152942229,28.787073135375977,81.96662902832031,7.015237808227539,41.19679260253906,0.7279807329177856
2025-04-13 04:00:00,32.41733032611487,71.09558222043417,6.9945830562850935,76.13257679795191,1.40708492821707,32.066226959228516,72.7064437866211,7.0070481300354,49.23883056640625,1.3083133697509766
2025-04-13 08:00:00,31.934317486667457,62.43660092052527,7.027908586137003,762.877973896823,1.7794367198609478,32.15559387207031,62.37248611450195,6.999528884887695,723.2452392578125,1.7581932544708252
2025-04-13 12:00:00,28.210611186048894,65.20482492130732,6.938171745007007,983.1703001529279,1.3314484526852537,28.731685638427734,62.76485061645508,6.989250183105469,946.0658569335938,1.4779831171035767
2025-04-13 16:00:00,25.858381579321257,72.39416921371068,7.050754042831291,717.0208662867825,0.9202132238563091,25.221887588500977,72.8470230102539,6.978326320648193,724.6060791015625,0.9035887718200684
2025-04-13 20:00:00,25.841978824421318,78.59248020391887,7.109487224682788,36.2264498535217,0.7129062447330035,25.442659378051758,83.18744659423828,6.990939140319824,53.96443557739258,0.5648221373558044
2025-04-14 00:00:00,29.744268288843266,81.08137199844548,6.975732876783018,89.90520491854434,0.7910299206382447,28.796667098999023,82.15129089355469,6.989928245544434,38.754940032958984,0.7180445194244385
2025-04-14 04:00:00,32.02111416799489,75.49279856933886,7.050289801915112,46.48420527805216,1.1666534255187346,31.93425750732422,72.90099334716797,6.983372211456299,49.37803649902344,1.291221261024475
2025-04-14 08:00:00,32.76253032155295,61.28232214473558,7.092074755483174,716.9180326548732,1.9217643509541982,32.014747619628906,62.63651657104492,6.976582050323486,724.1998901367188,1.7339524030685425
2025-04-14 12:00:00,28.810167737082367,56.8017695354217,7.097360096849534,998.4136671649023,1.7114894153618687,28.637596130371094,62.9232177734375,6.980380535125732,945.8646240234375,1.4624282121658325
2025-04-14 16:00:00,26.083156978723725,72.15169451509655,7.106793223803502,761.4940466164089,0.9407155253390673,25.373720169067383,72.55416107177734,7.001443386077881,728.9326171875,0.924893319606781
2025-04-14 20:00:00,25.998900874466056,81.10473580921284,6.949390473622435,56.38624663700205,0.6351116693455778,25.537918090820312,82.94573974609375,7.021273136138916,51.72771072387695,0.5823498368263245
2025-04-15 00:00:00,29.049841092870352,78.26704953285203,7.066882006719309,70.84298943018962,0.8730625093933059,28.789426803588867,82.0884017944336,7.0092597007751465,40.41880416870117,0.7221924066543579
2025-04-15 04:00:00,32.23857293006288,68.78372442479811,6.966357199733988,90.95825340421433,1.5043914475198705,32.15302658081055,72.548583984375,7.022153377532959,49.28582763671875,1.3218555450439453
2025-04-15 08:00:00,32.8888040977,63.11700814002762,6.991718852160095,761.4255716494421,1.8437286749125024,32.17380142211914,62.26372146606445,7.005889415740967,726.130859375,1.764975666999817
2025-04-15 12:00:00,29.267688654886406,60.13370152648023,7.082691571969144,996.9189438446457,1.6217858235966376,28.767595291137695,62.69010543823242,6.99553108215332,946.4942626953125,1.4841029644012451
2025-04-15 16:00:00,25.13791457707728,70.97813537291209,7.049537815081299,739.113646567069,0.926927642789293,25.28299903869629,72.77273559570312,6.98891544342041,723.4555053710938,0.9110363125801086
2025-04-15 20:00:00,24.816235441380655,83.20436971606568,7.077952262700687,81.76388207723511,0.5262521554409472,25.399456024169922,83.24821472167969,6.992987155914307,52.637516021728516,0.5624074935913086
2025-04-16 00:00:00,28.791609115707235,81.02418032979926,6.993925504667135,61.49939864237558,0.7510041398601377,28.770252227783203,82.04973602294922,7.004444599151611,41.38782501220703,0.7230381965637207
2025-04-16 04:00:00,33.15768408885999,70.9635711222655,7.114061490415363,45.08536516947757,1.4735434194867887,32.00211715698242,72.82261657714844,6.9936909675598145,48.10476303100586,1.299248456954956
2025-04-16 08:00:00,32.9732207605524,60.63472880029806,7.074798031599272,776.0436441297528,1.9771589226771582,32.20584487915039,62.34946823120117,7.003929615020752,722.0321655273438,1.7623932361602783
2025-04-16 12:00:00,28.379711831212834,60.530441092993456,7.084846240871892,1000.0,1.5252259268766184,28.779462814331055,62.67105484008789,6.999976634979248,946.6179809570312,1.485390543937683
2025-04-16 16:00:00,24.887895242960415,72.14576153843662,6.986372996101463,763.0582695268022,0.8764854745880967,25.301267623901367,72.7479476928711,6.991785526275635,723.4982299804688,0.9128344058990479
2025-04-16 20:00:00,26.109115875750117,82.22183282899303,7.09895139691785,59.205135696530064,0.6014679262023308,25.409997940063477,83.18231964111328,7.000391960144043,52.33329391479492,0.566608726978302
2025-04-17 00:00:00,28.359123144749386,83.04515136335317,7.023233085737225,73.58127892130416,0.6544050480814736,28.903236389160156,81.82498931884766,7.020625114440918,42.13523864746094,0.7375355362892151
2025-04-17 04:00:00,32.64569037408705,71.36757947408576,7.008479851061975,22.780044623336526,1.4118754901317314,32.170875549316406,72.49806213378906,7.020826816558838,50.42716979980469,1.3258891105651855
2025-04-17 08:00:00,32.08300710459789,66.25025782546194,7.070314341571527,783.509949920216,1.612266982081743,32.18714904785156,62.38729476928711,6.995884895324707,721.9407958984375,1.7592482566833496
2025-04-17 12:00:00,29.735463559389142,62.35887971168736,7.068201753308641,961.2232107962309,1.573062793371503,28.634363174438477,62.9036865234375,6.977206707000732,947.6293334960938,1.4633301496505737
2025-04-17 16:00:00,25.077627082421603,74.58844190601029,6.996700222181378,722.4675626887489,0.8087113276976097,25.33331871032715,72.60037994384766,6.9856157302856445,729.3883666992188,0.9186691641807556
2025-04-17 20:00:00,26.034520247093457,81.11628281376996,7.141856215078871,56.64562560263598,0.6360612570604527,25.442989349365234,83.16522216796875,6.995293617248535,53.440330505371094,0.5665120482444763
2025-04-18 00:00:00,29.009864961004773,82.4254929391954,7.128332873915677,40.25418706158827,0.7043795227909446,28.84568214416504,82.02626037597656,7.005743980407715,39.56118392944336,0.7263320088386536
2025-04-18 04:00:00,32.50763467622949,70.87634800660437,7.067867102136777,59.413159787213125,1.4249857882336454,32.210350036621094,72.50638580322266,7.019543647766113,49.85514450073242,1.327418327331543
2025-04-18 08:00:00,31.39638295843665,64.96052509339329,7.059135516232773,739.3781923832805,1.6100546975950745,32.262882232666016,62.217472076416016,7.014311790466309,723.8509521484375,1.7730134725570679
2025-04-18 12:00:00,27.815978957371733,63.55523175574431,7.054104656409203,984.3384922202315,1.362894987390983,28.757898330688477,62.70928955078125,6.99721622467041,946.1551513671875,1.48196280002594
2025-04-18 16:00:00,25.34305104870318,72.93017892480634,6.960115513795255,756.3395490876576,0.8751910014262713,25.32114601135254,72.6734848022461,6.992368698120117,726.9820556640625,0.9165217280387878
2025-04-18 20:00:00,25.576787050545143,82.45604202849263,7.043255714492262,64.04901023182519,0.5751357723302819,25.456289291381836,83.12397003173828,7.005204200744629,52.46841812133789,0.5704213380813599
2025-04-19 00:00:00,28.344763079392035,82.94652161810104,7.041081378083922,75.27744777811465,0.6576631908070394,28.738752365112305,82.14424133300781,6.999520301818848,40.11642837524414,0.7178744673728943
2025-04-19 04:00:00,31.827116903160473,78.63570077957084,7.007303714677215,63.407123053700346,1.005942407318733,31.93813133239746,72.94612121582031,6.984767913818359,48.38746643066406,1.2883151769638062
2025-04-19 08:00:00,32.652199923311706,60.188461560043,7.020636840389055,741.6636871937707,1.9638408185684848,31.929424285888672,62.80035400390625,6.961853981018066,722.2178955078125,1.7204755544662476
2025-04-19 12:00:00,29.188789233489455,60.36539308944842,6.91703967925336,1000.0,1.605038098488424,28.4825382232666,63.190338134765625,6.954960823059082,946.2745361328125,1.438233494758606
2025-04-19 16:00:00,25.374389847929177,73.82660872172976,6.981240652482884,713.3552485878855,0.8477854196857165,25.058353424072266,73.00812530517578,6.955698490142822,728.1357421875,0.8868122696876526
2025-04-19 20:00:00,25.833361238716176,80.55962014377538,7.082195613564498,13.175011816910057,0.6470670734298887,25.245983123779297,83.448974609375,6.969281196594238,51.788448333740234,0.54826420545578
2025-04-20 00:00:00,28.30962201216427,82.45275425905581,7.121068319085619,28.89628860224276,0.675325406684224,28.682538986206055,82.39790344238281,6.976398944854736,37.47993850708008,0.7034647464752197
2025-04-20 04:00:00,32.18285731661861,70.05289211836084,6.987339439738863,56.76271365642221,1.4386973630871966,31.977611541748047,72.96337890625,6.9793219566345215,47.872840881347656,1.289771556854248
2025-04-20 08:00:00,33.18476357805393,61.705970471724285,7.043650906752448,757.8293623636109,1.9462993236076191,32.018455505371094,62.64447021484375,6.972510814666748,723.39453125,1.7339695692062378
2025-04-20 12:00:00,28.930884224994255,63.11218815147693,7.089427590473517,946.576426341179,1.4717152701902108,28.530677795410156,63.08821487426758,6.967164039611816,946.8386840820312,1.4458553791046143
2025-04-20 16:00:00,25.49577780218009,71.62594917688297,7.008497722708913,749.7677957631757,0.9257145039531754,25.321821212768555,72.61784362792969,6.988300323486328,729.8037719726562,0.9180085062980652
2025-04-20 20:00:00,26.58559483787046,82.05124112015446,7.068320882865382,61.76406748909967,0.6245399763417279,25.430845260620117,83.1750717163086,7.003232479095459,51.18697738647461,0.567678689956665
2025-04-21 00:00:00,28.185851203856455,79.50497316674813,7.031138858238118,71.6300430906877,0.7831205990153451,28.81873893737793,82.02156829833984,7.012281894683838,40.417789459228516,0.7262933850288391
2025-04-21 04:00:00,32.747839085239654,69.96453456911183,7.092348442438394,16.074006844012928,1.489589715733096,32.07811737060547,72.67723083496094,7.006335735321045,48.4085693359375,1.311403512954712
2025-04-21 08:00:00,33.18161704182265,60.38761606484417,6.968705806033695,802.3053331458423,2.012950043428388,32.25490951538086,62.27078628540039,7.009789943695068,722.6998901367188,1.7694469690322876
2025-04-21 12:00:00,28.723093323531565,60.07079502089674,6.9775995115787435,1000.0,1.5740181293543118,28.666383743286133,62.85443115234375,6.9868268966674805,946.8296508789062,1.4675424098968506
2025-04-21 16:00:00,25.85123606507051,68.22571982755679,7.046805301464267,725.6564248900486,1.0587165971750796,25.215993881225586,72.83851623535156,6.981898784637451,725.2080688476562,0.9042676687240601
2025-04-21 20:00:00,24.930410923037634,82.48859168536666,7.037638648012148,59.27585463835806,0.5524272640781516,25.460905075073242,83.14842224121094,7.002810478210449,52.29240798950195,0.5692177414894104
2025-04-22 00:00:00,28.53039649480719,84.0924454319107,7.028248209063963,84.72165520063982,0.6201156272343136,28.752700805664062,82.15967559814453,6.997226715087891,40.49748229980469,0.7173022031784058
2025-04-22 04:00:00,32.53034751575243,74.26869550922437,7.059856111898854,40.214694929685265,1.2606129661735963,32.006771087646484,72.77397918701172,6.998520374298096,48.99111557006836,1.302260398864746
2025-04-22 08:00:00,32.73714764428391,60.29970276716338,6.984531925660743,720.1039474687983,1.9677282192729795,32.082550048828125,62.546173095703125,6.982370853424072,722.6763916015625,1.7437292337417603
2025-04-22 12:00:00,29.434230948793985,62.815085252052214,6.962592623307558,997.639202539448,1.5272959196023463,28.611299514770508,62.92171096801758,6.970535755157471,949.0045776367188,1.461040735244751
2025-04-22 16:00:00,26.194475370922856,72.48137101976705,7.006058998487194,749.3459438094637,0.9357097833831438,25.174837112426758,72.79104614257812,6.97096061706543,731.15283203125,0.9022746086120605
2025-04-22 20:00:00,25.375937798175517,84.87330965140573,7.011650475953725,74.59979874059047,0.49001547073671853,25.306509017944336,83.30281829833984,6.984323501586914,50.74915313720703,0.5570126175880432
2025-04-23 00:00:00,29.458253739662254,80.61223732979862,7.015029820258499,82.14917911386416,0.7974160905721132,28.583736419677734,82.359619140625,6.985902309417725,40.1174430847168,0.7028846144676208
2025-04-23 04:00:00,32.15439705548914,68.67140342639694,7.092669464879088,80.39072525114013,1.5026502785450062,31.92835235595703,72.91934204101562,6.990846157073975,47.942161560058594,1.2896575927734375
2025-04-23 08:00:00,32.776595133007845,61.475479005333725,7.067738041651355,722.2462630084352,1.913688671893853,32.03241729736328,62.591087341308594,6.984004974365234,723.6732177734375,1.7378523349761963
2025-04-23 12:00:00,28.96519226100205,60.024624126557484,7.055879172769166,978.5791632922892,1.5980664838433039,28.684524536132812,62.90584945678711,6.981104850769043,942.724853515625,1.468017339706421
2025-04-23 16:00:00,25.620185200479167,70.62271198115722,7.04031715904286,734.0339870073855,0.9655439789418714,25.294410705566406,72.71236419677734,6.985724925994873,726.522705078125,0.9124146699905396
2025-04-23 20:00:00,25.609100183949224,81.4839114359698,7.007507756525617,84.33417751247565,0.6081688754824048,25.472599029541016,83.12802124023438,7.003996849060059,52.34733200073242,0.5702111124992371
2025-04-24 00:00:00,28.046228939487285,82.75280132807079,6.984589958818756,76.09724206519995,0.6536889740010943,28.813852310180664,81.9574203491211,7.015204429626465,41.70054244995117,0.7286453247070312
2025-04-24 04:00:00,31.750622130093554,73.15718533865126,6.967429345623327,83.45645826763938,1.258439298045368,32.067115783691406,72.66477966308594,7.007329940795898,49.5655517578125,1.3110994100570679
2025-04-24 08:00:00,32.363953779432705,63.36038196369017,6.9925618741343945,761.1622708023809,1.7782829836139804,32.024173736572266,62.554931640625,6.98015832901001,724.3338012695312,1.7398420572280884
2025-04-24 12:00:00,28.004941904565605,62.757115976599664,7.025141117239879,987.4505769910248,1.4081602088516942,28.560571670532227,63.07099533081055,6.963670253753662,945.3314208984375,1.4505165815353394
2025-04-24 16:00:00,25.800085380848312,72.59126694194353,6.969538006648795,746.0639864532942,0.9104959988574644,25.07627296447754,73.07197570800781,6.957406997680664,722.8978881835938,0.8859286904335022
2025-04-24 20:00:00,25.820257812392505,81.79924530127225,7.035763204544759,34.711511485688554,0.6053368418583251,25.165876388549805,83.57833099365234,6.958109378814697,52.08635330200195,0.5409071445465088
2025-04-25 00:00:00,28.99875252855768,83.87285999892035,7.015553181456037,73.75449722780775,0.6459546654321562,28.55484390258789,82.52875518798828,6.9642133712768555,37.95686340332031,0.6931978464126587
2025-04-25 04:00:00,31.738701860877583,72.514763506471,7.005410167240658,53.371772055656294,1.287687856080602,31.846494674682617,73.09410095214844,6.9671549797058105,48.21014404296875,1.2758569717407227
2025-04-25 08:00:00,32.9893383366908,60.85813914341468,7.0833517328784,774.4859656971249,1.9677162993381345,31.946996688842773,62.75641632080078,6.9637861251831055,723.5004272460938,1.7235013246536255
2025-04-25 12:00:00,29.853772571977963,59.970540246035235,6.902244156706682,1000.0,1.684282272697529,28.528505325317383,63.12680435180664,6.966511249542236,945.0220947265625,1.44415283203125
2025-04-25 16:00:00,25.44460405070402,72.00859684402698,7.006088610553572,788.7599905249823,0.9104609435810495,25.116230010986328,72.95548248291016,6.966384410858154,726.4578857421875,0.8930875658988953
2025-04-25 20:00:00,25.62633332620665,80.49352375399828,6.907653215536345,62.352528302449926,0.641353507306766,25.269033432006836,83.34615325927734,6.984124660491943,50.62177658081055,0.5551463961601257
2025-04-26 00:00:00,28.922078587586455,80.35168754633328,7.035109522674737,62.81474101595383,0.7835108870134824,28.489988327026367,82.50641632080078,6.976032257080078,39.31599807739258,0.6930691599845886
2025-04-26 04:00:00,32.55049546982559,73.22578756582706,7.061290468188211,47.6515824064146,1.3131947981644818,31.887815475463867,73.00727081298828,6.983025074005127,46.89097595214844,1.2829231023788452
2025-04-26 08:00:00,32.225531497012994,59.9952993881113,6.955626078817574,742.3084839515643,1.926510092367582,32.05221176147461,62.59456253051758,6.9804158210754395,722.707763671875,1.7390661239624023
2025-04-26 12:00:00,28.80392714026653,61.655873110204396,6.962028509833695,994.8269631762747,1.5186240119030603,28.511743545532227,63.16713333129883,6.950963973999023,945.0841064453125,1.4428588151931763
2025-04-26 16:00:00,25.809966445299363,73.81573590459296,6.938266397442742,769.9829604948453,0.8703290976066693,25.059490203857422,73.01119995117188,6.955239295959473,728.0933227539062,0.8865995407104492
2025-04-26 20:00:00,26.529919725998898,79.99971882099445,7.0263634886639235,29.327041600569043,0.6936471763345344,25.14455795288086,83.56905364990234,6.963493824005127,50.70423889160156,0.5417057275772095
2025-04-27 00:00:00,28.1066759874485,84.9974669261984,7.003967326887204,66.69746088594393,0.5706171751234792,28.653194427490234,82.3310775756836,6.98379373550415,39.080204010009766,0.7057605385780334
2025-04-27 04:00:00,32.21890697758564,70.98954809216787,7.007074004177825,33.47992450204496,1.3965370116791846,31.858125686645508,73.09789276123047,6.9697980880737305,46.778053283691406,1.2763222455978394
2025-04-27 08:00:00,31.68058297717108,60.87679832154299,7.0026081587231115,757.459502977886,1.8269055831662753,31.90315818786621,62.87201690673828,6.954693794250488,722.2193603515625,1.714403748512268
2025-04-27 12:00:00,29.602724053937408,57.906262209292244,6.972326787479009,990.8294076855493,1.7457668632229466,28.45376205444336,63.23670959472656,6.948414325714111,946.3551635742188,1.434147834777832
2025-04-27 16:00:00,25.048741004851667,75.55233663126782,7.077600441892208,760.0724393100207,0.7766989141791809,25.09383773803711,72.94786834716797,6.96014928817749,728.862060546875,0.8912883996963501
2025-04-27 20:00:00,24.62100959261872,81.29474324780308,7.034623774703987,52.60157822137903,0.5792954612568821,25.279741287231445,83.36833953857422,6.980619430541992,51.152767181396484,0.5539214611053467
2025-04-28 00:00:00,29.1107720808941,83.32821505890904,6.9595186103815925,54.24599255596562,0.6721048786094843,28.54582405090332,82.5601806640625,6.972348213195801,37.67567825317383,0.692899227142334
2025-04-28 04:00:00,33.12793575397913,68.80820231544453,6.983724446428847,82.30516382102117,1.580287946150809,31.888439178466797,73.05986785888672,6.97306489944458,46.98729705810547,1.2797865867614746
2025-04-28 08:00:00,32.58757913088795,64.25339913954771,6.975148348497099,752.5176255611144,1.7569259436694682,31.959850311279297,62.68699264526367,6.970565319061279,724.0899047851562,1.7283637523651123
2025-04-28 12:00:00,28.89407752011078,66.57244916906404,7.089048182394126,1000.0,1.3308254354245768,28.55776596069336,63.04410934448242,6.964015960693359,947.120361328125,1.451183557510376
2025-04-28 16:00:00,25.532147427720062,68.82871873903925,7.054312750854616,740.3690773789873,1.019172144891888,25.180265426635742,72.89644622802734,6.972491264343262,724.3973999023438,0.8995725512504578
2025-04-28 20:00:00,26.03499729774484,79.27799118506512,7.012427314374345,48.14483320285004,0.6980002107185896,25.34429359436035,83.30914306640625,6.9855170249938965,51.676513671875,0.557544469833374
2025-04-29 00:00:00,28.33901501025191,84.53774121222858,7.101778256036541,94.60764814843293,0.5960991732686054,28.744979858398438,82.16741943359375,6.991120338439941,39.979339599609375,0.715727686882019
2025-04-29 04:00:00,32.18429270835359,73.24964678420125,7.089019376548807,45.637153946064906,1.2852252821374766,32.050880432128906,72.6970443725586,7.005616664886475,49.045326232910156,1.3090195655822754
2025-04-29 08:00:00,32.01387118614198,64.03303693030742,7.004881652081759,741.7356345943059,1.7114892608297412,32.17167663574219,62.391456604003906,6.998044967651367,722.959228515625,1.7578020095825195
2025-04-29 12:00:00,28.19218199161313,62.06421591177156,6.995888930682658,1000.0,1.4500703784046918,28.729591369628906,62.73828125,6.989284515380859,947.6280517578125,1.4788713455200195
2025-04-29 16:00:00,25.14782540041283,76.75333022142749,6.998298998993981,746.7229227967351,0.7429119963051508,25.206462860107422,72.82610321044922,6.977656841278076,726.9308471679688,0.9035704135894775
2025-04-29 20:00:00,25.865873578112456,81.93728856621088,6.968779866990402,61.584943558427774,0.6023697221053648,25.34359359741211,83.27078247070312,6.984753131866455,52.79463577270508,0.5589503645896912
2025-04-30 00:00:00,29.043325482143434,79.5010866230978,7.100702383615419,47.8981367298923,0.8231785030229251,28.635799407958984,82.33416748046875,6.982251167297363,39.25323486328125,0.7051833271980286
2025-04-30 04:00:00,32.54628127313893,71.17428109020571,6.963683036039117,92.42202676806984,1.4134797573721793,31.94425392150879,72.97854614257812,6.984441757202148,47.34760665893555,1.2869244813919067
2025-04-30 08:00:00,32.297363828911486,59.646820464175114,7.057418876963433,746.9871320778308,1.9511806532762992,31.882583618164062,62.82966613769531,6.960127830505371,723.99560546875,1.715504765510559
2025-04-30 12:00:00,29.021686299311362,65.14935326814116,7.048530817737502,988.7570322123765,1.3977550282068463,28.487411499023438,63.213382720947266,6.959628105163574,944.2319946289062,1.437078595161438
2025-04-30 16:00:00,24.895627621635263,71.83589604194688,6.9987603622808825,744.0623282852814,0.8866445846285439,25.194549560546875,72.89530181884766,6.974337577819824,723.7474365234375,0.9000800848007202
2025-04-30 20:00:00,25.141167849845704,83.77321519472069,7.104505916375284,76.51308809327043,0.5183666678707413,25.367919921875,83.29779815673828,6.988438606262207,52.41545867919922,0.5589065551757812
2025-05-01 00:00:00,28.839414755902986,81.29953157618117,6.93355707955872,98.56207147386473,0.7421569218134545,28.77873420715332,82.0499038696289,7.004605293273926,41.117431640625,0.7234441041946411
2025-05-01 04:00:00,32.34627218199734,70.74981710747896,7.007527330563852,62.40665710814039,1.4182269367576792,31.9073543548584,72.92766571044922,6.984206676483154,48.54399108886719,1.288390040397644
2025-05-01 08:00:00,32.367608180017335,58.12807936741189,6.987059887365771,732.7441141326784,2.032648382526348,32.029380798339844,62.59019470214844,6.980429172515869,723.5095825195312,1.7380414009094238
2025-05-01 12:00:00,28.674244996410454,63.68498171136545,7.05954155312634,1000.0,1.4275015210250515,28.52097511291504,63.131324768066406,6.9596781730651855,945.83935546875,1.4442120790481567
2025-05-01 16:00:00,25.090599321715725,75.46246352268477,7.0291901888315556,752.7110192881852,0.7814992265640361,25.138071060180664,72.95921325683594,6.967557907104492,724.4109497070312,0.894189178943634
2025-05-01 20:00:00,26.85819666380304,78.38076984156514,6.925147136679472,52.51035163689804,0.7644098429996427,25.31390380859375,83.34400177001953,6.980620861053467,52.37799835205078,0.555029034614563
2025-05-02 00:00:00,29.179677892566026,78.64002493115363,7.070916610602296,58.241851950110146,0.8645361846952327,28.5996036529541,82.41496276855469,6.975536823272705,38.8458366394043,0.6997677087783813
2025-05-02 04:00:00,32.39695960921389,73.51119267165483,7.033215724561202,27.6877926313446,1.2880124749910804,31.97504234313965,72.8825454711914,6.991949558258057,47.29854965209961,1.2944661378860474
2025-05-02 08:00:00,32.073781622134376,59.09684486858594,6.957168045316827,749.0918866766185,1.9529765751752928,32.08245086669922,62.55382537841797,6.982442378997803,722.8384399414062,1.7431559562683105
2025-05-02 12:00:00,28.500674842627884,65.18805360795469,6.9914586831756536,1000.0,1.3547179863435286,28.557292938232422,63.02023696899414,6.966317176818848,948.3516845703125,1.4517356157302856
2025-05-02 16:00:00,25.196782344098594,70.89603623794288,6.943948392666369,774.4024050541125,0.932810799371088,25.117694854736328,72.93657684326172,6.9651618003845215,727.5383911132812,0.8936869502067566
2025-05-02 20:00:00,25.408597062755412,80.18051892021762,7.000400737134149,45.362153879517614,0.6432806561879323,25.204641342163086,83.49920654296875,6.972239017486572,50.22489929199219,0.54632967710495
2025-05-03 00:00:00,27.76842656746811,84.34428499106042,7.013802549292939,68.6144409887837,0.5838425704237911,28.565631866455078,82.48328399658203,6.977015018463135,38.37144470214844,0.6967400908470154
2025-05-03 04:00:00,31.388051156950066,71.34164469455202,6.989564292993251,81.41247047179046,1.316221263466268,31.758941650390625,73.30310821533203,6.956501483917236,45.2809944152832,1.259477138519287
2025-05-03 08:00:00,31.854304760167924,61.30432069716169,6.983773425931306,750.7505769709556,1.8247986959390183,31.784587860107422,63.030029296875,6.941082954406738,722.9781494140625,1.6984968185424805
2025-05-03 12:00:00,28.81221405788894,62.9896427785086,6.92565963247239,1000.0,1.4665030414427633,28.358570098876953,63.42670440673828,6.934501647949219,945.0486450195312,1.4180837869644165
2025-05-03 16:00:00,25.124906150785975,67.95441609948776,7.023158724000109,758.4862254527569,1.0227100753423617,24.896347045898438,73.31217956542969,6.936523914337158,724.1842651367188,0.8683223724365234
2025-05-03 20:00:00,25.98360333741164,84.80943348573919,6.910073921081801,56.49449817250079,0.5101270327299017,25.0831356048584,83.70164489746094,6.953831195831299,49.309967041015625,0.5347028970718384
2025-05-04 00:00:00,27.94929972120824,83.66333068311911,7.005128693117782,44.582175169503145,0.6156941210035973,28.343870162963867,82.79643249511719,6.948942184448242,38.35102844238281,0.6748557090759277
2025-05-04 04:00:00,31.778926995042195,70.24567748262966,6.913616926004296,72.25374341440642,1.3971728733798954,31.721071243286133,73.36672973632812,6.947183132171631,45.99976348876953,1.2539985179901123
2025-05-04 08:00:00,32.91464560033943,59.09354086091717,7.006099961730233,696.5073490768316,2.0478244329060944,31.73310661315918,63.118507385253906,6.932419776916504,722.806640625,1.6904267072677612
2025-05-04 12:00:00,28.756057777043704,64.34920609095606,7.0032687669765314,986.6275427487219,1.4080472269441744,28.39832878112793,63.32908630371094,6.9377875328063965,946.8102416992188,1.4258263111114502
2025-05-04 16:00:00,25.66881779096895,73.19887918369477,7.023741965589846,722.0939906182417,0.8834159308723271,25.012901306152344,73.03112030029297,6.946040153503418,730.824951171875,0.8837194442749023
2025-05-04 20:00:00,26.252019971203104,83.89553135776578,7.046689003045999,76.96032508479456,0.5494593962028298,25.14478874206543,83.62328338623047,6.957306385040283,50.12363052368164,0.5385067462921143
2025-05-05 00:00:00,28.324948749886367,81.64709118556198,7.053157064938138,96.10552113849184,0.7069613667047214,28.49309730529785,82.53848266601562,6.971678256988525,38.7374153137207,0.6915673017501831
2025-05-05 04:00:00,32.08629540507901,72.9637245666831,6.920275513856795,51.25839915659231,1.2917962278365107,31.8772029876709,73.03203582763672,6.980415344238281,47.23933410644531,1.280884861946106
2025-05-05 08:00:00,31.99973912350959,63.35352713830298,6.997867341168937,805.2980628630893,1.7424317883242728,31.99587631225586,62.66118621826172,6.972395896911621,722.7338256835938,1.7321990728378296
2025-05-05 12:00:00,27.694554456595636,65.34870331561102,7.101324688053594,1000.0,1.2866799688083748,28.498348236083984,63.19169616699219,6.9601922035217285,944.3030395507812,1.4393123388290405
2025-05-05 16:00:00,25.052550941821536,75.17573583413184,7.006732672250477,753.9431061207306,0.7888424004666771,25.159950256347656,73.02159118652344,6.971442699432373,718.495361328125,0.8945647478103638
2025-05-05 20:00:00,25.648280437389854,80.59305153222653,6.9592102368105255,85.73455734880056,0.6389117895762126,25.301027297973633,83.36381530761719,6.97329568862915,54.05205535888672,0.5531913042068481
2025-05-06 00:00:00,28.923003168353937,81.88715471194814,6.993921203295206,48.84315564736003,0.722320058977242,28.492549896240234,82.52510070800781,6.965543746948242,38.5457878112793,0.6917175650596619
2025-05-06 04:00:00,32.42635159727958,70.64017311292034,6.97872296260147,61.313908681782586,1.4299810416914847,31.79916000366211,73.21326446533203,6.9597368240356445,45.870243072509766,1.2669674158096313
2025-05-06 08:00:00,31.929055522265823,62.50119296988851,6.939083351760565,759.2642081885825,1.775848501976498,31.927080154418945,62.781654357910156,6.962176322937012,723.2452392578125,1.721125841140747
2025-05-06 12:00:00,28.324659779444996,64.40987589495845,7.041361469027523,986.1589665196786,1.370922763599316,28.413978576660156,63.28699493408203,6.945892810821533,947.3369750976562,1.4282275438308716
2025-05-06 16:00:00,25.823234618259377,68.45707707208953,7.027123887530941,724.3137929780355,1.0492673795237137,25.043622970581055,73.08578491210938,6.952109336853027,724.903564453125,0.8837419748306274
2025-05-06 20:00:00,24.939948209131234,85.30882082522172,6.931180806011566,35.12526663665824,0.463721814035003,25.24588966369629,83.49577331542969,6.968036651611328,51.506935119628906,0.5465370416641235
2025-05-07 00:00:00,28.780117122288434,80.05146006803984,6.990297686242929,48.13094369261276,0.7889764044082402,28.550230026245117,82.59357452392578,6.959648132324219,38.53786087036133,0.6900700926780701
2025-05-07 04:00:00,32.17884505836835,71.616991773053,6.9666382329746686,76.13888729437784,1.3632473079549183,31.800825119018555,73.20372772216797,6.957943439483643,47.2086067199707,1.2674461603164673
2025-05-07 08:00:00,32.82803622615814,63.74582951069503,6.914881789707526,743.2421906810778,1.8061215136165032,31.816314697265625,62.934303283691406,6.947757244110107,724.7617797851562,1.7054680585861206
2025-05-07 12:00:00,29.11878228172801,62.4778460133748,6.924220442559975,967.2031515184602,1.5133646085487769,28.393604278564453,63.31583786010742,6.944491863250732,947.3839111328125,1.4250550270080566
2025-05-07 16:00:00,24.521345177420518,74.39704213039654,6.931663424243758,759.4064102116844,0.788206360195893,24.93729591369629,73.18163299560547,6.939669609069824,728.6049194335938,0.8748231530189514
2025-05-07 20:00:00,24.575197904366558,81.27595105285994,6.992039927761635,88.0069939897795,0.578292396653421,24.911996841430664,83.9487533569336,6.930381774902344,49.0074462890625,0.519616961479187
2025-05-08 00:00:00,28.902414801676457,80.05820592583763,6.969046333886116,42.3249895092276,0.794310251779331,28.275121688842773,82.86892700195312,6.94739294052124,37.311912536621094,0.6700685620307922
2025-05-08 04:00:00,32.044892684090065,74.31517376720274,6.943984585791488,87.80318055739988,1.2243573432465098,31.635757446289062,73.53962707519531,6.939578533172607,44.342159271240234,1.2396196126937866
2025-05-08 08:00:00,31.849475615802763,61.54749948532708,6.972349832415236,767.3774628433952,1.8128356300907629,31.64525032043457,63.29570388793945,6.924027919769287,721.6483764648438,1.6752619743347168
2025-05-08 12:00:00,29.120773834639124,60.82901550144162,7.029320732488557,978.9168388106906,1.5800478423083741,28.246334075927734,63.65005111694336,6.919946670532227,943.3084106445312,1.3989534378051758
2025-05-08 16:00:00,25.24258796854859,74.56402054928654,7.009778788759887,737.0418112748151,0.8174719285337356,24.95388412475586,73.24205017089844,6.940672874450684,723.5517578125,0.873803973197937
2025-05-08 20:00:00,25.175086970948858,80.63754245283766,7.042037424277379,49.299586483893435,0.6197855726979675,25.167522430419922,83.58651733398438,6.958500862121582,52.20600891113281,0.540733814239502
2025-05-09 00:00:00,28.982280047942755,82.56505019385838,6.977439215898822,46.74408747996153,0.6976730312805062,28.55865478515625,82.53348541259766,6.965980052947998,37.795066833496094,0.6934187412261963
2025-05-09 04:00:00,31.868912845231204,72.78244538448858,7.068982718668867,19.397137520508537,1.2845779512025488,31.841522216796875,73.13883972167969,6.962351322174072,47.363399505615234,1.2731568813323975
2025-05-09 08:00:00,32.84072683543926,61.23353829511462,7.006258853319709,734.9368125689127,1.932656549678181,32.022945404052734,62.68925857543945,6.970242023468018,721.9855346679688,1.7319703102111816
2025-05-09 12:00:00,28.19834191594873,62.16561586232189,6.964408987967715,988.9273134270877,1.4467124637616462,28.559072494506836,63.00901412963867,6.965564727783203,948.8937377929688,1.4525070190429688
2025-05-09 16:00:00,25.45672864559852,71.15519666867556,6.993502449619303,787.8111981072212,0.9388945282753101,25.079147338867188,72.93965911865234,6.958398342132568,730.7608032226562,0.8904346227645874
2025-05-09 20:00:00,25.8451805317574,79.57550087477416,6.926451061505293,60.40915676300999,0.6802989084316153,25.162315368652344,83.51083374023438,6.971825122833252,48.642696380615234,0.5454282164573669
2025-05-10 00:00:00,27.88265196552138,84.64135210380054,6.970385699711226,47.53379325844832,0.5765912834633418,28.42626953125,82.65608978271484,6.968969345092773,37.92435073852539,0.6845548152923584
2025-05-10 04:00:00,31.863733737368957,71.3681010109131,7.007193668034945,47.33239319352114,1.3509344728535946,31.807212829589844,73.22467803955078,6.9632415771484375,45.19712829589844,1.2661993503570557
2025-05-10 08:00:00,32.60650502173796,63.52773170972757,7.016278431928544,758.5017510423048,1.7945017921830013,31.8538875579834,62.959442138671875,6.947928428649902,721.5222778320312,1.7067302465438843
2025-05-10 12:00:00,29.14992198402294,61.32600694078429,6.965186845382055,992.4409232954198,1.5626278866345396,28.41147232055664,63.31388473510742,6.940832614898682,946.380859375,1.4274863004684448
2025-05-10 16:00:00,25.021450294825556,70.85092357891959,7.1223894778997465,738.2930762178935,0.9245583993640953,25.020614624023438,73.0511474609375,6.947317123413086,728.7586059570312,0.8835696578025818
2025-05-10 20:00:00,24.739862548181247,82.91457841343129,6.97708456936585,44.81797851244644,0.5328981975018889,25.229448318481445,83.47135162353516,6.970986366271973,50.32307052612305,0.547973096370697
2025-05-11 00:00:00,29.027735993899462,81.13668161087786,6.898545510302954,61.22239780083183,0.7568156796511287,28.540464401245117,82.59603881835938,6.966416358947754,37.82540512084961,0.6905902624130249
2025-05-11 04:00:00,32.60564424916264,73.60974044971216,7.043128572010537,29.517382431487178,1.2983857912021275,31.858856201171875,73.07571411132812,6.968698501586914,47.37544250488281,1.2775626182556152
2025-05-11 08:00:00,31.431538023615637,62.61469258607348,7.012821577602596,728.2620118144217,1.7212760408015,31.99364471435547,62.70823669433594,6.968444347381592,722.419189453125,1.729137897491455
2025-05-11 12:00:00,27.947811258250894,63.025862350223015,6.994049653457875,981.4471025904517,1.3933553471719882,28.51399040222168,63.08992004394531,6.956120014190674,948.860595703125,1.4457422494888306
2025-05-11 16:00:00,25.19829480858813,75.52565119810266,6.959219167855523,727.9181243160604,0.7844976310976889,25.02460289001465,73.05036926269531,6.950479030609131,728.9218139648438,0.8835732936859131
2025-05-11 20:00:00,25.400346784310777,83.41601446646054,7.002132538211434,51.32258764118363,0.538002574685231,25.071895599365234,83.7237319946289,6.946712970733643,50.777793884277344,0.5321595072746277
2025-05-12 00:00:00,28.378242682966064,86.2580480075579,7.060117396137044,71.52178747593233,0.5309862663997751,28.489154815673828,82.65957641601562,6.957239151000977,37.62641525268555,0.6853517293930054
2025-05-12 04:00:00,32.331525750710014,74.52080138206279,6.98924823070417,87.97120410052844,1.234360220185461,31.81429672241211,73.19195556640625,6.9632158279418945,47.682106018066406,1.2680385112762451
2025-05-12 08:00:00,31.63681053730015,61.27045901732407,6.905664904496616,755.4341410544615,1.8040438668175107,31.79603385925293,63.003021240234375,6.945895195007324,723.1769409179688,1.7005950212478638
2025-05-12 12:00:00,27.470430426044217,66.2742560697339,6.806498879677775,1000.0,1.2360249800365555,28.283092498779297,63.548736572265625,6.929648399353027,945.1232299804688,1.4055768251419067
2025-05-12 16:00:00,24.851725074277034,76.27301897273362,6.998394561869082,736.6003612239994,0.7450052020376456,24.687517166137695,73.65817260742188,6.913698196411133,721.9241333007812,0.8459609746932983
2025-05-12 20:00:00,25.095291683699884,85.92268873909701,6.929870906774157,17.27345973064802,0.448475381376809,24.978607177734375,83.86386108398438,6.930171489715576,51.5183219909668,0.5238829255104065
2025-05-13 00:00:00,28.367413675115788,84.92507145447969,6.970814412389812,56.95160656119724,0.5821260805091155,28.325428009033203,82.96833038330078,6.921773910522461,37.18513107299805,0.6673133373260498
2025-05-13 04:00:00,31.390133638372028,75.3498455322603,6.935346167108932,74.44931907339245,1.1322664130133795,31.486770629882812,73.79328918457031,6.907066822052002,45.35219192504883,1.2185107469558716
2025-05-13 08:00:00,31.061610782262367,63.30226173925536,6.931754599049772,736.5264982476664,1.6544714145766815,31.454660415649414,63.68352508544922,6.890658855438232,721.5230712890625,1.6412297487258911
2025-05-13 12:00:00,28.248289252880067,61.45280195198075,6.937536341595289,978.4785626411007,1.4782547099730077,27.968584060668945,64.08586883544922,6.880251407623291,944.9022827148438,1.360052227973938
2025-05-13 16:00:00,25.490059925751137,71.56047547357838,6.942056280263774,724.5316883629949,0.9275358329168274,24.6619930267334,73.62898254394531,6.903298854827881,726.431396484375,0.8462209701538086
2025-05-13 20:00:00,25.669330759633105,78.66642585768483,7.014611847683744,62.573858028932655,0.7032165679235809,24.81237030029297,84.11064910888672,6.906978130340576,49.803375244140625,0.508940577507019
2025-05-14 00:00:00,29.07630071376642,84.57113956019379,7.0010487929114085,62.36938442559067,0.6207607629126439,28.202789306640625,83.07501220703125,6.929141521453857,35.30949401855469,0.6598403453826904
2025-05-14 04:00:00,31.53859086926067,72.62552777727359,6.91196716211402,84.58609883543379,1.2680390830432802,31.595867156982422,73.59800720214844,6.930182456970215,46.47606658935547,1.2336382865905762
2025-05-14 08:00:00,31.36969247501976,66.02812274560027,6.918779866936228,733.8911387981868,1.5586354519644003,31.632890701293945,63.2801399230957,6.922435283660889,723.5978393554688,1.67485773563385
2025-05-14 12:00:00,28.73076132918714,59.9408588517761,6.991322698478047,994.2413001753581,1.5798415978630262,28.284992218017578,63.53799057006836,6.924163341522217,945.6919555664062,1.407069206237793
2025-05-14 16:00:00,25.3358924123584,74.66141122346681,7.024991721526355,750.3440118470209,0.8188704027199325,24.926013946533203,73.2392349243164,6.939083099365234,725.798583984375,0.8727793097496033
2025-05-14 20:00:00,25.218427209159685,81.68259786990184,7.024223671250285,39.426500316667976,0.587847055993989,25.102998733520508,83.65492248535156,6.952890396118164,50.807743072509766,0.5365970134735107
2025-05-15 00:00:00,27.45208347105409,81.75313597680051,6.918721824186935,76.35006504472005,0.6680179204819314,28.419160842895508,82.772705078125,6.948453903198242,36.80449676513672,0.6783961653709412
2025-05-15 04:00:00,31.489774430868994,76.51957445801602,7.0183328378209575,85.60097948597635,1.0846521555865491,31.60137939453125,73.58439636230469,6.928332328796387,44.881256103515625,1.2355225086212158
2025-05-15 08:00:00,31.908372328167736,64.85206484642994,6.880053784510004,727.8886582924011,1.6625716641846626,31.7380428314209,63.102455139160156,6.93524694442749,723.199462890625,1.6916297674179077
2025-05-15 12:00:00,28.702724205488188,62.86949853213928,6.958723045375445,990.8383363917889,1.4619669736035141,28.35730743408203,63.380882263183594,6.931780815124512,947.7139892578125,1.420318841934204
2025-05-15 16:00:00,25.378667174336464,72.49987500876523,6.993218588356379,776.4910992425112,0.8909861353228817,24.869888305664062,73.30561828613281,6.931098937988281,726.7206420898438,0.8674117922782898
2025-05-15 20:00:00,25.06714025417624,83.77830965637388,6.864927015573864,63.44769047064548,0.5159257520794447,24.93014144897461,83.87751007080078,6.933638095855713,48.84958267211914,0.5233825445175171
2025-05-16 00:00:00,28.600745730621043,82.98813855990326,7.069945920307061,65.3797287272267,0.6658746203965022,28.06911277770996,83.22402954101562,6.914605140686035,36.95881271362305,0.649566113948822
2025-05-16 04:00:00,31.94188817167023,71.00261583415171,7.031637833251619,75.98355165162948,1.3742393117265541,31.6122989654541,73.55799102783203,6.9379167556762695,45.483768463134766,1.237072467803955
2025-05-16 08:00:00,32.24226512959892,61.31249776603178,6.997653272720818,763.1177888591117,1.864837148237196,31.71086883544922,63.214168548583984,6.9317145347595215,721.4903564453125,1.683574914932251
2025-05-16 12:00:00,28.59178665309738,66.53375568443134,6.917051663724543,1000.0,1.3092484489168683,28.383302688598633,63.406856536865234,6.93960428237915,943.7965698242188,1.4207394123077393
2025-05-16 16:00:00,25.004121042237816,78.3381319218993,6.961897892873932,754.2719002514093,0.6863682905037733,24.922901153564453,73.29651641845703,6.939395904541016,722.8438720703125,0.8700901865959167
2025-05-16 20:00:00,24.837067812645483,86.36973529149314,7.00482408259094,65.43051291447222,0.42760374001185886,25.09030532836914,83.67181396484375,6.948750972747803,52.53821563720703,0.5349568128585815
2025-05-17 00:00:00,28.451812932735596,83.77872848122185,6.905542004682163,89.94260522845545,0.6294689758327361,28.534751892089844,82.48265838623047,6.965479850769043,39.72247314453125,0.694791316986084
2025-05-17 04:00:00,32.117564524771744,71.64815514743852,6.952651371470252,57.46827443431205,1.3570482366078607,31.67223358154297,73.37155151367188,6.9449238777160645,46.633602142333984,1.251442551612854
2025-05-17 08:00:00,32.00900652980114,60.89011841750435,7.007194275522703,750.0247403520406,1.8605336724609889,31.692302703857422,63.22929000854492,6.926754474639893,721.7308959960938,1.6816965341567993
2025-05-17 12:00:00,28.601580429386985,61.13306453505912,6.886945332943501,1000.0,1.521394831361865,28.240530014038086,63.655860900878906,6.920311450958252,943.5595092773438,1.3979862928390503
2025-05-17 16:00:00,25.618426535752196,70.96582487899818,6.978296318583176,756.5145302919561,0.954167390621199,24.7532958984375,73.52967834472656,6.918907165527344,723.9473876953125,0.8539316654205322
2025-05-17 20:00:00,25.079647566449896,87.1828567331767,6.873936601551094,50.329634333443835,0.40794884429550216,24.981037139892578,83.83576965332031,6.937580585479736,49.96574020385742,0.5260612368583679
2025-05-18 00:00:00,28.062063193537377,87.01946980245913,6.91079203028716,77.13733326849466,0.4924308638520349,28.22820472717285,83.01972198486328,6.930120944976807,38.01327896118164,0.6622695326805115
2025-05-18 04:00:00,32.29246746190879,73.55385558700759,6.932754737782288,71.42313652412336,1.278386527270576,31.570980072021484,73.57696533203125,6.928969860076904,45.727134704589844,1.2345781326293945
2025-05-18 08:00:00,31.167564900077245,61.827426297058466,6.983662148702032,735.2176955414042,1.7313659460226716,31.627914428710938,63.32012939453125,6.917983055114746,722.0252075195312,1.6727644205093384
2025-05-18 12:00:00,27.845855763404316,65.5173282083156,6.922944912940783,1000.0,1.2917681523742361,28.179832458496094,63.74748992919922,6.906798839569092,944.3297729492188,1.3900905847549438
2025-05-18 16:00:00,25.090384470996234,72.38718923648445,6.964261787632551,733.8246539534841,0.8794327947950129,24.635053634643555,73.70650482177734,6.898574352264404,723.9253540039062,0.8421799540519714
2025-05-18 20:00:00,25.18065917252949,78.42299236391753,6.923622961175681,88.04725606781267,0.6909015239654259,24.791465759277344,84.14210510253906,6.90184211730957,50.54530334472656,0.5069013237953186
2025-05-19 00:00:00,27.73902120720204,84.46566946399946,6.927701184237347,60.65237692176656,0.5783229573794353,28.052167892456055,83.25131225585938,6.913379192352295,35.67546463012695,0.6481584906578064
2025-05-19 04:00:00,31.63423969359841,71.36481437793427,7.016765098232412,38.560107762619936,1.333648813309952,31.513263702392578,73.7506103515625,6.91927433013916,43.90150451660156,1.2213751077651978
2025-05-19 08:00:00,31.522606517981952,61.59998336484699,6.8967206139309924,742.1473827660582,1.7771522902201329,31.62698745727539,63.42289352416992,6.914674758911133,720.121826171875,1.666479468345642
2025-05-19 12:00:00,28.118208657513232,62.82187102659413,6.992189721540464,1000.0,1.4150088547540438,28.14368438720703,63.76435470581055,6.902239799499512,946.8688354492188,1.3864139318466187
2025-05-19 16:00:00,25.36924409195275,71.44948791618604,6.954178828569355,728.1774193148602,0.9245004126311063,24.763896942138672,73.47245025634766,6.9163007736206055,726.1192626953125,0.8567422032356262
2025-05-19 20:00:00,25.250697935589905,82.55543945840712,6.925454338397705,115.2250444003153,0.5609108203163737,24.91704750061035,83.96730041503906,6.923210620880127,50.24385452270508,0.5181405544281006
2025-05-20 00:00:00,28.326566638500207,82.84548894221527,6.889543017643554,39.41231694428849,0.6608607066585912,28.053333282470703,83.1795883178711,6.924891948699951,36.8266716003418,0.6510725021362305
2025-05-20 04:00:00,31.527248380007354,69.4575092442937,6.893107343909105,69.05485542297023,1.4138782235740437,31.55660057067871,73.67923736572266,6.9257049560546875,43.92832565307617,1.2275078296661377
2025-05-20 08:00:00,31.125404508454753,66.85244921508354,6.9134869080261625,740.2678159099709,1.4998492249288353,31.558029174804688,63.45431900024414,6.908636093139648,721.7169189453125,1.660941481590271
2025-05-20 12:00:00,29.04622019781804,59.96391625737558,6.942916438903003,983.8226739695683,1.6080050013707106,28.17379379272461,63.73240661621094,6.904247283935547,945.7182006835938,1.3906269073486328
2025-05-20 16:00:00,25.168083063431773,70.8430786345914,6.98059464107188,760.7546398183657,0.9329141989150288,24.686275482177734,73.56473541259766,6.901330947875977,727.892578125,0.849472165107727
2025-05-20 20:00:00,24.51869156125274,83.0648561545403,6.935407196267942,53.82775690223364,0.5212784667218138,24.802125930786133,84.11737060546875,6.910843849182129,48.935829162597656,0.5095065832138062
2025-05-21 00:00:00,28.670112463230616,82.27816161041548,6.934881364568615,94.32791126551804,0.6964582893334814,28.006757736206055,83.39347839355469,6.90201473236084,35.938560485839844,0.6410887241363525
2025-05-21 04:00:00,31.739302519268612,75.80900585476076,6.94234739599661,37.370275702058784,1.133390603785354,31.465242385864258,73.78539276123047,6.916682243347168,45.03118896484375,1.2170734405517578
2025-05-21 08:00:00,31.630859577124752,63.59255753842267,6.970385791734662,761.2455695008415,1.6953074554715832,31.62226676940918,63.393653869628906,6.914183616638184,720.686767578125,1.6683109998703003
2025-05-21 12:00:00,28.52791847856297,63.841053250374614,6.978787048122552,994.4955496616947,1.409362180354821,28.285676956176758,63.543861389160156,6.922004699707031,945.6491088867188,1.4071918725967407
2025-05-21 16:00:00,24.475461974324055,74.33587941368047,6.8771986333841335,755.9255777627958,0.7879246370808458,24.82172393798828,73.40674591064453,6.923783779144287,724.9310302734375,0.8618971705436707
2025-05-21 20:00:00,24.674332839525363,83.9514239057095,6.93244317167556,69.05134676240884,0.49860437432800175,24.780515670776367,84.12732696533203,6.905323028564453,50.3357048034668,0.5077702403068542
2025-05-22 00:00:00,28.344839958572898,83.60219906831466,7.0039866148383645,16.957372910410655,0.6323799749433658,28.102903366088867,83.21390533447266,6.915754318237305,36.26865005493164,0.6513082385063171
2025-05-22 04:00:00,31.498485445168274,69.38680354710971,6.876810416284971,60.53271848862343,1.4148414861379108,31.57683563232422,73.701904296875,6.921944618225098,44.25355911254883,1.2271533012390137
2025-05-22 08:00:00,32.08275364674464,61.876032560203974,6.946332058493416,771.7810678876407,1.821203071819613,31.58112335205078,63.45439147949219,6.90731954574585,720.8270874023438,1.6624093055725098
2025-05-22 12:00:00,29.218642678312257,63.99655820367393,6.9340742137811295,1000.0,1.460504551037002,28.093305587768555,63.86742401123047,6.898893356323242,945.6981811523438,1.377290964126587
2025-05-22 16:00:00,24.442858745031803,81.72037390406567,6.914282634474138,742.6245900223075,0.5601169342102295,24.680368423461914,73.60611724853516,6.90621280670166,725.6578369140625,0.8481906652450562
2025-05-22 20:00:00,23.98744516318335,82.11021439014596,7.022155546523137,26.339647553264186,0.5334143047791389,24.820096969604492,84.07872772216797,6.909603118896484,51.71513366699219,0.5108228921890259
2025-05-23 00:00:00,27.256655545453537,85.4611766024684,6.9404706348221445,61.65148635749027,0.5262149494746886,28.273427963256836,83.09117126464844,6.9225664138793945,35.32916259765625,0.6617065668106079
2025-05-23 04:00:00,31.646393173581927,71.88831708387842,7.0141860979759665,107.52128259528159,1.3101692104982434,31.52754783630371,73.74301147460938,6.91145133972168,43.969810485839844,1.2236504554748535
2025-05-23 08:00:00,31.39004494926633,67.51023638389421,6.938910204640971,763.2373803780519,1.4923591230664814,31.61664390563965,63.320560455322266,6.91828727722168,723.210205078125,1.6717578172683716
2025-05-23 12:00:00,28.36145587972521,60.250250658829216,6.961641638844637,1000.0,1.5344259920963603,28.107831954956055,63.893123626708984,6.901552200317383,942.7036743164062,1.3773369789123535
2025-05-23 16:00:00,24.859722850066966,74.46029470553131,6.909767768932402,768.6603347887906,0.8023056030976395,24.644922256469727,73.75259399414062,6.904850959777832,720.3855590820312,0.8416383266448975
2025-05-23 20:00:00,23.991815590746867,81.69785441487132,6.910324160613863,58.153783530198574,0.5458526988462071,24.80450439453125,84.07843780517578,6.911998748779297,50.45515441894531,0.511252224445343
2025-05-24 00:00:00,27.323127285185954,83.87817573609941,6.955052756501441,68.07623485037857,0.5857846927966679,28.041807174682617,83.2973861694336,6.906293869018555,35.95167541503906,0.6460663676261902
2025-05-24 04:00:00,31.842637435237453,72.6674171856442,6.955970252870678,70.4002423897526,1.2880908728123726,31.505638122558594,73.75273895263672,6.9173688888549805,44.61246871948242,1.2209484577178955
2025-05-24 08:00:00,31.76238523242439,64.99580551484263,6.964484733318591,718.4055969920169,1.64215260842388,31.529605865478516,63.554134368896484,6.90247917175293,720.572509765625,1.653607964515686
2025-05-24 12:00:00,28.017660200743382,61.31917604656787,6.953419294336728,1000.0,1.4636123387507092,28.139389038085938,63.80176544189453,6.899377822875977,945.3175659179688,1.384874701499939
2025-05-24 16:00:00,23.93789579222275,75.91992240936065,6.867764333638794,775.1783564335124,0.7158555857539519,24.61052894592285,73.70611572265625,6.893579483032227,726.476806640625,0.8407450318336487
2025-05-24 20:00:00,25.002163216171397,83.0343106225188,6.894266946153378,68.48101287579547,0.5375045815876787,24.599071502685547,84.38101959228516,6.884055137634277,48.855960845947266,0.4925234615802765
2025-05-25 00:00:00,28.839197899161817,82.78678992382925,6.972984363274911,73.5392723840992,0.6831242099164045,27.916297912597656,83.48139190673828,6.895340919494629,35.764991760253906,0.6346434950828552
2025-05-25 04:00:00,31.80634096169706,74.7071539868247,6.83256395069731,54.13869436307431,1.1895195850078188,31.458194732666016,73.84101104736328,6.9157490730285645,44.31992721557617,1.2131657600402832
2025-05-25 08:00:00,31.243612796305065,61.069467419531826,6.945117581042757,750.7646864569299,1.773393718489638,31.461708068847656,63.69292068481445,6.892627239227295,719.402587890625,1.641893982887268
2025-05-25 12:00:00,28.225524209235424,64.78290363244405,6.924893214014017,994.5377531542425,1.3487621366294027,27.95302391052246,64.10906219482422,6.873722076416016,945.3633422851562,1.3598763942718506
2025-05-25 16:00:00,24.05608947084525,73.27805608755325,6.972966312341095,759.1962538233358,0.8000491017334551,24.51943016052246,73.87445068359375,6.8810505867004395,724.4700317382812,0.8305031061172485
2025-05-25 20:00:00,25.26812686823149,84.78955660760641,6.951318278271014,50.065490643212975,0.48958221788819367,24.729415893554688,84.22734832763672,6.897533416748047,49.441368103027344,0.5023707151412964
2025-05-26 00:00:00,28.216492671849718,83.84437626130118,6.893136561702319,24.415653210690387,0.6184114870932027,28.082324981689453,83.2955093383789,6.904780864715576,36.27300262451172,0.6474891304969788
2025-05-26 04:00:00,30.755593663846085,73.94755274119676,6.890868073772658,54.9836644007202,1.1542426506867383,31.428022384643555,73.96035766601562,6.893852710723877,43.065189361572266,1.2065683603286743
2025-05-26 08:00:00,31.489334939500857,62.08594565256707,6.900196402037896,788.8501718471498,1.751353931788675,31.517009735107422,63.580078125,6.895435333251953,720.534423828125,1.6514991521835327
2025-05-26 12:00:00,28.407221259702062,64.53575809915756,6.955338728056273,1000.0,1.3726384592865246,27.97345733642578,64.03944396972656,6.879185676574707,947.2002563476562,1.3625553846359253
2025-05-26 16:00:00,24.544945078959433,76.2044857525227,6.81122489170998,708.041570322824,0.7335970403023735,24.563480377197266,73.80815124511719,6.889945983886719,723.79248046875,0.8358071446418762
2025-05-26 20:00:00,24.573521028727107,82.57401537518896,6.934204547905595,87.46484013589397,0.5381477402801833,24.576984405517578,84.48789978027344,6.866298675537109,51.42408752441406,0.4850514531135559
2025-05-27 00:00:00,27.535343432285014,81.93097172000968,6.877979951009929,39.57394491372183,0.6647343800924657,27.75140953063965,83.7652587890625,6.863594055175781,34.968196868896484,0.6176545023918152
2025-05-27 04:00:00,31.894916644487232,74.04604711915961,6.93167344526166,84.93264538139847,1.2267430474776537,31.26474380493164,74.2258071899414,6.870995998382568,42.26750183105469,1.1844226121902466
2025-05-27 08:00:00,31.28741155093683,60.671820789527345,6.939356569696466,775.8446834910453,1.7959714847223238,31.403213500976562,63.75838088989258,6.886549949645996,721.4047241210938,1.6342453956604004
2025-05-27 12:00:00,27.06932184730613,62.28499235387487,6.839015351224863,1000.0,1.350146677104445,27.847665786743164,64.33102416992188,6.863293647766113,942.3716430664062,1.3436640501022339
2025-05-27 16:00:00,24.4978142353357,71.62787809594064,6.910788359021266,730.0621422188334,0.8722291736998168,24.247238159179688,74.37684631347656,6.848511219024658,718.7966918945312,0.7997222542762756
2025-05-27 20:00:00,25.174017778456072,81.9080723662384,6.92991019821131,36.02021341887623,0.5790795175237964,24.5777645111084,84.50376892089844,6.8696441650390625,50.294578552246094,0.48544496297836304
2025-05-28 00:00:00,27.925713801520377,80.93876551928855,6.92227428348681,73.76442180807283,0.7173908126576296,27.890064239501953,83.63320922851562,6.8706769943237305,35.17091369628906,0.6271947026252747
2025-05-28 04:00:00,32.452272632519865,67.94399123245704,6.911766731067255,34.26208300503243,1.5635807281577803,31.328628540039062,74.07209777832031,6.88665246963501,43.701141357421875,1.1955245733261108
2025-05-28 08:00:00,31.797764114232365,60.53246543997721,6.856832402732352,738.3621370204861,1.855252801786842,31.425220489501953,63.78486633300781,6.885474681854248,720.6886596679688,1.6337028741836548
2025-05-28 12:00:00,28.288557605960538,64.35211248420444,6.864445377190726,1000.0,1.3702710093878134,27.84471893310547,64.24066925048828,6.862067222595215,947.8240966796875,1.3471221923828125
2025-05-28 16:00:00,24.590877776723794,71.07059519066078,6.848974412585361,736.9765053980507,0.8943224372058696,24.471906661987305,73.9084701538086,6.8798604011535645,726.5340576171875,0.8269286155700684
2025-05-28 20:00:00,24.620933805800455,82.88805993539098,6.94557905726504,96.7959002805342,0.529948584251656,24.574100494384766,84.49445343017578,6.876702785491943,48.47395324707031,0.4863506257534027
2025-05-29 00:00:00,27.958769059521554,87.4552433354488,6.907793589471865,41.649020953959344,0.4730458813784151,27.781469345092773,83.64292907714844,6.881979942321777,35.941688537597656,0.62380051612854
2025-05-29 04:00:00,31.40344779617779,73.29648004567913,6.91098446959756,1.3717270059674291,1.2275118982696562,31.315593719482422,74.14192199707031,6.886291027069092,42.29864501953125,1.1906545162200928
2025-05-29 08:00:00,31.82001607325263,63.455037869580245,6.82829745936995,734.43558464372,1.7200358050156996,31.373933792114258,63.98765182495117,6.870082378387451,715.7896118164062,1.6214219331741333
2025-05-29 12:00:00,27.622565262186022,62.174072070217875,6.911891991699135,1000.0,1.398670912932701,27.80396842956543,64.2904052734375,6.845987796783447,949.1348266601562,1.3459126949310303
2025-05-29 16:00:00,24.088432347581417,78.69430118602817,6.9452539851613295,767.2665982440301,0.6391267599242978,24.384267807006836,73.96244049072266,6.857723236083984,730.7777099609375,0.8206965327262878
2025-05-29 20:00:00,24.064781736505857,83.32023841696436,6.821480152833481,59.58024179442214,0.4996488720515071,24.521955490112305,84.47037506103516,6.87087869644165,48.31671905517578,0.48614436388015747
2025-05-30 00:00:00,29.084287370162443,81.4173595758533,6.882448701511332,49.159935673863956,0.747994071762097,27.58409309387207,84.08697509765625,6.840145587921143,34.25520706176758,0.5990252494812012
2025-05-30 04:00:00,31.79073316229691,75.44801761248937,6.83070155787134,61.80174985975082,1.153657377747355,31.166175842285156,74.41388702392578,6.861367225646973,41.80467224121094,1.1697567701339722
2025-05-30 08:00:00,31.677807812301694,62.61981979184022,6.888204910712086,784.8382448719397,1.7452387052268605,31.219593048095703,64.13548278808594,6.853132247924805,718.8436889648438,1.6051967144012451
2025-05-30 12:00:00,27.532702761177152,64.29672342358471,6.864169419570034,1000.0,1.313271161110793,27.72212028503418,64.47785949707031,6.843719959259033,945.888671875,1.3310025930404663
2025-05-30 16:00:00,24.909029631523527,72.57307891113645,6.928264456130661,740.1445367490292,0.8641271245143711,24.258153915405273,74.31116485595703,6.8482890129089355,721.7139892578125,0.8026702404022217
2025-05-30 20:00:00,24.53907280795945,83.14172603194638,6.9176809926199,105.74955416670466,0.5195449670333501,24.522607803344727,84.54179382324219,6.863533020019531,49.86849594116211,0.4824555218219757
2025-05-31 00:00:00,28.139209252597585,84.03219014275982,6.9693939375864575,54.993016002088744,0.6084816849061405,27.720199584960938,83.72405242919922,6.867264270782471,36.187408447265625,0.6183330416679382
2025-05-31 04:00:00,31.00791623923768,75.0940120195397,6.902114824839731,14.813526107809032,1.1194288609790606,31.28414535522461,74.17759704589844,6.881782054901123,42.419105529785156,1.1875776052474976
2025-05-31 08:00:00,31.57636082587825,61.8489618987575,6.921743107409969,722.2634647866976,1.7710190425178363,31.453920364379883,63.80464553833008,6.8832526206970215,717.33935546875,1.6354011297225952
2025-05-31 12:00:00,27.820208012928468,62.23752706831345,6.876933343222332,1000.0,1.4125203583476016,27.963659286499023,64.05506896972656,6.870744228363037,947.580810546875,1.3640183210372925
2025-05-31 16:00:00,24.18521758837886,73.00390143971659,6.849665484743327,714.4554555072499,0.8145401765380239,24.486907958984375,73.81600189208984,6.873353004455566,730.4691162109375,0.8305935263633728
2025-05-31 20:00:00,24.935076334797575,80.2948774694041,6.9465568390392605,78.97550783274129,0.6218045853842136,24.52884292602539,84.5289535522461,6.8648762702941895,49.70723342895508,0.48203045129776
2025-06-01 00:00:00,27.23362972262655,81.46869489902159,6.962535296711087,50.7343843234585,0.6698141873710415,27.743928909301758,83.79003143310547,6.870870113372803,34.02301788330078,0.6165862679481506
2025-06-01 04:00:00,31.748973374186374,73.47087423317025,6.9356553289956455,77.77821125720618,1.2436169118445504,31.251197814941406,74.30572509765625,6.874119758605957,41.816978454589844,1.1780123710632324
2025-06-01 08:00:00,31.808828308805797,64.66394914314152,6.90693395019021,753.3502573308886,1.6620842682752874,31.379125595092773,63.856361389160156,6.8827619552612305,719.703857421875,1.6275330781936646
2025-06-01 12:00:00,27.56266178911593,65.89809790261654,6.851667866309469,967.2595518160914,1.2565654223074105,27.887142181396484,64.21903228759766,6.8662519454956055,945.2003173828125,1.3511508703231812
2025-06-01 16:00:00,24.128217781187562,69.54369078194534,6.95745395270508,768.2844609198901,0.9158086258347633,24.430265426635742,74.00830078125,6.866676330566406,724.8436279296875,0.820838987827301
2025-06-01 20:00:00,24.426869171120597,83.36956606923259,6.929348009815583,84.53858589304377,0.5090958484009973,24.645246505737305,84.37047576904297,6.887658596038818,47.89471435546875,0.49426305294036865
2025-06-02 00:00:00,28.113563519448487,81.12547080964215,6.997125742599079,43.90585614134524,0.7181751858528633,27.81262969970703,83.62390899658203,6.880910396575928,35.7431755065918,0.6257051825523376
2025-06-02 04:00:00,31.36021953344802,73.74714557546969,6.8381606146206115,43.623455229320065,1.2038377381110528,31.387367248535156,74.02850341796875,6.898571968078613,42.82999038696289,1.1999002695083618
2025-06-02 08:00:00,31.653428259451072,62.18421057320463,6.939010137194976,760.0476836525258,1.763140072184679,31.381710052490234,63.88616943359375,6.877058982849121,718.1282958984375,1.6269129514694214
2025-06-02 12:00:00,28.854035240486073,63.40277095176006,6.923337137376347,1000.0,1.4536465534501914,27.927452087402344,64.12964630126953,6.8703389167785645,946.58544921875,1.3575470447540283
2025-06-02 16:00:00,24.254585414504767,74.07981569744017,6.878780452120204,797.0649127733112,0.7853346886051101,24.629331588745117,73.65425109863281,6.896665573120117,727.3114013671875,0.8437068462371826
2025-06-02 20:00:00,23.650853813727917,81.23171548957235,6.964073556142762,83.74657142941817,0.548400599564137,24.59100914001465,84.37509155273438,6.885831832885742,48.25291061401367,0.4931640625
2025-06-03 00:00:00,28.355280806863053,81.03290704410632,6.911465109723387,114.98216816152433,0.7319081712894439,27.809410095214844,83.62816619873047,6.8887810707092285,35.008968353271484,0.625952422618866
2025-06-03 04:00:00,32.24807791844925,72.13945335197943,6.8445032008790765,51.826002791964534,1.3433904270915242,31.263063430786133,74.1520004272461,6.891685962677002,41.819393157958984,1.1873120069503784
2025-06-03 08:00:00,31.602804812011044,63.276013640445605,6.885430901488439,757.6725333532003,1.7073306903989494,31.46546173095703,63.673702239990234,6.895982265472412,719.5742797851562,1.6433101892471313
2025-06-03 12:00:00,27.398444677670895,61.59097936808566,6.8439049119470035,988.6374239764285,1.4017508974380672,27.974878311157227,64.10124206542969,6.872246265411377,943.91162109375,1.3626960515975952
2025-06-03 16:00:00,24.416271218592374,70.8026737650192,6.867922066532883,739.5479415084986,0.8932307926384233,24.343900680541992,74.16595458984375,6.857274055480957,723.1885375976562,0.8109943270683289
2025-06-03 20:00:00,23.91895565810416,84.73405718799012,6.9265391599791455,68.61366671086336,0.45331196164317555,24.515209197998047,84.58145904541016,6.8629631996154785,49.5830192565918,0.4804495871067047
2025-06-04 00:00:00,28.23324113399839,80.34280368690135,6.936235710314248,40.64458388676466,0.753178990030007,27.71636199951172,83.8409652709961,6.8568878173828125,35.393951416015625,0.6133202910423279
2025-06-04 04:00:00,30.700269800805454,71.11233644579025,6.897832624742006,14.674243090593691,1.275822800656821,31.195348739624023,74.37285614013672,6.8647027015686035,42.148353576660156,1.1731994152069092
2025-06-04 08:00:00,31.225850608740572,62.77094306162647,6.849268264223062,736.6639863723569,1.6941757323192297,31.27223777770996,64.15489196777344,6.854122638702393,716.8187255859375,1.6069868803024292
2025-06-04 12:00:00,27.409644473869964,63.40864110651775,6.905852429072306,1000.0,1.3362897436665842,27.672462463378906,64.50997924804688,6.830591201782227,948.847900390625,1.3287380933761597
2025-06-04 16:00:00,24.511124114446645,71.97651287365146,6.92294198995042,751.456180404466,0.8621971519244603,24.303747177124023,74.13666534423828,6.8506598472595215,727.9616088867188,0.810660719871521
2025-06-04 20:00:00,24.264540933310286,82.69571468658464,6.788166420790552,55.226172719599774,0.5246012984692361,24.4816837310791,84.57909393310547,6.864103317260742,47.8151741027832,0.48018714785575867
2025-06-05 00:00:00,27.96941862032612,83.5735435159556,6.887979574056694,39.78256942784868,0.6198038670147437,27.57248306274414,84.12167358398438,6.839029312133789,34.15816879272461,0.5971729755401611
2025-06-05 04:00:00,31.356314461321922,72.02520250065747,6.872646145385182,71.0043842741642,1.2825138973679442,31.059083938598633,74.6141586303711,6.841328144073486,41.67839813232422,1.1564186811447144
2025-06-05 08:00:00,30.85180966997669,64.36367953836465,6.929841198075627,783.1731654488239,1.58753700053422,31.159862518310547,64.23734283447266,6.843955039978027,719.4695434570312,1.5968352556228638
2025-06-05 12:00:00,28.1944761004655,62.44734877706708,6.901440093548223,1000.0,1.4356168493173662,27.682756423950195,64.56208038330078,6.837313652038574,944.7496337890625,1.3256481885910034
2025-06-05 16:00:00,24.39255312764168,74.24647061931078,6.9063732203787875,757.3173782020683,0.7867577005543125,24.30634307861328,74.24048614501953,6.853572368621826,721.6179809570312,0.8076617121696472
2025-06-05 20:00:00,23.922671449630286,86.37240395642786,6.8580600869861,35.83147411369873,0.4047526666169947,24.4687557220459,84.6068115234375,6.857807159423828,49.921573638916016,0.4784450829029083
2025-06-06 00:00:00,28.970463958042004,83.72279975371818,6.877582687847488,95.32537421675534,0.6509000912325291,27.742813110351562,83.87666320800781,6.849671840667725,35.38853073120117,0.6125741600990295
2025-06-06 04:00:00,31.55231737843542,75.74794487447903,6.92468435048106,86.31425074208497,1.124277297412886,31.214214324951172,74.22122192382812,6.87143611907959,44.19165802001953,1.1819841861724854
2025-06-06 08:00:00,31.237472018377208,65.3200857662285,6.8742561153423525,720.3831194603156,1.5792150632545061,31.345958709716797,63.85158157348633,6.877914905548096,721.4784545898438,1.626206636428833
2025-06-06 12:00:00,28.557602943290014,63.14071064814858,6.8862335797774445,964.8641159517983,1.4391344611473529,27.79286766052246,64.38607788085938,6.849246025085449,944.5371704101562,1.3400137424468994
2025-06-06 16:00:00,25.306806869494658,71.67292642047772,6.800702237068762,721.491371005205,0.9138688851916156,24.397829055786133,74.03236389160156,6.860026836395264,726.6819458007812,0.8183989524841309
2025-06-06 20:00:00,24.31322435364441,83.25464162390092,6.874073100174505,42.8406127272849,0.5091390210168112,24.477527618408203,84.61140441894531,6.854904651641846,50.25422668457031,0.4767787456512451
2025-06-07 00:00:00,27.992410660848627,81.75582939585544,6.77220678923938,75.24017901491854,0.6893122643378002,27.762836456298828,83.81114959716797,6.856825351715088,34.863948822021484,0.6152780055999756
2025-06-07 04:00:00,30.78881212376753,74.32584039645182,6.846999544176773,75.34310122156546,1.1396396377032332,31.046119689941406,74.5357666015625,6.843876361846924,43.82872772216797,1.159282922744751
2025-06-07 08:00:00,31.20921715738499,65.08094922134637,6.875982565531031,756.814396903626,1.587553091640502,31.042882919311523,64.4017562866211,6.83066463470459,720.77978515625,1.5818333625793457
2025-06-07 12:00:00,27.71918064075131,62.469893833106994,6.9111583273689146,997.1909184162159,1.39558067261919,27.56816291809082,64.79342651367188,6.818793773651123,942.1069946289062,1.310312271118164
2025-06-07 16:00:00,24.447023819304317,73.75502855371597,6.822848790472087,797.4261608802917,0.8043882217710855,24.174936294555664,74.43966674804688,6.833771228790283,721.68408203125,0.7941006422042847
2025-06-07 20:00:00,24.520990541811997,82.36378972983847,6.8914909948181915,63.35975072325218,0.5429325181735845,24.249597549438477,84.88826751708984,6.8322601318359375,48.02695083618164,0.4608650803565979
2025-06-08 00:00:00,28.06709477772696,83.81806649378478,6.9415017532150465,57.645358520364006,0.6140594483357806,27.48708724975586,84.14579772949219,6.830709934234619,34.982444763183594,0.5934624671936035
2025-06-08 04:00:00,31.370103496600667,72.3460779871991,6.836039889711159,46.48129255353571,1.2687962086590465,31.11368179321289,74.48676300048828,6.853768348693848,42.19439697265625,1.1646082401275635
2025-06-08 08:00:00,30.6459108551361,63.05211257470774,6.790724436910808,794.2398661549142,1.626747910584529,31.225858688354492,64.1649398803711,6.852202892303467,717.6658325195312,1.604294776916504
2025-06-08 12:00:00,27.31794700044239,63.163146109472365,6.882569080849795,1000.0,1.3380572619172115,27.60337257385254,64.66499328613281,6.820456027984619,946.5047607421875,1.3183172941207886
2025-06-08 16:00:00,24.049875128443343,75.43184485502611,6.808477232670126,729.3102399296423,0.7352909395610845,24.173919677734375,74.43985748291016,6.83437442779541,721.4519653320312,0.7939048409461975
2025-06-08 20:00:00,24.181958642213566,84.03356322601894,6.827127154323264,33.62196703231089,0.48165345323233444,24.3160343170166,84.87362670898438,6.829416275024414,50.33039855957031,0.4614400863647461
2025-06-09 00:00:00,28.280803075643988,82.22195192653395,6.909479236646313,25.618081496224036,0.6830634969386087,27.513519287109375,84.27304077148438,6.812668323516846,33.901275634765625,0.5885292887687683
2025-06-09 04:00:00,30.638048052119228,75.06573692691558,6.9571573533300235,66.64926739920865,1.0973173775509086,30.90752601623535,74.8716812133789,6.812140941619873,42.54877471923828,1.1398643255233765
2025-06-09 08:00:00,31.04081002146033,63.1097525328742,6.813277883744115,720.0304573343425,1.661182850784248,31.038414001464844,64.51090240478516,6.820491790771484,719.1808471679688,1.576537847518921
2025-06-09 12:00:00,28.231920679514957,65.40515476809897,6.826441402560419,976.6479440859515,1.3254235471632425,27.48945426940918,64.8449478149414,6.807350158691406,946.7899169921875,1.3039019107818604
2025-06-09 16:00:00,24.141375578021872,72.34020432558067,6.841318941440748,771.3668269678803,0.8323750585829708,24.14044761657715,74.36956787109375,6.82475471496582,729.1114501953125,0.793936014175415
2025-06-09 20:00:00,24.52152214019159,83.34377376407805,6.835921986884918,74.02718369409129,0.5127799067554992,24.25301170349121,84.89971160888672,6.833252429962158,46.560646057128906,0.46004003286361694
2025-06-10 00:00:00,27.65365643999558,81.20998489667262,6.955178744909532,89.99780457318066,0.6960516034953783,27.441686630249023,84.22023010253906,6.8294501304626465,34.58345031738281,0.5889036655426025
2025-06-10 04:00:00,31.31592070525965,72.83237015833033,6.831985727734541,35.452975383636485,1.2426552220841098,30.95146369934082,74.74217224121094,6.8378586769104,42.55819320678711,1.1443065404891968
2025-06-10 08:00:00,31.07329280469252,60.53078979754796,6.839126523492624,729.9535973300697,1.7806029798810417,31.01788902282715,64.57986450195312,6.821402549743652,716.62158203125,1.572147250175476
2025-06-10 12:00:00,28.056960197823713,64.90719274838268,6.939322992877671,987.4287077400428,1.3308893874847736,27.578771591186523,64.73331451416016,6.815297603607178,945.0360717773438,1.315049171447754
2025-06-10 16:00:00,23.486797642618566,76.80281107008331,6.887347934795895,782.8016991538669,0.6711476234928226,24.32366943359375,74.13410949707031,6.8496317863464355,726.7831420898438,0.8113462924957275
2025-06-10 20:00:00,24.07766984212751,85.9518355842577,6.907809080866392,51.74023570016336,0.4211438168213717,24.38149642944336,84.72283935546875,6.848781585693359,48.27189636230469,0.47129026055336
2025-06-11 00:00:00,27.83951096368862,83.79847851481601,6.8083780501501,93.40869631646571,0.6067067591173441,27.656658172607422,83.98846435546875,6.846438884735107,34.7691764831543,0.6057092547416687
2025-06-11 04:00:00,31.422173864482314,71.60699839385634,6.827174709642433,72.10949470962068,1.3065621785382278,30.949201583862305,74.73138427734375,6.830810546875,41.68978500366211,1.1464096307754517
2025-06-11 08:00:00,31.901802551856132,61.0466149081439,6.8016977759172725,747.7515727289958,1.8418930795568653,31.094154357910156,64.32925415039062,6.835906505584717,719.3385620117188,1.5889805555343628
2025-06-11 12:00:00,27.495712291908678,67.31677567257802,6.893746771103011,1000.0,1.1995888198768192,27.575796127319336,64.72032928466797,6.818979740142822,945.9214477539062,1.3139562606811523
2025-06-11 16:00:00,24.96686389113415,75.92105837089836,6.9149458541903925,715.4123798788273,0.7612631205262629,24.162960052490234,74.4493637084961,6.832484722137451,722.1997680664062,0.7927424311637878
2025-06-11 20:00:00,23.897611096873877,84.89869366859074,6.8236949753421445,27.559601501055525,0.4478486609222183,24.46843719482422,84.64718627929688,6.849196910858154,51.0935173034668,0.47504308819770813
2025-06-12 00:00:00,28.323140170221382,81.98402167650727,6.8306104785221455,68.19114766813637,0.6939097712962661,27.638254165649414,84.08747100830078,6.823271751403809,34.80094528198242,0.5997037291526794
2025-06-12 04:00:00,31.531652142936,75.93976863099303,6.832798041415426,56.62739657666846,1.1140785370368977,31.007251739501953,74.6214370727539,6.8324480056762695,42.89508056640625,1.1557304859161377
2025-06-12 08:00:00,30.666189289770703,63.111709742574334,6.77146134500345,788.672350692251,1.6260048657786221,31.101591110229492,64.32439422607422,6.8333516120910645,720.3421630859375,1.5893851518630981
2025-06-12 12:00:00,27.812336583074973,64.23919354157937,6.815131440779377,972.4210054490975,1.33703344552455,27.427135467529297,64.98454284667969,6.802800178527832,944.3695678710938,1.2929855585098267
2025-06-12 16:00:00,24.16909743154521,76.95026846347909,6.887485855405539,757.4490490409504,0.6947966847651714,24.032079696655273,74.64009094238281,6.814594268798828,722.6154174804688,0.779566764831543
2025-06-12 20:00:00,24.507507646148806,82.06606153144753,6.805051619445105,77.01415323050227,0.5516532462182684,24.22396469116211,84.96563720703125,6.819878578186035,49.17705154418945,0.45551878213882446
2025-06-13 00:00:00,27.514578287655002,85.88657973979171,6.848581205390997,68.05764458759883,0.518583435523265,27.381568908691406,84.34178924560547,6.8080315589904785,34.59018325805664,0.5814439654350281
2025-06-13 04:00:00,30.936692584178548,75.13608271541993,6.77853116355754,75.83509855594595,1.1130147570117486,30.768768310546875,75.04813385009766,6.80035400390625,41.96116256713867,1.1249605417251587
2025-06-13 08:00:00,31.774862988390836,62.75867243295063,6.836732066724305,737.3525551206787,1.748337732799873,30.80866050720215,64.85269165039062,6.789770603179932,719.1167602539062,1.5489364862442017
2025-06-13 12:00:00,27.57685363464382,62.14785234976804,6.815766054551448,1000.0,1.3959088644358997,27.446626663208008,64.95161437988281,6.798923969268799,944.9306030273438,1.297832727432251
2025-06-13 16:00:00,24.575323628829786,72.18813503654877,6.782848538091559,761.2305022164102,0.858976118230614,24.031564712524414,74.59949493408203,6.812102794647217,725.0188598632812,0.7805521488189697
2025-06-13 20:00:00,24.0494367242118,85.00474705938362,6.883451417088503,90.01371377758726,0.44877539800616306,24.137840270996094,85.07577514648438,6.812110424041748,48.13990020751953,0.4484061896800995
2025-06-14 00:00:00,28.426757268160745,80.01319050799611,6.881345213842098,41.73151329779714,0.7744643229454163,27.277605056762695,84.42254638671875,6.8084940910339355,34.92835235595703,0.5752384066581726
2025-06-14 04:00:00,30.718359939016985,74.68394780951103,6.790536910170249,44.55654851300623,1.119237287670786,30.85416030883789,74.94024658203125,6.815525054931641,42.17723083496094,1.1325039863586426
2025-06-14 08:00:00,30.750455488061142,65.45641873603161,6.828204672572361,737.4288753987952,1.5299903036639448,30.946359634399414,64.69924926757812,6.808478355407715,716.332763671875,1.5629403591156006
2025-06-14 12:00:00,28.35568422910493,64.9369140019608,6.84122977993567,978.7388340714001,1.3530571300230556,27.461854934692383,64.89605712890625,6.796400547027588,946.8163452148438,1.3022907972335815
2025-06-14 16:00:00,23.906850827961602,71.84300960913716,6.748275756425655,738.7004403275206,0.8354953366098639,24.141151428222656,74.36262512207031,6.820033550262451,729.4439086914062,0.7938935160636902
2025-06-14 20:00:00,24.929861176491425,85.73770282958542,6.769159209462346,57.613490954571596,0.44991376649867476,24.1484375,85.08968353271484,6.811306476593018,48.15396499633789,0.4472207725048065
2025-06-15 00:00:00,28.00638164019584,86.88115452806612,6.898383424378104,40.54756633511569,0.496067511607095,27.285709381103516,84.5145034790039,6.796889781951904,34.44641876220703,0.5710203647613525
2025-06-15 04:00:00,30.947238112255768,74.89944596704353,6.780812857734636,62.83062952055538,1.1242826969454778,30.74744415283203,75.12642669677734,6.793613910675049,43.28352355957031,1.1197247505187988
2025-06-15 08:00:00,30.11791622952761,63.24702849285927,6.896978357972349,726.4196581816622,1.5700307751493012,30.789228439331055,64.94235229492188,6.786060333251953,717.8153686523438,1.5433673858642578
2025-06-15 12:00:00,27.550802198262513,63.51757812588574,6.766798518840599,998.5359915343378,1.3433502569939182,27.383987426757812,65.06858825683594,6.789727210998535,944.1124877929688,1.28957200050354
2025-06-15 16:00:00,24.14717476202739,74.1840433667219,6.867010591416785,740.0955551258032,0.7771579890043464,23.8968563079834,74.78022766113281,6.791665077209473,726.2692260742188,0.7672263383865356
2025-06-15 20:00:00,24.679968601912865,84.02097411459182,6.818504047184248,61.40457441137452,0.49661065042148955,24.180130004882812,85.0320816040039,6.813889980316162,48.37912368774414,0.4509269595146179
2025-06-16 00:00:00,28.321554573576066,83.0616312449231,6.820561334360684,74.4397842763303,0.6523440985080273,27.344635009765625,84.43627166748047,6.803383827209473,34.119667053222656,0.5764563679695129
2025-06-16 04:00:00,30.648939011021895,75.08892176925639,6.9218964434951005,54.56394094120169,1.096978811754771,30.72160530090332,75.12489318847656,6.794865131378174,43.447731018066406,1.1183886528015137
2025-06-16 08:00:00,31.39202348258786,63.230471261439966,6.766390316102468,734.4407485802353,1.6891321711783385,30.953903198242188,64.67853546142578,6.810849189758301,717.9457397460938,1.5634148120880127
2025-06-16 12:00:00,27.91003206346269,64.16516609383045,6.858839557631455,986.9094285866954,1.3474522702967207,27.41335105895996,64.97734832763672,6.79395055770874,946.6303100585938,1.2948155403137207
2025-06-16 16:00:00,24.599935721523483,72.67904957539216,6.856774130996293,770.4624655214013,0.8450559712104521,24.12960433959961,74.42790985107422,6.824169635772705,726.5245361328125,0.7914990782737732
2025-06-16 20:00:00,24.312574326386034,83.354765076456,6.996828317276721,82.11528194896634,0.5060750907599267,24.26886558532715,84.87718963623047,6.83192253112793,47.7099723815918,0.46108147501945496
2025-06-17 00:00:00,26.522795515480986,84.56375638582519,6.770250113132686,39.800348576544835,0.5351332991921027,27.558692932128906,84.01638793945312,6.845184326171875,34.9625358581543,0.6014194488525391
2025-06-17 04:00:00,30.880434759835744,78.01386692925452,6.792807414469109,47.72289972160066,0.9810436013291938,30.902313232421875,74.8888168334961,6.815843105316162,40.71515655517578,1.137342095375061
2025-06-17 08:00:00,30.38029218864117,67.8573632893869,6.8649027684359085,715.9120266403074,1.393865504817129,30.96003532409668,64.64762115478516,6.807260036468506,716.3674926757812,1.5671887397766113
2025-06-17 12:00:00,27.392741474502834,65.52147616827298,6.8140934611841875,996.3611877846416,1.2578863251465626,27.572641372680664,64.69815826416016,6.807099342346191,947.653076171875,1.3179972171783447
2025-06-17 16:00:00,24.519944863891066,76.37070069869888,6.800954106307693,720.9688900143774,0.7273848970421901,24.057247161865234,74.45796203613281,6.806366920471191,730.7003173828125,0.7863044142723083
2025-06-17 20:00:00,24.182518163761607,85.82314543231335,6.871982228560439,49.0879799843263,0.42768214723413855,24.143095016479492,85.0684585571289,6.8063764572143555,49.205841064453125,0.4471975862979889
2025-06-18 00:00:00,28.034656773659943,83.8105571585382,6.8057632792539975,86.71118104587177,0.6131856156651958,27.286203384399414,84.55001068115234,6.7867560386657715,34.00128936767578,0.5695084929466248
2025-06-18 04:00:00,31.095589915955745,70.84547244402702,6.774498747550113,22.472099344156,1.316938860290037,30.662525177001953,75.22593688964844,6.7843918800354,44.12171173095703,1.1109755039215088
2025-06-18 08:00:00,30.275549985764524,64.56234718110294,6.855402208807282,731.9597847895634,1.5275715622914534,30.77867889404297,64.99468994140625,6.782816410064697,717.69287109375,1.5401664972305298
2025-06-18 12:00:00,26.200187837174855,65.52964246020102,6.837856101470576,982.0580514611325,1.1724831247474201,27.3382568359375,65.11688232421875,6.784684658050537,945.5699462890625,1.284472942352295
2025-06-18 16:00:00,24.070914106163265,72.12747849457078,6.803449371288885,716.6229312961783,0.8352396506998692,23.920856475830078,74.7736587524414,6.795059680938721,725.0230102539062,0.7685919404029846
2025-06-18 20:00:00,23.889546492147886,81.69335571256494,6.8010766251311825,68.34582514935943,0.5426441332075824,24.116193771362305,85.17293548583984,6.799828052520752,49.042911529541016,0.441816121339798
2025-06-19 00:00:00,26.93856896118865,86.07758525135108,6.76831094438491,57.61292389529113,0.4945952979885488,27.215198516845703,84.6762466430664,6.782816410064697,32.89031982421875,0.5622357726097107
2025-06-19 04:00:00,30.040829821191657,76.08776391295414,6.850311117387705,95.91371717854734,1.0169902812139493,30.531797409057617,75.51665496826172,6.761927604675293,41.90909957885742,1.0916163921356201
2025-06-19 08:00:00,30.52377183928099,62.37954828094329,6.79605088376922,730.0936320132473,1.6448466692327832,30.584579467773438,65.28832244873047,6.759890079498291,718.374755859375,1.5169346332550049
2025-06-19 12:00:00,27.329796088447203,63.01354885445682,6.7755639794532545,964.5569725562746,1.3444231848188184,27.146446228027344,65.45018005371094,6.758612155914307,944.7628784179688,1.25943922996521
2025-06-19 16:00:00,24.295879127595033,76.37862585491578,6.749778516272346,768.8263763760402,0.7174572104463315,23.800498962402344,74.96212768554688,6.776266098022461,724.7811889648438,0.755329430103302
2025-06-19 20:00:00,24.05725575652583,82.65872333817813,6.83366399252738,58.26446300273667,0.5192303256898039,23.932716369628906,85.37744140625,6.779214382171631,48.67696762084961,0.42872554063796997
2025-06-20 00:00:00,28.197379403173517,83.54552870310732,6.783572717992423,58.83306504604395,0.6291514234420772,27.13642120361328,84.7447509765625,6.77489709854126,33.46335983276367,0.5567659139633179
2025-06-20 04:00:00,30.33964536670221,74.61097535081072,6.708368101238619,82.5475665939334,1.098438106201491,30.562040328979492,75.41636657714844,6.769205570220947,43.79835891723633,1.0976487398147583
2025-06-20 08:00:00,31.297976840753623,64.5657616809937,6.748838427455871,753.3952472489401,1.6191211815377504,30.494182586669922,65.43331146240234,6.747511386871338,717.9661865234375,1.5062168836593628
2025-06-20 12:00:00,27.416995151151518,62.66229196795987,6.797322020155123,1000.0,1.3641321821797172,27.133514404296875,65.45795440673828,6.755786418914795,945.5765991210938,1.258376121520996
2025-06-20 16:00:00,24.276578726508692,74.26529886531718,6.798724983692215,737.5470529664452,0.7807427619032401,23.786373138427734,74.99581146240234,6.778504848480225,723.4334106445312,0.7542048692703247
2025-06-20 20:00:00,23.71098673281663,85.2709650554668,6.79682475441954,45.28536029842991,0.4319355717094129,24.02474021911621,85.271240234375,6.790486812591553,48.671424865722656,0.4358843266963959
2025-06-21 00:00:00,27.89537335839642,84.11730157486382,6.784792170139291,51.92472342457225,0.5967072787016146,27.1872615814209,84.71395111083984,6.771993160247803,34.09877395629883,0.5592775344848633
2025-06-21 04:00:00,30.971247165761504,74.20127696728298,6.730137289580848,68.54830678865319,1.1571355306380768,30.528640747070312,75.47771453857422,6.759212493896484,42.9555778503418,1.095046877861023
2025-06-21 08:00:00,30.483912294130004,65.46335019999322,6.760202549510216,751.018001775799,1.5065808598575283,30.58304214477539,65.29116821289062,6.755798816680908,718.0532836914062,1.5176303386688232
2025-06-21 12:00:00,27.353521156994532,68.85325892860982,6.863118825041874,1000.0,1.1337279960300508,27.136795043945312,65.43143463134766,6.756119728088379,946.7208251953125,1.2596194744110107
2025-06-21 16:00:00,23.77565362684482,79.95911511327498,6.855741382060322,697.9353495500866,0.5899980531619065,23.842529296875,74.9001693725586,6.784436225891113,723.7849731445312,0.7608247399330139
2025-06-21 20:00:00,24.14002073163227,83.01153662097815,6.832827564834871,14.471234724201203,0.5111977222354325,24.115169525146484,85.1689682006836,6.792947769165039,51.262229919433594,0.4412786364555359
2025-06-22 00:00:00,26.735725651189778,80.75992556251033,6.823317234083589,18.771042054450092,0.6754101319287766,27.423419952392578,84.47038269042969,6.782772541046143,33.441959381103516,0.5765300393104553
2025-06-22 04:00:00,30.775039789956942,75.52843091650854,6.84407989928483,55.51973041884591,1.0854055884463878,30.65631675720215,75.32811737060547,6.766790390014648,42.355953216552734,1.1084980964660645
2025-06-22 08:00:00,30.987369267339457,64.39145101879336,6.74280236700695,722.0468025094756,1.5985969254650056,30.747026443481445,65.01551055908203,6.7751336097717285,719.5487670898438,1.538238763809204
2025-06-22 12:00:00,27.34212567947355,66.60889519915683,6.8004885222194025,1000.0,1.2146117165376977,27.22422981262207,65.28130340576172,6.771188259124756,946.5791625976562,1.2701917886734009
2025-06-22 16:00:00,24.534983032933777,74.26729725002997,6.742828746349208,749.5723006735835,0.7928467778706914,23.832843780517578,74.8293228149414,6.7849345207214355,728.5831909179688,0.7627841830253601
2025-06-22 20:00:00,24.248523797774805,84.24442218238923,6.743696380393292,59.04864238104822,0.4771921873092526,23.95070457458496,85.33668518066406,6.786614894866943,46.731292724609375,0.43142518401145935
2025-06-23 00:00:00,27.287857995469377,86.82602619855038,6.81214300596331,32.917260861409396,0.4776877275906348,27.08367156982422,84.80599975585938,6.7702155113220215,34.01923370361328,0.55213463306427
2025-06-23 04:00:00,30.864044557726338,76.74149434023818,6.8410772810327565,45.881982096034626,1.0368492899772472,30.544815063476562,75.49900817871094,6.761941432952881,41.94316101074219,1.0936076641082764
2025-06-23 08:00:00,30.903532784718504,61.37158070536025,6.7840473023548356,781.0247727375236,1.7259092193943602,30.61202049255371,65.35123443603516,6.756708145141602,715.1515502929688,1.516095757484436
2025-06-23 12:00:00,27.49324819592316,62.62691533183609,6.876189780686437,1000.0,1.3715255780980287,27.16325569152832,65.39720153808594,6.761638641357422,946.3154907226562,1.2622195482254028
2025-06-23 16:00:00,22.914667780869692,75.91681241011811,6.8043289754282394,758.3164402498301,0.6731178780725591,23.9112606048584,74.79995727539062,6.795199394226074,723.5521240234375,0.7681206464767456
2025-06-23 20:00:00,23.67673363081732,85.18177480162318,6.754900482455137,14.709083086458044,0.4336565284311069,24.025402069091797,85.24146270751953,6.793279647827148,48.254905700683594,0.4378899931907654
2025-06-24 00:00:00,26.51527682080845,85.27511836208282,6.734288025642091,58.43864423566522,0.5102463395620447,27.26630210876465,84.69512939453125,6.775782108306885,33.218502044677734,0.5629148483276367
2025-06-24 04:00:00,31.360738443772657,74.32730669006479,6.839531027445011,59.123043291449505,1.1772688459279932,30.525297164916992,75.50804138183594,6.756458759307861,40.87588119506836,1.093629240989685
2025-06-24 08:00:00,30.691173210041452,66.45544976357202,6.795047409022765,745.4406745989241,1.4807252855899122,30.654876708984375,65.19779968261719,6.761809349060059,717.8023071289062,1.525784969329834
2025-06-24 12:00:00,27.16082588006535,68.20418060134344,6.822426822144249,957.5966781881838,1.1443692074774252,27.139463424682617,65.41100311279297,6.757491588592529,947.7265625,1.2604175806045532
2025-06-24 16:00:00,24.241793405784026,75.29513593886976,6.655726290213113,786.9903115208424,0.7479392834810198,23.79999542236328,74.92476654052734,6.773141860961914,727.1107177734375,0.7566527724266052
2025-06-24 20:00:00,24.004557138492345,82.78849693535527,6.800858054953122,42.558992059014486,0.5137175430429624,23.78885841369629,85.55311584472656,6.763267993927002,47.228843688964844,0.41731929779052734
2025-06-25 00:00:00,26.659000757053786,85.21674641402369,6.757908992711696,32.37318011501517,0.5166203416504915,27.084745407104492,84.83332824707031,6.765345573425293,33.52710723876953,0.5509741902351379
2025-06-25 04:00:00,30.651966948117458,74.37134509530469,6.713809725340665,60.45392470595421,1.1287729347002937,30.48685073852539,75.60891723632812,6.752379417419434,41.14088439941406,1.0858747959136963
2025-06-25 08:00:00,30.519836142767947,65.7495262658104,6.780363584989088,773.6850692912101,1.497167322082115,30.3885440826416,65.69256591796875,6.727629661560059,716.2338256835938,1.4891331195831299
2025-06-25 12:00:00,26.351051569940363,66.74975871195734,6.838088378819231,1000.0,1.1410918607772476,26.995759963989258,65.68095397949219,6.73714542388916,945.90234375,1.2408206462860107
2025-06-25 16:00:00,23.414078282487033,79.47967587849247,6.8968091164574945,723.6871869364315,0.5911032119252786,23.6583194732666,75.1949691772461,6.757564067840576,722.8518676757812,0.7408075332641602
2025-06-25 20:00:00,23.667446238097405,84.07580437234407,6.7956053225026345,36.20079539906477,0.46576247581145536,24.015119552612305,85.29236602783203,6.782599449157715,49.85892868041992,0.43406346440315247
2025-06-26 00:00:00,27.131598033888476,85.57210401670089,6.742903695447084,15.748342967843572,0.5183884008116588,27.22978973388672,84.7249984741211,6.763852596282959,33.387123107910156,0.5601503849029541
2025-06-26 04:00:00,29.912059402933497,80.34133369108794,6.739885897119237,57.157571507876625,0.8299318022984284,30.526453018188477,75.54911041259766,6.74773645401001,41.98086166381836,1.0925943851470947
2025-06-26 08:00:00,31.229007906295887,62.486074346748964,6.82651764304842,740.538181312136,1.7074455625642524,30.521665573120117,65.43402099609375,6.737984657287598,717.33544921875,1.5092190504074097
2025-06-26 12:00:00,27.138021970188678,65.0832644370577,6.728517318987516,1000.0,1.2550164386173193,27.11842918395996,65.43611907958984,6.755405902862549,948.1015014648438,1.2580221891403198
2025-06-26 16:00:00,23.743748422826926,72.99461636351157,6.809482393921548,736.289795144413,0.793507110799768,23.671268463134766,75.08071899414062,6.760802268981934,728.052734375,0.7452834844589233
2025-06-26 20:00:00,23.92529270366656,84.77623474375503,6.793045084443141,69.67119987755736,0.45223160926274497,23.86594581604004,85.45985412597656,6.770781517028809,46.85789489746094,0.4231266677379608
2025-06-27 00:00:00,26.76073483151509,83.79846345645207,6.782371013364182,76.33126933581084,0.5695809416853588,27.024044036865234,84.90166473388672,6.759857654571533,33.77240753173828,0.5464121699333191
2025-06-27 04:00:00,30.847052560171022,76.32302296672616,6.6948100142759985,45.58559648761431,1.0544828056164879,30.41263771057129,75.6811294555664,6.7478532791137695,42.23555374145508,1.0790188312530518
2025-06-27 08:00:00,30.435337250595587,65.1416318421694,6.755368033658723,757.8234918914555,1.516398791976894,30.49165153503418,65.51903533935547,6.740999698638916,715.5589599609375,1.5026158094406128
2025-06-27 12:00:00,26.706480188143328,63.56948519782041,6.700308054202158,1000.0,1.2766722406647157,27.023509979248047,65.61095428466797,6.738797187805176,947.44189453125,1.2460052967071533
2025-06-27 16:00:00,23.97739509000687,76.21504276057304,6.7438035737042,730.7858810017635,0.7087611169155488,23.558317184448242,75.31810760498047,6.745480537414551,724.3010864257812,0.7307880520820618
2025-06-27 20:00:00,24.436508272730077,84.20456966864806,6.8190728768460644,52.543257861831016,0.4838133785887848,23.79344940185547,85.59487915039062,6.753528594970703,49.302188873291016,0.4140104055404663
2025-06-28 00:00:00,27.482841241474503,86.18137569223515,6.829616878377516,64.99161147912007,0.5068104900547303,27.04137420654297,84.91410827636719,6.75248908996582,33.836753845214844,0.5458711981773376
2025-06-28 04:00:00,31.046016952439558,71.63564931544518,6.778761415684283,62.033297392075774,1.2776368088125736,30.406429290771484,75.70829772949219,6.742697238922119,42.90702819824219,1.078018069267273
2025-06-28 08:00:00,30.324212866588187,65.75132952461504,6.739546957588039,766.0379261950304,1.4804366137314786,30.4847354888916,65.53215789794922,6.7425456047058105,717.0591430664062,1.500761866569519
2025-06-28 12:00:00,26.32161669014736,67.56425835406839,6.847468949827759,1000.0,1.1112093603601028,27.048967361450195,65.5838394165039,6.7465128898620605,946.4055786132812,1.2474993467330933
2025-06-28 16:00:00,24.401393700643755,73.0511544685629,6.738884451521929,758.1334638229804,0.8237096677735489,23.780729293823242,75.04756164550781,6.778317928314209,720.6282958984375,0.7525979280471802
2025-06-28 20:00:00,24.683582384296212,80.95662096961938,6.711279658619288,65.229524055329,0.5919751173334342,23.974279403686523,85.3358154296875,6.782999038696289,48.61444091796875,0.4316813051700592
2025-06-29 00:00:00,27.857447852893902,83.63061322991837,6.7977308182971985,57.84377872437331,0.6136341680543325,27.069259643554688,84.82324981689453,6.766050815582275,33.64229202270508,0.5508549809455872
2025-06-29 04:00:00,30.38225311165694,77.38285092007645,6.785793372029845,63.9344841713191,0.9809027207502097,30.48011589050293,75.56205749511719,6.75736141204834,42.11908721923828,1.0879597663879395
2025-06-29 08:00:00,29.97282891178239,67.79261729359453,6.735777874355067,724.2966071165696,1.364451866621287,30.498516082763672,65.48805236816406,6.74395227432251,717.0527954101562,1.503923773765564
2025-06-29 12:00:00,26.553203117099276,64.81333845483994,6.767917931379838,1000.0,1.2220131593849466,27.093082427978516,65.50855255126953,6.745814323425293,946.6524658203125,1.2551090717315674
2025-06-29 16:00:00,22.78007656706428,73.76371427665069,6.785014669343948,777.005327913295,0.727344107609845,23.65755844116211,75.14439392089844,6.755370616912842,726.0909423828125,0.741697371006012
2025-06-29 20:00:00,23.568253541666284,84.28526024680143,6.7730906119539505,76.79035289142088,0.4568997526019407,23.780681610107422,85.59354400634766,6.759674549102783,46.362430572509766,0.41549837589263916
2025-06-30 00:00:00,27.85447585949549,82.78133090929293,6.780692479816369,62.15360437237686,0.645359144899794,26.928356170654297,85.03160095214844,6.750558853149414,33.40399169921875,0.5380969643592834
2025-06-30 04:00:00,30.4449071796559,75.72553279712571,6.732459788990141,74.45936291023689,1.056558842680087,30.317230224609375,75.88433837890625,6.735891819000244,42.479454040527344,1.0638017654418945
2025-06-30 08:00:00,30.66689994576615,64.28964707554252,6.78405778428012,716.1975758477074,1.5741462217181783,30.314538955688477,65.85511779785156,6.720523834228516,714.8167114257812,1.4774271249771118
2025-06-30 12:00:00,27.73943536260637,62.384318532616156,6.758623423947304,974.8277693380552,1.40041682045407,27.060489654541016,65.55011749267578,6.742932319641113,947.64453125,1.2511979341506958
2025-06-30 16:00:00,23.38548760940031,77.63029472042086,6.7341550059913216,727.3206051647843,0.6432660762723663,23.73344612121582,75.00760650634766,6.764746189117432,728.1734008789062,0.749708354473114
2025-06-30 20:00:00,24.60530099367631,83.8729002443752,6.745451293956476,55.02209828230546,0.4989823213124067,23.869707107543945,85.50484466552734,6.765960693359375,49.15076446533203,0.4201577603816986
2025-07-01 00:00:00,28.013261197526102,84.35093950917272,6.747687007270386,46.88670357672489,0.5919804841161067,27.057201385498047,84.88772583007812,6.757631301879883,33.97482681274414,0.5472472310066223
2025-07-01 04:00:00,30.415759939574887,71.42638922237511,6.680313182213543,76.51742303523284,1.241610501395717,30.402559280395508,75.70832824707031,6.741940021514893,43.63840866088867,1.0772781372070312
2025-07-01 08:00:00,30.192548476905525,60.362647543247135,6.72074913673811,730.6890462704026,1.7005025579302044,30.338436126708984,65.71638488769531,6.725723743438721,718.501953125,1.4845823049545288
2025-07-01 12:00:00,27.365833016972534,61.57615891165237,6.7558273748462465,1000.0,1.3996191509388383,26.92843246459961,65.79631805419922,6.729071617126465,945.60888671875,1.2315369844436646
2025-07-01 16:00:00,23.379349907380195,74.46988828771616,6.685032547297165,733.5923943180671,0.733875432735252,23.542322158813477,75.35686492919922,6.746076583862305,723.8558349609375,0.7289541959762573
2025-07-01 20:00:00,22.974834770105957,87.19045988006869,6.7215859159758775,58.67173101862077,0.3593286365366386,23.732025146484375,85.7235107421875,6.747626781463623,48.341514587402344,0.4069027602672577
2025-07-02 00:00:00,27.623405332984113,79.38039825970922,6.866650149851987,70.02211209198197,0.7624783712537111,26.850610733032227,85.22188568115234,6.729048728942871,33.87459945678711,0.5265990495681763
2025-07-02 04:00:00,31.055111314998918,77.1030371562456,6.690954982692333,62.37409113976078,1.0318990681935105,30.28407096862793,75.9207534790039,6.730752468109131,43.11385726928711,1.0611891746520996
2025-07-02 08:00:00,30.524643423242164,65.05416691867701,6.728227205300872,724.9708802247827,1.527982704273644,30.294057846069336,65.89620971679688,6.716441631317139,715.3809204101562,1.4741144180297852
2025-07-02 12:00:00,26.351353629358535,68.69355954186202,6.705732037006957,1000.0,1.074403047750041,26.943214416503906,65.74214935302734,6.729034900665283,947.700439453125,1.2354495525360107
2025-07-02 16:00:00,22.90392126547618,74.37217793683747,6.741574400735726,751.779725986402,0.7158241914569041,23.463512420654297,75.45809936523438,6.731019973754883,724.8773803710938,0.7206193804740906
2025-07-02 20:00:00,23.57229903529445,86.14927131540331,6.706671983776644,7.33746035451118,0.4028024974090645,23.698246002197266,85.73043823242188,6.743829727172852,47.48714065551758,0.4059346616268158
2025-07-03 00:00:00,26.69842760229322,85.62275045650175,6.730092311767239,35.01838360878012,0.503598333605797,26.997676849365234,85.0958023071289,6.734226226806641,33.53178405761719,0.5361483097076416
2025-07-03 04:00:00,30.241918268612686,76.77249522319008,6.706327116174366,53.9932437193778,0.9993164165323662,30.188615798950195,76.1403579711914,6.70359468460083,42.025028228759766,1.0478684902191162
2025-07-03 08:00:00,30.923446312213493,63.64724779648032,6.795010858750351,726.6132314538405,1.626076539007446,30.1507511138916,66.17664337158203,6.6886210441589355,715.3106689453125,1.4545421600341797
2025-07-03 12:00:00,27.314952778257016,65.47400125062966,6.746336319817837,1000.0,1.2538982934937515,26.819135665893555,65.9136734008789,6.7142205238342285,949.5328979492188,1.220099687576294
2025-07-03 16:00:00,24.173332844656787,76.44439137055723,6.6921058350837,742.5048230212159,0.7102258205430578,23.50278091430664,75.32823944091797,6.735679626464844,728.8153076171875,0.7274922132492065
2025-07-03 20:00:00,22.988949892719354,84.71422257313742,6.784294294123495,65.8140696084726,0.4291574436421306,23.68073081970215,85.71337127685547,6.744267463684082,47.498077392578125,0.40615469217300415
2025-07-04 00:00:00,26.742359749647584,85.87094884050792,6.689179999297135,70.17689182551234,0.4961844897892554,26.89189910888672,85.11013793945312,6.74087381362915,33.56215286254883,0.5330114960670471
2025-07-04 04:00:00,30.757547996858747,70.58795353026717,6.658889320653058,80.49148742546126,1.3032335278767957,30.235549926757812,75.99529266357422,6.720162868499756,41.818111419677734,1.0563908815383911
2025-07-04 08:00:00,30.60209631963514,66.00186155867401,6.736941205727001,783.4610128313001,1.4931362350121087,30.21396827697754,65.95542907714844,6.709846496582031,717.1364135742188,1.4670833349227905
2025-07-04 12:00:00,27.680145725284753,67.88910649899785,6.83245655131564,1000.0,1.1913468560043894,26.832157135009766,65.96405792236328,6.716540813446045,945.4031982421875,1.2184805870056152
2025-07-04 16:00:00,23.66012227180522,72.52094449679478,6.645710123652846,784.8522835237112,0.8033732846738517,23.600727081298828,75.32817077636719,6.750985145568848,720.1365356445312,0.733446478843689
2025-07-04 20:00:00,24.373908470905963,83.75637477278516,6.670543934020186,78.0901589267063,0.49568139151149637,23.683626174926758,85.73052978515625,6.745028972625732,48.2299919128418,0.4063822329044342
2025-07-05 00:00:00,27.149582346129982,86.53658908263326,6.769562299948304,54.0168099418622,0.4842449570394889,26.797807693481445,85.14100646972656,6.733919620513916,34.962684631347656,0.528088390827179
2025-07-05 04:00:00,30.8747587842005,74.25069677063233,6.699819946809663,63.079063850039724,1.1485885255700636,30.292695999145508,75.87647247314453,6.729651927947998,41.672794342041016,1.0652906894683838
2025-07-05 08:00:00,30.18191758701394,65.55732272246554,6.762533445152589,697.4926292465126,1.4767436326461811,30.315256118774414,65.8336410522461,6.719183444976807,715.5455322265625,1.4786357879638672
2025-07-05 12:00:00,26.886717051210407,64.3879255401371,6.690061571443165,990.8968907910368,1.2612776129071332,26.99980354309082,65.68650817871094,6.72985315322876,945.7448120117188,1.242940068244934
2025-07-05 16:00:00,23.870944032050396,73.83727944574858,6.73903412566072,747.1283488933938,0.7746471214840766,23.46175765991211,75.39033508300781,6.724099636077881,729.6449584960938,0.7215735912322998
2025-07-05 20:00:00,24.221960915427186,83.99367031968845,6.819159713059536,60.68777342715293,0.48401583545635507,23.692827224731445,85.73021697998047,6.743862628936768,47.467529296875,0.4054708778858185
2025-07-06 00:00:00,27.20984551618845,84.76857456999605,6.667054573878868,65.03072711658606,0.5497736304139886,26.95045280456543,85.00654602050781,6.74954891204834,33.94597625732422,0.5391141772270203
2025-07-06 04:00:00,30.26774277070352,72.7355033207901,6.777972096736827,58.68682941930525,1.1747352919309604,30.23678207397461,76.00088500976562,6.721124172210693,42.58826446533203,1.0555784702301025
2025-07-06 08:00:00,30.997996171435,63.87096177095545,6.760769396061566,723.5362011022924,1.622945214440894,30.3076171875,65.87984466552734,6.718390941619873,715.3527221679688,1.475495457649231
2025-07-06 12:00:00,25.749237713393136,70.01321130732896,6.652321843675016,968.3731425551358,0.9931421226882837,26.995777130126953,65.65826416015625,6.735157012939453,947.4442749023438,1.2423369884490967
2025-07-06 16:00:00,22.670008175641886,75.65672014935936,6.75472908241705,726.337356473955,0.670377263919856,23.490774154663086,75.39636993408203,6.730921745300293,726.7723999023438,0.7229978442192078
2025-07-06 20:00:00,23.721942538229516,82.44257622690648,6.730424362673092,88.69928630153785,0.5152187733170006,23.694255828857422,85.79191589355469,6.737185955047607,48.17420196533203,0.40182730555534363
2025-07-07 00:00:00,26.817980678492162,84.97019684628891,6.726193675550526,37.13263747490556,0.5301678939166612,26.7780818939209,85.27107238769531,6.723278999328613,33.16566467285156,0.5221282839775085
2025-07-07 04:00:00,30.577784941065435,73.20409696415327,6.738464853377425,51.15891094480004,1.1751945224699112,30.18511390686035,76.15538024902344,6.710757255554199,41.71669387817383,1.0453097820281982
2025-07-07 08:00:00,30.30723187671932,62.36246853427713,6.704120682834049,752.1030695657365,1.625343768032002,30.16015625,66.1838607788086,6.696911811828613,714.6630249023438,1.4531879425048828
2025-07-07 12:00:00,27.096399347667536,65.13373790196394,6.72514392300196,968.1675411301463,1.250148528139134,26.71846580505371,66.09978485107422,6.701272010803223,948.5328979492188,1.2060797214508057
2025-07-07 16:00:00,22.939623474731253,74.67000071360097,6.733711596306854,732.5531034525366,0.7090359187556521,23.478544235229492,75.41304016113281,6.730181694030762,726.6329345703125,0.7223971486091614
2025-07-07 20:00:00,23.63206792826769,83.80246977389191,6.758941871999117,71.29915713904482,0.47274952183069896,23.686485290527344,85.78565216064453,6.73855447769165,48.44984436035156,0.4024128317832947
2025-07-08 00:00:00,27.273889249860403,84.89602088598018,6.640144246194588,55.366670512812945,0.5472219537014666,26.85954475402832,85.18453979492188,6.732579231262207,33.27888107299805,0.5287123918533325
2025-07-08 04:00:00,30.851058902859982,71.15706245498536,6.781046592688047,86.4699657777621,1.284848455647981,30.167272567749023,76.12216186523438,6.708954811096191,42.175113677978516,1.0472171306610107
2025-07-08 08:00:00,31.247560748218714,60.14551957716967,6.65873778071053,716.0288786281931,1.815889453868401,30.201751708984375,65.99773406982422,6.708646297454834,718.0750122070312,1.4636931419372559
2025-07-08 12:00:00,26.898731207507804,66.49364757774215,6.75458372107081,993.0879362017128,1.1875363780632777,26.829999923706055,65.93217468261719,6.715725421905518,947.4862060546875,1.2198708057403564
2025-07-08 16:00:00,23.449535914042446,71.46402892748816,6.72047455282713,741.2444379103046,0.82375881612538,23.4974308013916,75.41207122802734,6.737094402313232,724.8978881835938,0.7240408658981323
2025-07-08 20:00:00,22.550994138531934,84.72015340158741,6.652444480723556,56.297416000594254,0.41775681948301147,23.713674545288086,85.74288940429688,6.74641227722168,47.64264678955078,0.40563908219337463
2025-07-09 00:00:00,26.476797944525625,82.18512401243468,6.737782820249427,34.7816811701563,0.6159234527821869,26.77220344543457,85.3266830444336,6.719574451446533,33.860355377197266,0.5191506743431091
2025-07-09 04:00:00,30.110064223229287,74.36263073145841,6.664105214804468,41.71564605580505,1.0946965220193858,30.201095581054688,76.1141586303711,6.713711261749268,40.99243927001953,1.0486128330230713
2025-07-09 08:00:00,30.73176503637077,65.25846994074617,6.764815324522108,765.7824686130813,1.5371181415848625,30.099376678466797,66.30057525634766,6.683390140533447,713.5648803710938,1.4458547830581665
2025-07-09 12:00:00,26.437003083050023,66.06917127288972,6.675833804839164,994.611973782408,1.1703622279529204,26.75729751586914,66.02263641357422,6.704755783081055,949.3494873046875,1.2119131088256836
2025-07-09 16:00:00,23.676572039831502,79.76888871916731,6.636626241883957,728.6054418958646,0.5920593096196587,23.276233673095703,75.71939849853516,6.703160285949707,725.8114013671875,0.7017250061035156
2025-07-09 20:00:00,23.277591171475397,87.75744447836492,6.788067802016041,104.64486369707069,0.3497642820414333,23.476713180541992,86.04509735107422,6.706393241882324,49.92621994018555,0.384065717458725
2025-07-10 00:00:00,26.61981754860287,83.7079579767825,6.715326424485883,54.559229437791885,0.5680360828275077,26.715383529663086,85.30309295654297,6.718306064605713,34.1890754699707,0.5189146995544434
2025-07-10 04:00:00,30.296950205864633,72.66046468155022,6.7496197972121035,79.30705700381529,1.1799393573032346,30.10295295715332,76.24690246582031,6.699904441833496,41.977317810058594,1.0382145643234253
2025-07-10 08:00:00,29.976925035171583,70.94798832919362,6.663686646986369,765.282886250703,1.2310651869789933,30.140167236328125,66.16895294189453,6.698037624359131,715.708740234375,1.4527082443237305
2025-07-10 12:00:00,26.49388298211392,67.88431953829586,6.611669714088627,998.5848435443119,1.111470840782581,26.687355041503906,66.18246459960938,6.693819999694824,946.8987426757812,1.2014224529266357
2025-07-10 16:00:00,22.39190703812744,78.09087865734799,6.790020362128426,734.2051272423863,0.5932443364406916,23.220449447631836,75.86161804199219,6.693767547607422,722.3135375976562,0.6935174465179443
2025-07-10 20:00:00,23.120322887358554,85.96921929339341,6.70593890031509,67.72614740615388,0.3970639011137398,23.602340698242188,85.89534759521484,6.720252513885498,49.95432662963867,0.39439335465431213
2025-07-11 00:00:00,26.434401901048602,86.39544028337713,6.725725490826623,36.359754838756636,0.4691846144455747,26.74455451965332,85.3630599975586,6.705883979797363,33.695579528808594,0.5167064070701599
2025-07-11 04:00:00,29.88049709458618,72.71510780715587,6.733987685148359,73.51929196297276,1.1498038681573428,30.082399368286133,76.32384490966797,6.690412521362305,42.172550201416016,1.0339562892913818
2025-07-11 08:00:00,30.34692412055574,65.29369215955992,6.684388343467661,746.7151932001461,1.5021691483353066,30.005760192871094,66.43488311767578,6.672723770141602,715.6326904296875,1.434110403060913
2025-07-11 12:00:00,27.00370195051822,65.13690986914071,6.712469373499221,1000.0,1.2432577406404617,26.648019790649414,66.2055892944336,6.689503192901611,949.29541015625,1.1977307796478271
2025-07-11 16:00:00,23.326381611306378,73.70214989683748,6.780855525743718,727.169990819802,0.7535329999492224,23.343442916870117,75.63131713867188,6.7138566970825195,724.8848876953125,0.7086860537528992
2025-07-11 20:00:00,23.70799195420995,83.86095916154811,6.699535834674479,83.63302643236592,0.473199372362497,23.66132926940918,85.79509735107422,6.734407901763916,48.63262176513672,0.40130338072776794
2025-07-12 00:00:00,26.928247791464056,88.13798109969102,6.7431750901033105,77.7522137256296,0.4211442965120278,26.783536911010742,85.2477035522461,6.725658893585205,33.78650665283203,0.5234105587005615
2025-07-12 04:00:00,29.957040348783813,75.31408963623457,6.5965076752808,49.97697367076348,1.0448610376653664,30.186872482299805,76.07012939453125,6.7146830558776855,42.480499267578125,1.0505698919296265
2025-07-12 08:00:00,29.87314030082944,69.83263215382205,6.7522580557982925,764.6039108813992,1.2707365282047625,30.09589385986328,66.24124145507812,6.6853742599487305,714.9951171875,1.4487192630767822
2025-07-12 12:00:00,26.796877946932298,61.82332420662678,6.619969809382033,1000.0,1.344992254164287,26.785057067871094,66.00206756591797,6.704780101776123,947.8868408203125,1.2153888940811157
2025-07-12 16:00:00,23.463248768362075,74.2608664750054,6.746540465484006,763.343035587381,0.7436358028399878,23.250579833984375,75.768310546875,6.698408603668213,724.9026489257812,0.698331356048584
2025-07-12 20:00:00,23.875287366926873,81.59251184711586,6.715601585304895,75.20511473966098,0.5451661315727545,23.51764678955078,85.95650482177734,6.71628999710083,48.27716827392578,0.3903539776802063
2025-07-13 00:00:00,27.202240742882893,82.27779397789199,6.686202099258233,67.43194289457485,0.6393927071399261,26.681720733642578,85.37602996826172,6.714374542236328,33.912689208984375,0.5142552256584167
2025-07-13 04:00:00,29.800019332297015,74.14355959023588,6.68601872200153,45.70988846538947,1.084583885899979,30.046770095825195,76.31451416015625,6.694876194000244,42.931915283203125,1.032277226448059
2025-07-13 08:00:00,30.01975269548697,66.10099021031073,6.67836157839406,737.8448958020061,1.4399874584145786,30.10985565185547,66.25870513916016,6.688258647918701,714.5017700195312,1.447935938835144
2025-07-13 12:00:00,26.94216312287173,65.62040765785318,6.6499646570897495,995.7070715910473,1.2215964311075775,26.735347747802734,66.06450653076172,6.695504665374756,949.2565307617188,1.2103757858276367
2025-07-13 16:00:00,23.67655149430458,73.62659211928792,6.680699319130425,766.8628670462499,0.7718114018525727,23.298933029174805,75.66315460205078,6.703725337982178,727.326171875,0.7039021253585815
2025-07-13 20:00:00,23.612037339627488,80.62634487588561,6.801401086937382,63.47199549258627,0.5647681634658661,23.472524642944336,86.03984832763672,6.712024211883545,47.476707458496094,0.3853714168071747
2025-07-14 00:00:00,26.541019252704736,88.6438568670072,6.7510590609072985,84.71379018169822,0.39410975002610815,26.732017517089844,85.33308410644531,6.720088481903076,33.445030212402344,0.5179241299629211
2025-07-14 04:00:00,29.410048458043903,75.81339788086143,6.64239356644194,84.9444856697832,0.9920333193020565,30.092247009277344,76.25627136230469,6.701586723327637,42.39225387573242,1.0368444919586182
2025-07-14 08:00:00,29.53759159613537,63.96103226519467,6.699328095484426,745.6601330350255,1.489064146316308,30.027320861816406,66.34284210205078,6.681216239929199,715.1140747070312,1.43998384475708
2025-07-14 12:00:00,26.709274926280116,65.98594917272,6.6907426835298835,1000.0,1.192185479209618,26.72265625,66.13201141357422,6.6943464279174805,946.5173950195312,1.206740379333496
2025-07-14 16:00:00,23.279969343694827,75.9889363255041,6.678829053217578,747.920399024466,0.6860837142403384,23.309640884399414,75.71843719482422,6.7062153816223145,722.6541748046875,0.7033836245536804
2025-07-14 20:00:00,22.55951686726546,86.01537176910188,6.635804847536187,54.94264323933773,0.38254287804807907,23.53818702697754,85.96749877929688,6.714797019958496,49.45820617675781,0.38969603180885315
2025-07-15 00:00:00,26.56167346498341,85.9545518338079,6.703203198171149,71.24987718347079,0.4880338658890482,26.6035099029541,85.59722137451172,6.688399314880371,33.75357437133789,0.5016310811042786
2025-07-15 04:00:00,30.319102453162422,72.71128663944032,6.723211880426549,76.05260782604195,1.179239898205302,29.9258975982666,76.52651977539062,6.672551155090332,44.212459564208984,1.0165401697158813
2025-07-15 08:00:00,29.427876945922957,67.87801026746854,6.639213364677477,735.1687992119001,1.3188636091644281,29.963756561279297,66.48297882080078,6.671072959899902,716.1809692382812,1.4289191961288452
2025-07-15 12:00:00,27.091887260440984,62.868434919824786,6.778685369795277,996.8269599526377,1.331020049202802,26.5436954498291,66.39049530029297,6.672339916229248,948.8234252929688,1.1840163469314575
2025-07-15 16:00:00,22.88652147012111,74.95907848421149,6.757008461392594,741.0605715715968,0.6986948682246177,23.255216598510742,75.787353515625,6.698647975921631,724.1893920898438,0.6982294321060181
2025-07-15 20:00:00,23.704093600689347,86.24146323126914,6.708316576878378,54.863109245857466,0.40330800276102385,23.553892135620117,85.94467163085938,6.719047546386719,48.93666458129883,0.391668438911438
2025-07-16 00:00:00,26.23922941615018,88.5490738057952,6.614307360722279,81.15222559417991,0.3903930367983066,26.826324462890625,85.2529067993164,6.720409393310547,34.01660919189453,0.5242706537246704
2025-07-16 04:00:00,29.456744512733792,79.48643236699199,6.695963777154947,46.65417486077436,0.8436469668418943,30.044588088989258,76.31706237792969,6.690560340881348,42.35198974609375,1.0327268838882446
2025-07-16 08:00:00,29.740988759255025,68.00011333805061,6.689992245933943,761.4542997706454,1.3377342985735723,30.039155960083008,66.39411163330078,6.672204494476318,714.030029296875,1.4389055967330933
2025-07-16 12:00:00,26.45838157749947,65.16428326614724,6.701551109666644,972.2230483313915,1.2030884677778007,26.671356201171875,66.16403198242188,6.68734884262085,949.4721069335938,1.201857566833496
2025-07-16 16:00:00,22.847614070514638,73.14651275602711,6.7554165594702065,767.7957164954967,0.747506332978721,23.199495315551758,75.83029174804688,6.68548583984375,726.3704833984375,0.6927475929260254
2025-07-16 20:00:00,22.933853313113822,88.90933120153505,6.667094643124888,47.97506416354591,0.31034099704396745,23.432910919189453,86.07779693603516,6.703115463256836,47.74528884887695,0.38224831223487854
2025-07-17 00:00:00,26.63965158938208,88.28191459373684,6.773291681164386,51.11163113251679,0.4090381626980317,26.633987426757812,85.54855346679688,6.690072536468506,34.50465393066406,0.504880428314209
2025-07-17 04:00:00,29.85118094478354,74.3792762761177,6.691225569481285,72.69283452913231,1.0778589023711995,30.06514549255371,76.33537292480469,6.689625263214111,43.54551315307617,1.0320470333099365
2025-07-17 08:00:00,29.903714432705737,67.48680642659052,6.6563771933985345,759.0580286312506,1.3719553185723852,30.03725814819336,66.36100006103516,6.677031993865967,715.4122314453125,1.439661979675293
2025-07-17 12:00:00,25.618055814942686,66.4085606897245,6.7908692125169186,997.7538404010829,1.103911215672956,26.629636764526367,66.23442840576172,6.685412406921387,949.3844604492188,1.1956206560134888
2025-07-17 16:00:00,23.20441640741147,78.69592915590626,6.712394947182602,732.2240258800854,0.6059647711948015,23.293949127197266,75.74372863769531,6.7045111656188965,722.537109375,0.7023146748542786
2025-07-17 20:00:00,22.963965750560398,85.02432204935185,6.648163657833725,53.23856308775325,0.4198162155867,23.550304412841797,85.94117736816406,6.713332653045654,50.34601593017578,0.3907560408115387
2025-07-18 00:00:00,27.244685139843,88.5902748653325,6.670141626887557,52.71644062226542,0.4126717012075263,26.73943519592285,85.4200439453125,6.702581405639648,33.15946578979492,0.5139403939247131
2025-07-18 04:00:00,29.433857681112343,77.92145457352797,6.697692448532962,66.0600469813662,0.9068125491638779,30.032611846923828,76.36402130126953,6.683010578155518,43.552459716796875,1.0299612283706665
2025-07-18 08:00:00,28.999492600489567,70.59585078863762,6.658387746100968,733.5410183129252,1.1778008820719963,29.97899627685547,66.46601867675781,6.6666388511657715,715.9445190429688,1.4315898418426514
2025-07-18 12:00:00,26.748572896566586,64.44954611585037,6.672626190892482,987.1971583830964,1.248918060800969,26.54743194580078,66.36172485351562,6.671050548553467,949.8931274414062,1.1858294010162354
2025-07-18 16:00:00,23.148700543620315,76.58700839345792,6.625070617257099,755.2588727111724,0.6637127040983257,23.079687118530273,75.98584747314453,6.66844367980957,727.7486572265625,0.6807948350906372
2025-07-18 20:00:00,22.471220524198245,84.8546108170139,6.58167107089984,48.62106476272356,0.4120800685560906,23.25264549255371,86.3300552368164,6.674961090087891,48.93606948852539,0.3646005690097809
2025-07-19 00:00:00,25.641699883950977,88.72542867831193,6.666307120355189,71.16097833102499,0.371034497044632,26.42972755432129,85.85232543945312,6.663544178009033,34.18996810913086,0.4839072525501251
2025-07-19 04:00:00,30.63937434193292,76.33902155277487,6.667987545329248,0.0,1.0413609795604937,29.759361267089844,76.84437561035156,6.646520614624023,44.58951950073242,0.9925733804702759
2025-07-19 08:00:00,30.577731171894165,69.42745107856112,6.6873421337958465,744.1017546466151,1.3408236943184177,29.818069458007812,66.91242218017578,6.636613845825195,711.6007080078125,1.4020384550094604
2025-07-19 12:00:00,25.162845982099956,68.71981062128937,6.632176668862644,1000.0,1.0005391908455512,26.448055267333984,66.47372436523438,6.65590763092041,953.510009765625,1.175174593925476
2025-07-19 16:00:00,22.713361231687017,77.87814655748167,6.59395843949092,737.6825005916007,0.610805858266763,22.86090660095215,76.2822265625,6.634746074676514,729.8206176757812,0.658076286315918
2025-07-19 20:00:00,23.774568773707216,83.89648608643161,6.612719930730586,73.87420470345074,0.4740520293241781,23.074005126953125,86.59227752685547,6.645633697509766,49.4638671875,0.3463343679904938
2025-07-20 00:00:00,26.135754639239416,87.37912678641136,6.708849575561243,41.949555350337086,0.427659522439944,26.37367057800293,85.86524200439453,6.660736083984375,34.59757614135742,0.4813424050807953
2025-07-20 04:00:00,29.59258141625278,75.35134545824567,6.622737322108874,31.080464640810593,1.0216650935570382,29.848804473876953,76.74311828613281,6.658008098602295,42.41436767578125,1.001837968826294
2025-07-20 08:00:00,29.696507869451416,66.18695971350687,6.633963838429064,758.3563515855594,1.4099226345965241,29.777633666992188,66.92584991455078,6.635342121124268,713.2080078125,1.3989369869232178
2025-07-20 12:00:00,25.813337431244268,67.1290251762252,6.6404472095276965,998.9107009574743,1.092804264399191,26.265710830688477,66.77133178710938,6.631683349609375,953.786376953125,1.1509149074554443
2025-07-20 16:00:00,22.057296430876573,76.7094456069868,6.625104079254912,743.2822609821134,0.6179400307431324,22.813066482543945,76.3902587890625,6.629244804382324,727.2982788085938,0.6521425247192383
2025-07-20 20:00:00,23.435957958357967,85.47195325554704,6.62140734634261,69.23344003585663,0.41904358185116486,23.113393783569336,86.57335662841797,6.650152683258057,49.37252426147461,0.34859806299209595
2025-07-21 00:00:00,25.419714582427105,86.61983778693251,6.60762127710095,57.4534419655084,0.4345665388789044,26.347665786743164,85.94853973388672,6.652314186096191,34.461021423339844,0.4771082103252411
2025-07-21 04:00:00,29.928920376743076,74.8471571848177,6.72121028406105,39.42557018621019,1.0629080399606186,29.669401168823242,77.01703643798828,6.630778789520264,43.4626350402832,0.9809528589248657
2025-07-21 08:00:00,30.24857439706752,67.28046770740326,6.685182489499787,735.1835998719664,1.408228250023678,29.752153396606445,66.97966766357422,6.631097316741943,713.432861328125,1.3949267864227295
2025-07-21 12:00:00,25.61556988610036,67.42747245450228,6.713568493990152,980.9530963845515,1.070269098238192,26.35944175720215,66.6260986328125,6.644752502441406,953.265869140625,1.1630902290344238
2025-07-21 16:00:00,22.414947219115653,77.57171171572708,6.723644443155682,759.3329541315068,0.6081528855238507,22.991498947143555,76.12892150878906,6.654172420501709,727.7796020507812,0.6708407402038574
2025-07-21 20:00:00,23.483671014608984,82.35988394011545,6.533683465460991,55.455190808491395,0.5102726725817246,23.313278198242188,86.26827239990234,6.683802604675293,48.47296905517578,0.3695771396160126
2025-07-22 00:00:00,26.575221234772055,86.4840848115027,6.663489038300184,88.37146883044556,0.4700089502927294,26.47173309326172,85.77021026611328,6.671633720397949,34.11281204223633,0.4891057014465332
2025-07-22 04:00:00,29.464234136356843,77.36449572341522,6.617007374503864,0.5227790340148459,0.9313159677575835,29.874610900878906,76.62832641601562,6.6695709228515625,42.5465087890625,1.0085090398788452
2025-07-22 08:00:00,30.37400149147688,64.14232051740717,6.702156788416447,768.4568054305498,1.5544089584575929,29.84737205505371,66.822021484375,6.642627716064453,712.3342895507812,1.4078890085220337
2025-07-22 12:00:00,26.912043236385685,69.30199449794284,6.609242746036652,1000.0,1.088853240994064,26.42516326904297,66.52597045898438,6.656457901000977,952.526123046875,1.170541763305664
2025-07-22 16:00:00,22.979200106028635,71.45274531258892,6.593608818380594,748.1835176484927,0.8010088778383158,22.947086334228516,76.17095184326172,6.649566173553467,728.5469970703125,0.666965901851654
2025-07-22 20:00:00,22.39459364558395,88.47684380316517,6.574614013166125,27.978585495949424,0.3120692597109631,23.130531311035156,86.52843475341797,6.6563191413879395,48.63151931762695,0.3515223562717438
2025-07-23 00:00:00,26.069848186804567,87.82083732970288,6.626352135232129,16.813010463577413,0.4110886567084342,26.401897430419922,85.9393539428711,6.652712821960449,35.02306365966797,0.47862449288368225
2025-07-23 04:00:00,29.883867525655916,76.75736457551496,6.687233143907485,82.41024543040707,0.9796499605248759,29.765727996826172,76.88594818115234,6.637134552001953,42.95939254760742,0.9923442602157593
2025-07-23 08:00:00,29.646376739104472,66.38286030262054,6.654294241624135,754.8429321434102,1.3977193245359394,29.758106231689453,66.8790512084961,6.634310245513916,715.4037475585938,1.4001907110214233
2025-07-23 12:00:00,26.74605112765789,66.48228195376323,6.581353467524263,1000.0,1.1773317731182193,26.23289680480957,66.84861755371094,6.627262592315674,952.5116577148438,1.1453986167907715
2025-07-23 16:00:00,22.047583883348043,79.16497513408973,6.749118835299164,747.9505831810968,0.5524634238882675,22.698410034179688,76.56130981445312,6.6140828132629395,727.2383422851562,0.6404380798339844
2025-07-23 20:00:00,22.06533915886959,85.95021609403163,6.673962812755648,76.83847875596358,0.3729485700361814,23.14239501953125,86.5142593383789,6.655808925628662,49.00169372558594,0.3530135750770569
2025-07-24 00:00:00,26.335019625333288,86.59586180636025,6.6755581162266955,46.534027113612424,0.45957266474987213,26.45282554626465,85.79194641113281,6.667407035827637,33.83559036254883,0.48832473158836365
2025-07-24 04:00:00,29.462913477826373,75.93899609921384,6.700939051806194,58.792029494977314,0.9898914843809171,29.87153434753418,76.6773681640625,6.661719799041748,43.128013610839844,1.0067654848098755
2025-07-24 08:00:00,29.395161377380955,64.21972113347755,6.554676831007522,746.4680881548329,1.4662992656214673,29.843326568603516,66.79581451416016,6.646092891693115,712.9074096679688,1.4090802669525146
2025-07-24 12:00:00,25.360555710004874,68.89350638421926,6.591115903509417,995.7268022787317,1.0067465076630242,26.327667236328125,66.69120025634766,6.639110565185547,952.43701171875,1.1585047245025635
2025-07-24 16:00:00,22.79025537685341,75.18589608535181,6.6778381782850245,776.7314498253158,0.688341553833387,22.742876052856445,76.5103988647461,6.620380878448486,725.9364013671875,0.6438034772872925
2025-07-24 20:00:00,22.754104900453935,83.37312529976016,6.596150694037737,32.22840295290567,0.4602192201743014,23.056150436401367,86.62313842773438,6.644250869750977,49.0689582824707,0.3452947735786438
2025-07-25 00:00:00,26.53955893766294,84.6124402721023,6.618172243390308,29.58740761131751,0.5339723095168134,26.352102279663086,86.02118682861328,6.644832134246826,34.1639518737793,0.4737626612186432
2025-07-25 04:00:00,29.7113741283853,74.33514101123579,6.628035884361496,21.154067711812672,1.07107796728996,29.71592140197754,76.97052001953125,6.633726119995117,43.80214309692383,0.9852928519248962
2025-07-25 08:00:00,29.610619022704572,68.14102948432335,6.568052647571564,763.6730190238286,1.3218973663308815,29.664630889892578,67.14220428466797,6.612339973449707,713.39990234375,1.3838874101638794
2025-07-25 12:00:00,26.801319765082237,65.6044066334928,6.613882057896379,997.9845075296176,1.2120982497212451,26.15756607055664,66.9045181274414,6.614051342010498,956.511962890625,1.1386606693267822
2025-07-25 16:00:00,22.09248417982504,80.12603922164232,6.677648077870652,718.0255892573883,0.528423164066739,22.727092742919922,76.45459747314453,6.615901947021484,731.0059814453125,0.6447410583496094
2025-07-25 20:00:00,23.0169124409731,84.64151887607426,6.668395611493953,57.56863661256095,0.4319285271440356,23.033472061157227,86.70763397216797,6.635290145874023,50.01252746582031,0.33961227536201477
2025-07-26 00:00:00,25.345714499971084,89.22976799383638,6.682843945453687,60.918453379904676,0.3482661277303336,26.4145565032959,85.8995590209961,6.651849269866943,34.37858963012695,0.48115161061286926
2025-07-26 04:00:00,29.226208757506104,82.33993269335666,6.677687006044854,79.93265698081453,0.7167056413287174,29.75900650024414,76.88253784179688,6.640682220458984,42.620121002197266,0.9924832582473755
2025-07-26 08:00:00,29.039061131194853,67.653473237462,6.647486908640443,765.8853280688959,1.2986252508126404,29.728679656982422,66.95695495605469,6.628544807434082,714.37548828125,1.3956784009933472
2025-07-26 12:00:00,26.57225935009472,67.36490869950423,6.643527137270799,1000.0,1.1346705755515836,26.30855941772461,66.75520324707031,6.6371378898620605,950.4337158203125,1.1545039415359497
2025-07-26 16:00:00,22.68448135043331,77.86031330280085,6.639859750360645,726.3569835973107,0.6102289127371772,22.856969833374023,76.36851501464844,6.636760711669922,723.978759765625,0.6561270952224731
2025-07-26 20:00:00,22.710434844934518,83.59019707774657,6.595840853992616,27.4455231445099,0.45301022810170366,23.211851119995117,86.41999816894531,6.659409046173096,51.414878845214844,0.35781872272491455
2025-07-27 00:00:00,25.596632826196167,88.27668535564065,6.571002661823103,68.89452960429479,0.3847727638454215,26.458721160888672,85.87918853759766,6.651478290557861,33.91581726074219,0.4830723702907562
2025-07-27 04:00:00,29.4642541872322,76.91653136045083,6.588020030703139,71.60810916444515,0.9497481256109621,29.685760498046875,76.93389129638672,6.629572868347168,46.221195220947266,0.9858617782592773
2025-07-27 08:00:00,29.232368283544087,66.13195280788725,6.606198432181261,724.4861123009131,1.3749691311501104,29.57314109802246,67.16614532470703,6.60761833190918,717.3705444335938,1.3766931295394897
2025-07-27 12:00:00,26.341726827488,64.21933701035823,6.589708600771996,974.505423614039,1.2272567419594864,26.082929611206055,67.08065795898438,6.601334571838379,953.5354614257812,1.1268681287765503
2025-07-27 16:00:00,22.19035213725733,78.60243827476808,6.64319148493333,756.8873257402058,0.5723339916791961,22.5516414642334,76.73226928710938,6.589365482330322,729.177490234375,0.6278538107872009
2025-07-27 20:00:00,23.350794887525677,83.52900018949025,6.632594658812347,95.284383417931,0.4726521246609048,22.81024169921875,87.00347137451172,6.603474140167236,50.33552551269531,0.3194405734539032
2025-07-28 00:00:00,25.281172206486964,90.0,6.633310539630862,52.20958467927705,0.3221221017661198,26.127660751342773,86.20068359375,6.6265974044799805,35.56317138671875,0.4583754539489746
2025-07-28 04:00:00,29.179804130208485,76.95863197166354,6.63541476799064,58.266177956897515,0.9325966658022288,29.620548248291016,77.09993743896484,6.624452590942383,45.23649978637695,0.9739968180656433
2025-07-28 08:00:00,30.42166430141981,62.42088945229728,6.677627561584078,712.0171054650366,1.633478294899056,29.61115264892578,67.21549987792969,6.61266565322876,712.4496459960938,1.3769967555999756
2025-07-28 12:00:00,25.901393057317993,65.61991785736633,6.617415720075496,996.0282891786054,1.1489464567461085,26.30501937866211,66.72936248779297,6.632724285125732,952.7365112304688,1.1562881469726562
2025-07-28 16:00:00,21.99742148395905,76.94759909748178,6.668262836386582,747.7270450136389,0.6093938343650187,22.815980911254883,76.36048126220703,6.627538681030273,729.4341430664062,0.6524636745452881
2025-07-28 20:00:00,22.764396597430093,90.0,6.643673632593809,98.02135897558816,0.27696505092313517,23.107254028320312,86.57064819335938,6.650885105133057,49.353450775146484,0.3486296832561493
2025-07-29 00:00:00,25.850490491875814,84.9550863685673,6.669709668779216,51.45618533069027,0.5012732587515458,26.26865005493164,85.9983901977539,6.649683952331543,35.265357971191406,0.4729157090187073
2025-07-29 04:00:00,29.134353100311685,76.56603582302968,6.693959483666791,71.54501605516892,0.9460018647649037,29.752899169921875,76.88864135742188,6.647875785827637,43.37227249145508,0.990027666091919
2025-07-29 08:00:00,29.00435282272148,65.91781402618773,6.642060470946416,734.5647620163776,1.3655659440441688,29.763490676879883,66.94096374511719,6.638853073120117,712.0264282226562,1.39744234085083
2025-07-29 12:00:00,27.472373415796056,65.28995684746924,6.618416404431062,1000.0,1.2722433583619868,26.294790267944336,66.76579284667969,6.633530139923096,951.4661865234375,1.153761863708496
2025-07-29 16:00:00,22.49830904775326,75.70876960096001,6.618093382819628,791.5464237473011,0.6620107927367367,22.890548706054688,76.28070831298828,6.6402668952941895,727.0968017578125,0.6599451899528503
2025-07-29 20:00:00,21.66130131767889,85.72993469120225,6.58971968796937,99.96910027596974,0.36957170254224714,23.116403579711914,86.50838470458984,6.658151626586914,48.93267059326172,0.3530155420303345
2025-07-30 00:00:00,26.80453586415504,84.90260704417504,6.583463540369038,98.96194303385265,0.5321315905826074,26.16924285888672,86.1031723022461,6.6471099853515625,34.64531707763672,0.4652552902698517
2025-07-30 04:00:00,29.82731805234531,75.16023523481755,6.653758005863417,72.72448201543975,1.0435730484653267,29.598297119140625,77.03992462158203,6.636673450469971,45.827388763427734,0.9744711518287659
2025-07-30 08:00:00,29.138549384280132,65.60768716833178,6.560468633075463,745.7947507282227,1.388714026445074,29.617265701293945,67.1723403930664,6.6241455078125,712.2222900390625,1.3781354427337646
2025-07-30 12:00:00,25.5911214403092,66.03569712174196,6.689390779475952,1000.0,1.114383509142841,26.189180374145508,66.9932632446289,6.61427640914917,949.0682373046875,1.1380252838134766
2025-07-30 16:00:00,22.930315767593633,78.47391794437156,6.60106598505264,759.3209654501239,0.6022175862551351,22.681352615356445,76.66341400146484,6.608522891998291,723.119384765625,0.635771632194519
2025-07-30 20:00:00,22.470120205769792,86.1553392628103,6.751756042353982,72.3539831488557,0.3766643072067528,23.0090389251709,86.72827911376953,6.62947416305542,52.5597038269043,0.33756402134895325
2025-07-31 00:00:00,25.064465676560072,85.63504616020302,6.569462416525912,54.06453816454755,0.4568000893233495,26.41876983642578,85.843994140625,6.659469127655029,34.21562957763672,0.4845536947250366
2025-07-31 04:00:00,30.385176183222704,73.99800379756623,6.61662763386641,39.81201562834278,1.127891631990705,29.68907928466797,76.9890365600586,6.634140968322754,43.493927001953125,0.9832599759101868
2025-07-31 08:00:00,29.2745609698124,66.69682986421219,6.586525724354972,738.0748416972611,1.355330743884001,29.67439079284668,67.09322357177734,6.620522975921631,713.44921875,1.386129379272461
2025-07-31 12:00:00,26.775240454023834,62.66460004586154,6.56446398329023,1000.0,1.313682120559649,26.23581314086914,66.81391143798828,6.623166561126709,954.2706909179688,1.1479836702346802
2025-07-31 16:00:00,23.202570449627725,78.9481002455712,6.657308205411329,773.5807425329426,0.5987253662715784,22.6759090423584,76.54552459716797,6.60859489440918,729.82861328125,0.6392900347709656
2025-07-31 20:00:00,22.06284819840346,89.14088665740736,6.548840478147503,123.87773871799072,0.2882091485353855,23.00896644592285,86.67306518554688,6.640159606933594,49.32838821411133,0.3416728973388672
2025-08-01 00:00:00,26.514111305290022,88.58917852930252,6.565823730617556,64.105743012566,0.3953804492769968,25.98716926574707,86.32376098632812,6.618424415588379,36.81033706665039,0.4484253227710724
2025-08-01 04:00:00,29.135896713314363,77.58041118100381,6.628943441412013,41.928196672872936,0.9051333683353594,29.551109313964844,77.1651611328125,6.62153959274292,44.85055923461914,0.9673725366592407
2025-08-01 08:00:00,28.528267694844228,63.52020355747345,6.6368754965137375,740.4221983901609,1.4218966906429342,29.54775619506836,67.3776626586914,6.600664138793945,710.1229858398438,1.36650812625885
2025-08-01 12:00:00,25.78521729009738,69.89284149813095,6.530033184904891,996.8499565948597,0.9992554889117833,26.106075286865234,67.08438110351562,6.599294662475586,951.8533935546875,1.1297345161437988
2025-08-01 16:00:00,22.732233508858837,74.67451301729196,6.628711300227036,780.1249724591925,0.7000616407357816,22.524248123168945,76.77932739257812,6.5824503898620605,727.7037963867188,0.6251746416091919
2025-08-01 20:00:00,22.302046433972528,85.48255686103701,6.606072451637084,82.51015306183129,0.39095469446669284,22.75167465209961,87.05419921875,6.593139171600342,51.8443603515625,0.31501278281211853
2025-08-02 00:00:00,25.814351047505745,87.09112371665226,6.549295114802168,26.9012147239411,0.429184762949407,26.03951072692871,86.37533569335938,6.611052989959717,35.37964630126953,0.4479517340660095
2025-08-02 04:00:00,30.003759855570355,78.25081990998477,6.555737205928467,54.620528666173115,0.9230308946683432,29.508132934570312,77.31256866455078,6.6038336753845215,45.92967224121094,0.9581121206283569
2025-08-02 08:00:00,29.485223823251097,68.37873853302817,6.4935087112978245,720.5704693610958,1.3025997293732012,29.442922592163086,67.50740814208984,6.583921909332275,712.8839721679688,1.354745864868164
2025-08-02 12:00:00,25.546226062325818,68.99322314686331,6.681053504085123,1000.0,1.0146405650606294,25.913665771484375,67.27991485595703,6.571014881134033,958.1045532226562,1.1111141443252563
2025-08-02 16:00:00,22.854788764664207,75.59416274725457,6.645952303444095,735.8638441107239,0.6796676125146481,22.516178131103516,76.71659088134766,6.579468727111816,732.0062866210938,0.6272517442703247
2025-08-02 20:00:00,22.602611386307665,85.9408678683543,6.530724032186333,43.15372388529642,0.3855878715190424,22.807687759399414,87.0026626586914,6.600282192230225,50.93661117553711,0.31859204173088074
2025-08-03 00:00:00,24.677737502945114,89.17528108154247,6.630726369191009,21.268242007457197,0.3363756107890601,26.106565475463867,86.35626220703125,6.60133171081543,35.99834442138672,0.4501821994781494
2025-08-03 04:00:00,29.616817975699615,75.81463135388351,6.562079868353936,67.04856688543397,1.0038609833630763,29.54324722290039,77.29293060302734,6.599541187286377,44.17353820800781,0.9623926877975464
2025-08-03 08:00:00,29.598555872671938,67.88080200565079,6.636521512368905,774.1733343076586,1.3317702402399418,29.432092666625977,67.46922302246094,6.58126163482666,715.6377563476562,1.3558272123336792
2025-08-03 12:00:00,25.948600468466562,68.2373346262906,6.5659773070934655,986.1411547502399,1.0644431095598001,26.02972412109375,67.13752746582031,6.59592342376709,955.2855834960938,1.1207146644592285
2025-08-03 16:00:00,22.92028857907317,77.30224977373565,6.572613280796022,746.7597008825402,0.6346111672963182,22.494827270507812,76.82698822021484,6.582376003265381,727.2772827148438,0.6230916976928711
2025-08-03 20:00:00,22.13824149637513,82.24071519189856,6.576363622163536,43.560710840492916,0.47351424976551204,22.743988037109375,87.08444213867188,6.590713024139404,51.774742126464844,0.31350114941596985
2025-08-04 00:00:00,26.07776901732915,86.6393232013608,6.553560101354739,65.02196342876155,0.4511799130245646,26.103763580322266,86.36847686767578,6.604629993438721,34.76131057739258,0.44975343346595764
2025-08-04 04:00:00,28.590141052472777,77.39708065982543,6.65639143719947,52.189918049280095,0.8841749331853387,29.496870040893555,77.26007843017578,6.602076053619385,46.463130950927734,0.9611769914627075
2025-08-04 08:00:00,29.577165929755868,66.47030230888527,6.631354218091879,727.9949740004603,1.3885444195741221,29.497915267944336,67.4043197631836,6.590918064117432,714.3948974609375,1.3618450164794922
2025-08-04 12:00:00,26.88604897068865,63.66227726687421,6.591925295354469,1000.0,1.2869275102340256,25.98276138305664,67.22213745117188,6.584926128387451,955.1184692382812,1.1161161661148071
2025-08-04 16:00:00,21.947989331547173,74.92844418188078,6.637656276637095,697.2056900008315,0.6607761908526604,22.563377380371094,76.70443725585938,6.591250419616699,729.7481079101562,0.6296099424362183
2025-08-04 20:00:00,22.065516441787057,88.3280022972695,6.5050742826755314,68.27718977028755,0.3098340797308925,22.916866302490234,86.89168548583984,6.614636421203613,50.91994857788086,0.3267471492290497
2025-08-05 00:00:00,25.52581375373387,86.49867673393507,6.520700282349395,57.927558273760624,0.44127166476588364,26.116945266723633,86.3364028930664,6.609768867492676,35.548954010009766,0.4515310823917389
2025-08-05 04:00:00,29.4099222032182,77.53450268258788,6.605850959394846,100.4339595101919,0.9214340922036306,29.46256446838379,77.35317993164062,6.597311496734619,46.12168502807617,0.9538889527320862
2025-08-05 08:00:00,28.81340495389054,65.93806381379464,6.618900049067341,745.2722826096325,1.3497674561476587,29.362340927124023,67.54535675048828,6.5788750648498535,716.5078735351562,1.3470734357833862
2025-08-05 12:00:00,26.091445164525137,69.19465353419764,6.596093598589735,992.5739418267956,1.0411139711527597,25.875709533691406,67.4103775024414,6.57235860824585,953.975341796875,1.1018022298812866
2025-08-05 16:00:00,22.840139832776476,78.24191993597681,6.487988487523031,733.8307782586668,0.6053941031202035,22.37973403930664,77.05003356933594,6.568642616271973,723.419189453125,0.6118218302726746
2025-08-05 20:00:00,22.683893466768787,87.06781401693858,6.5290064950600595,57.7008258552527,0.3564328897683309,22.68073844909668,87.19499969482422,6.577506065368652,54.06052017211914,0.3080595135688782
2025-08-06 00:00:00,24.968247751372314,87.62105154616964,6.598697912953911,45.66990808617723,0.3913965193882256,25.997556686401367,86.47744750976562,6.585123062133789,36.296993255615234,0.4427725076675415
2025-08-06 04:00:00,29.814140911908407,77.48360638773379,6.699191934090766,41.7855340477884,0.9452474671619187,29.425512313842773,77.40369415283203,6.585907936096191,48.13927459716797,0.950292706489563
2025-08-06 08:00:00,29.785240786455947,66.6072344507909,6.638763952881624,735.2583218044988,1.3995167213128603,29.46590805053711,67.49835205078125,6.581810474395752,714.0084228515625,1.3557767868041992
2025-08-06 12:00:00,26.267536150364503,66.57586415031446,6.656733534552242,981.0637366873165,1.1414238704415927,25.97923469543457,67.21925354003906,6.585620403289795,955.7749633789062,1.115937352180481
2025-08-06 16:00:00,22.57477497338151,78.72356835904698,6.594854590738217,729.880866148645,0.5825458640060592,22.605676651000977,76.65475463867188,6.59423828125,730.0076293945312,0.6330876350402832
2025-08-06 20:00:00,22.498448506156166,89.60539954957903,6.594492868668172,64.56811371326593,0.2832872538851374,22.97391700744629,86.76424407958984,6.6271185874938965,50.76372528076172,0.3348267376422882
2025-08-07 00:00:00,26.340624194478252,83.48424133931154,6.5219901509494544,65.25618506331661,0.5664444640729545,26.287206649780273,86.05679321289062,6.637022495269775,35.32350158691406,0.46977242827415466
2025-08-07 04:00:00,30.250287854354532,73.02380000376859,6.621255526964839,73.48355196121855,1.1611527122275773,29.634441375732422,77.03697204589844,6.628267765045166,44.695526123046875,0.9773921370506287
2025-08-07 08:00:00,28.81201087887038,65.72146223073683,6.570005339185208,752.9445975276273,1.358241113948785,29.55482292175293,67.19637298583984,6.610941410064697,717.3585205078125,1.3731547594070435
2025-08-07 12:00:00,26.36349219331244,62.949912514744234,6.6083010430854445,975.945565684453,1.2724290172154267,26.001188278198242,67.23387908935547,6.593512535095215,952.5073852539062,1.1147022247314453
2025-08-07 16:00:00,22.317219331273574,76.89867395195134,6.575198741956305,707.5489845563819,0.6226928682610979,22.525867462158203,76.85255432128906,6.588411331176758,724.68017578125,0.6229937672615051
2025-08-07 20:00:00,22.295491354263,88.2569958790945,6.587620345549795,39.75398483648139,0.3161130259558296,22.86343002319336,87.00611114501953,6.601707935333252,53.20882797241211,0.31893643736839294
2025-08-08 00:00:00,25.028486528359135,87.91443361755663,6.565126375217592,80.46745618549353,0.3834939727122997,26.199737548828125,86.28529357910156,6.606546878814697,35.6470947265625,0.4559958279132843
2025-08-08 04:00:00,29.118458783930205,75.75406854087889,6.580744015923668,81.96043045853331,0.9778822728942943,29.48102378845215,77.30219268798828,6.599706172943115,45.776546478271484,0.958210289478302
2025-08-08 08:00:00,28.762221009703698,69.60958399970278,6.619516608909785,769.6935503904043,1.2007141355750002,29.32880210876465,67.60364532470703,6.570544719696045,717.85107421875,1.3428767919540405
2025-08-08 12:00:00,25.564824658797182,67.43387581821773,6.506201304579062,1000.0,1.0668436232726477,25.863189697265625,67.43738555908203,6.571908473968506,953.3236694335938,1.099716305732727
2025-08-08 16:00:00,21.783557066523326,78.51063033494765,6.494866659716768,771.7429108875563,0.5607116647870143,22.311935424804688,77.14261627197266,6.562380313873291,722.1500244140625,0.6075180768966675
2025-08-08 20:00:00,22.108196064755898,89.64617551266566,6.590806009914468,60.61926266133032,0.2755584950552028,22.58053970336914,87.2953109741211,6.5704851150512695,52.02597427368164,0.30371761322021484
2025-08-09 00:00:00,25.566375621561644,86.90395268995528,6.637443334906382,96.20832765300456,0.42905688521017726,25.880590438842773,86.65544128417969,6.56893253326416,35.88262176513672,0.4339525103569031
2025-08-09 04:00:00,29.281909874430497,80.69756333360363,6.650051850851056,73.9377331951464,0.7858794000559893,29.28244972229004,77.60387420654297,6.57158899307251,49.045265197753906,0.9336839318275452
2025-08-09 08:00:00,28.42615748406543,66.96513376615832,6.504194109125498,789.9852763557012,1.2800159386806622,29.32419204711914,67.73285675048828,6.566281795501709,712.9022827148438,1.3376072645187378
2025-08-09 12:00:00,25.04667172620068,71.92588881972478,6.545270928240883,987.4722285056855,0.8918007763670573,25.742847442626953,67.60381317138672,6.55332612991333,954.9791259765625,1.087867259979248
2025-08-09 16:00:00,22.486286320300856,74.82110015572387,6.4914538572887555,736.9612114807044,0.6857017518012634,22.310550689697266,77.1614990234375,6.558305263519287,721.0067749023438,0.6072317361831665
2025-08-09 20:00:00,21.90661012640054,88.67505461616007,6.5378840386916455,54.363258656446796,0.29772359635077184,22.68721580505371,87.18215942382812,6.5764851570129395,54.02803421020508,0.30920952558517456
2025-08-10 00:00:00,26.279739265923297,84.79532676350259,6.617513560373718,51.723605367313446,0.5196087928132487,25.945859909057617,86.62088012695312,6.570653438568115,35.167545318603516,0.43717944622039795
2025-08-10 04:00:00,29.31921084695361,78.76031596353177,6.560726566443329,61.267345679911564,0.8666143489575324,29.266578674316406,77.65848541259766,6.559385299682617,50.37146759033203,0.930443525314331
2025-08-10 08:00:00,29.50995706104929,65.27859919270921,6.54267745164006,760.7933575592622,1.4323444246180315,29.180757522583008,67.9563217163086,6.539847373962402,715.9269409179688,1.3195278644561768
2025-08-10 12:00:00,26.447820531018778,66.41001158476,6.58862544344181,997.9535876663692,1.1593443957190628,25.735553741455078,67.56853485107422,6.552505016326904,957.4764404296875,1.0887877941131592
2025-08-10 16:00:00,22.12351734976729,76.01363998326593,6.521618551130776,737.856494500972,0.6389730773750353,22.354686737060547,77.02725219726562,6.565220355987549,726.52978515625,0.6117765307426453
2025-08-10 20:00:00,21.99112940296244,89.38775624288957,6.641020073865342,58.400160632593426,0.2804287553238347,22.686683654785156,87.16931915283203,6.582840919494629,51.8892707824707,0.30920514464378357
2025-08-11 00:00:00,26.15174186632628,84.9608846792323,6.557747834641105,83.89167082628458,0.5100832010378338,26.067718505859375,86.4171142578125,6.597231864929199,35.61738204956055,0.4473552703857422
2025-08-11 04:00:00,29.43474897062947,79.71470623354114,6.537293873881036,57.84388404049887,0.8332026864408628,29.38287925720215,77.43156433105469,6.587326526641846,47.34015655517578,0.947482705116272
2025-08-11 08:00:00,29.086327033753975,64.87851523544626,6.586726047768812,716.4744621684869,1.41388718391871,29.355772018432617,67.63581848144531,6.571674346923828,714.2166748046875,1.3436174392700195
2025-08-11 12:00:00,26.411619557004844,63.191314827836436,6.6043478940395834,1000.0,1.2677294064798783,25.893062591552734,67.35151672363281,6.5706562995910645,955.8820190429688,1.1064811944961548
2025-08-11 16:00:00,22.145666803469155,79.18460395095445,6.637182348036494,758.6701721942184,0.5552500409291876,22.422452926635742,76.91191101074219,6.572202205657959,728.3707885742188,0.6174517869949341
2025-08-11 20:00:00,22.268175777167013,85.91444905372244,6.546885140716123,68.77080567416576,0.3785432598620857,22.785213470458984,87.01496124267578,6.5995330810546875,51.20149230957031,0.3179476261138916
2025-08-12 00:00:00,25.70029861099896,86.93507745660249,6.60775591897196,71.13523903511003,0.43144878397683906,26.031436920166016,86.42745208740234,6.601009368896484,35.77786636352539,0.4453604817390442
2025-08-12 04:00:00,28.686491953270348,76.82577976242302,6.558513673432274,87.96761876455258,0.9115983926514702,29.452463150024414,77.36104583740234,6.5985870361328125,46.03856658935547,0.9536294937133789
2025-08-12 08:00:00,29.192581595462777,64.08591107250045,6.5228840917885895,731.6177281759497,1.4546907826030533,29.3812255859375,67.5422592163086,6.581884860992432,714.7053833007812,1.349128007888794
2025-08-12 12:00:00,26.388067374281075,65.76391161030172,6.5146125163870625,978.5957042448584,1.1774909596726566,25.901992797851562,67.35633087158203,6.573217391967773,954.70947265625,1.1061155796051025
2025-08-12 16:00:00,22.448069828132162,79.35772704774637,6.498603920655624,797.9280237944834,0.5608516915735673,22.369142532348633,76.9920654296875,6.565713405609131,727.455322265625,0.6130431890487671
2025-08-12 20:00:00,22.24111738364354,89.14459793114582,6.516368392892819,47.880859409223596,0.2912545618894451,22.5502986907959,87.3160629272461,6.570460319519043,51.570831298828125,0.3023228943347931
2025-08-13 00:00:00,25.5829886309901,87.58910257876668,6.6053661718239445,60.58322639206342,0.4070105902556316,25.842525482177734,86.71324920654297,6.567658424377441,36.60255813598633,0.43031421303749084
2025-08-13 04:00:00,29.293407400913868,78.78442548469941,6.584916320825242,85.80113319393038,0.8643437649602732,29.201698303222656,77.7698974609375,6.551510334014893,49.24494171142578,0.9225349426269531
2025-08-13 08:00:00,29.502857200955283,64.12667702917874,6.487520257938843,741.1298808490396,1.4792593319413667,29.208980560302734,67.8924331665039,6.547194957733154,714.0299072265625,1.324671745300293
2025-08-13 12:00:00,25.96849168701781,65.89635381166327,6.462261294725193,992.797551193387,1.1442400727428845,25.733266830444336,67.59132385253906,6.548586368560791,956.6443481445312,1.088729977607727
2025-08-13 16:00:00,22.033838225524192,78.24085254317413,6.49396618294612,768.5292817329558,0.5764845022752163,22.222585678100586,77.1777572631836,6.548426151275635,727.3466796875,0.6033836007118225
2025-08-13 20:00:00,22.362161453490238,86.69592816613043,6.510744030323583,71.09324244137711,0.3595904196079731,22.49367904663086,87.40949249267578,6.561710834503174,51.430763244628906,0.2979520857334137
2025-08-14 00:00:00,25.878423051620107,86.18871876161673,6.530604691628045,73.81650745389925,0.46093177936791596,25.765478134155273,86.80181884765625,6.561796188354492,36.01837158203125,0.42546844482421875
2025-08-14 04:00:00,28.59895730242023,75.20027658172745,6.604411153307331,62.804935790842855,0.9706048169941215,29.10410499572754,77.91122436523438,6.5418596267700195,49.73524856567383,0.9111788868904114
2025-08-14 08:00:00,29.18667006677557,62.557312122551224,6.518382134211913,739.4726771390182,1.5160890006313434,29.111234664916992,68.11986541748047,6.53002405166626,713.177978515625,1.3092107772827148
2025-08-14 12:00:00,24.557801237894786,70.29903099305709,6.629792975165759,993.341177777959,0.9163614471580988,25.656883239746094,67.7008056640625,6.537842273712158,957.3250732421875,1.0812888145446777
2025-08-14 16:00:00,22.415618420818806,77.36301551527625,6.461757982540827,773.8795182817598,0.6138368064475808,22.24089241027832,77.21334838867188,6.54945182800293,724.3535766601562,0.6027947068214417
2025-08-14 20:00:00,22.504523093189555,88.54721211663586,6.528336351118781,58.71335696816313,0.31224150464784994,22.55099105834961,87.34817504882812,6.5662102699279785,52.303401947021484,0.3008754551410675
2025-08-15 00:00:00,25.987210609119273,85.64471220200434,6.581293065390727,60.51139689795585,0.4821796643831484,25.847734451293945,86.71550750732422,6.566429615020752,35.965145111083984,0.4307839870452881
2025-08-15 04:00:00,28.880015735279013,75.75442062742628,6.584375894552228,35.121732141835594,0.9644859040632318,29.237934112548828,77.72325897216797,6.558919429779053,48.641441345214844,0.925858736038208
2025-08-15 08:00:00,29.232062578875816,66.66500206495954,6.5252299341144875,790.8055828583031,1.3533046227788628,29.24911117553711,67.89608001708984,6.547979354858398,713.3822021484375,1.3261295557022095
2025-08-15 12:00:00,26.325414468996627,67.7202775937307,6.592103303623117,1000.0,1.106112015787529,25.7220516204834,67.58052825927734,6.550211429595947,958.0350341796875,1.0876576900482178
2025-08-15 16:00:00,22.85622075523392,75.75276443717381,6.582625454059252,756.7922412724674,0.6753093354666455,22.30550765991211,77.10224151611328,6.558130264282227,725.6327514648438,0.6083402633666992
2025-08-15 20:00:00,22.13474958147501,88.90144599644447,6.507909898968282,76.96380078081422,0.2958568598551876,22.706256866455078,87.13282012939453,6.585123538970947,52.013099670410156,0.31107625365257263
2025-08-16 00:00:00,25.658492595150424,84.9996450960882,6.554071340390068,46.20049956529419,0.4941377687063926,25.960554122924805,86.49813079833984,6.589877605438232,36.323516845703125,0.44097983837127686
2025-08-16 04:00:00,29.608389967290613,75.76452078272435,6.573505581171689,75.69856638284219,1.0054533425643624,29.35857391357422,77.50948333740234,6.578595161437988,46.71135711669922,0.9428368806838989
2025-08-16 08:00:00,28.30253338729231,67.90597163090548,6.507798178589206,719.6738996488825,1.2346661015582754,29.326828002929688,67.64643859863281,6.5686750411987305,715.6926879882812,1.3415123224258423
2025-08-16 12:00:00,25.42729490844713,69.81183752517315,6.623041189481305,987.7115907635307,0.9809052210937996,25.827295303344727,67.45953369140625,6.560403823852539,955.6149291992188,1.098944067955017
2025-08-16 16:00:00,22.792516392416267,76.72648020740742,6.4965568196369645,733.9754450168746,0.6456942931305019,22.32675552368164,77.04029083251953,6.557997703552246,727.9728393554688,0.6104244589805603
2025-08-16 20:00:00,22.612331435490272,90.0,6.545529561132573,25.341387759403204,0.27442327935355326,22.599056243896484,87.30828094482422,6.568503379821777,53.07960510253906,0.302484393119812
2025-08-17 00:00:00,25.749278061473028,84.1807133078955,6.472208060076237,41.427916855224254,0.5239253082273891,25.98526382446289,86.58203887939453,6.570271015167236,36.590694427490234,0.43917760252952576
2025-08-17 04:00:00,28.275831585120525,78.34609043114177,6.53986493583034,49.79849457488358,0.8317405365123204,29.234722137451172,77.73241424560547,6.551676273345947,49.41135787963867,0.9255421757698059
2025-08-17 08:00:00,29.003792671265252,67.35310707146301,6.48134326509367,728.2016296211684,1.3080159273295968,29.15279769897461,68.0087661743164,6.531804084777832,716.3745727539062,1.3160676956176758
2025-08-17 12:00:00,25.269688474523107,68.83565368338907,6.519990468830748,975.3135358741171,1.0031874661383506,25.656461715698242,67.66439819335938,6.53902530670166,958.9610595703125,1.0819449424743652
2025-08-17 16:00:00,22.26606400891893,75.47418411372382,6.455367047831157,750.8215036179083,0.6590363316366119,22.100374221801758,77.28313446044922,6.53084659576416,730.6242065429688,0.5963767766952515
2025-08-17 20:00:00,21.695871215112884,90.0,6.574687595913498,49.018154400854684,0.25953152606294694,22.35962677001953,87.61181640625,6.544032573699951,50.657630920410156,0.28779903054237366
2025-08-18 00:00:00,25.028023194339724,87.98389309143393,6.548946736261134,49.47219080310818,0.3812793940153867,25.69504737854004,86.97911834716797,6.540650844573975,35.94064712524414,0.4192817509174347
2025-08-18 04:00:00,27.972553868122954,76.36703417194573,6.585503261455888,40.92365165724618,0.8918830694697166,29.090225219726562,78.00878143310547,6.5311784744262695,50.2476692199707,0.9073674082756042
2025-08-18 08:00:00,29.61588884945313,66.04411674499308,6.513742475542061,742.1092606438262,1.40932995865839,29.111339569091797,68.18733978271484,6.5224385261535645,711.9093017578125,1.3075720071792603
2025-08-18 12:00:00,25.340999636105497,66.86217750008153,6.587825102118104,986.6745126201437,1.0712442311273485,25.61562156677246,67.71046447753906,6.532496452331543,960.283203125,1.0791776180267334
2025-08-18 16:00:00,22.155356168540536,82.83343603168386,6.533096716043795,751.7175707551651,0.458187762858945,22.187950134277344,77.19348907470703,6.541553497314453,729.1349487304688,0.6018014550209045
2025-08-18 20:00:00,22.07566421845218,89.48639087137177,6.536791106745491,53.63072150254321,0.27925714528820356,22.547191619873047,87.33273315429688,6.565370082855225,52.47354507446289,0.30114424228668213
2025-08-19 00:00:00,24.98383901182256,88.1235641936826,6.633336063013018,62.11506265145605,0.37585707761141185,25.874343872070312,86.70738983154297,6.563562393188477,35.87031555175781,0.4322391748428345
2025-08-19 04:00:00,28.352125137716467,77.74797892302689,6.503399598498491,32.12343942551506,0.8585106761447318,29.252222061157227,77.73074340820312,6.556217670440674,47.577919006347656,0.9269993305206299
2025-08-19 08:00:00,28.47900003044194,69.68361367930001,6.589006348303164,722.0630630187086,1.1782893371522927,29.214689254760742,67.96650695800781,6.5395379066467285,712.8690185546875,1.3214482069015503
2025-08-19 12:00:00,25.155971758888114,69.76376668232426,6.5516176437728015,1000.0,0.9667513920588733,25.726408004760742,67.56422424316406,6.544992923736572,958.6473999023438,1.0905221700668335
2025-08-19 16:00:00,22.23675748667196,71.32176393135076,6.499038152133147,765.307048325757,0.7692438979159056,22.226652145385742,77.12345123291016,6.545263290405273,729.919677734375,0.6052243709564209
2025-08-19 20:00:00,21.65559553140475,89.30259301235954,6.461848852222247,43.04017012672189,0.27694902003909627,22.484989166259766,87.39283752441406,6.561752796173096,50.35814666748047,0.2980427145957947
2025-08-20 00:00:00,26.36791166073329,86.00406559685732,6.472545699217624,58.15090122863137,0.48079436656976915,25.758264541625977,86.86305236816406,6.556684970855713,35.8051643371582,0.42364633083343506
2025-08-20 04:00:00,29.47234347802031,73.66919713939558,6.580733691633124,48.02033177528273,1.0838614939524227,29.078147888183594,77.9951171875,6.533485412597656,50.967933654785156,0.9064314961433411
2025-08-20 08:00:00,29.36294773490659,68.21600667688847,6.610919928082246,771.944514662394,1.3001132028862274,29.12413787841797,68.0964126586914,6.530381202697754,714.314208984375,1.3101898431777954
2025-08-20 12:00:00,25.43483689369941,71.84012068656742,6.52877194690091,995.9379806543717,0.9154099311959047,25.66468048095703,67.64772033691406,6.540538787841797,959.5089111328125,1.0831472873687744
2025-08-20 16:00:00,22.78770509765847,77.43203424716786,6.531394039871454,740.022486942605,0.6259371181266826,22.195100784301758,77.24871826171875,6.544470310211182,725.55908203125,0.6003952026367188
2025-08-20 20:00:00,21.921561914237667,89.81851401315723,6.563022623398222,80.29618243007214,0.2679071832718658,22.57299041748047,87.3407211303711,6.565665245056152,52.68687057495117,0.30115923285484314
2025-08-21 00:00:00,25.45659206734179,90.0,6.524498517630496,52.99344995189805,0.3254960367847257,25.908546447753906,86.58306884765625,6.57500696182251,36.47673034667969,0.43675461411476135
2025-08-21 04:00:00,29.021311659431298,75.30750820941294,6.5758184180613535,69.47114519936497,0.990320429850748,29.3111572265625,77.5993881225586,6.568828582763672,47.229827880859375,0.9359592199325562
2025-08-21 08:00:00,29.28723590982834,62.854003244923646,6.535414528695997,729.0306002131028,1.5128266647051953,29.234291076660156,67.85230255126953,6.550687313079834,715.0357666015625,1.3268415927886963
2025-08-21 12:00:00,25.790676813920406,68.12771690573841,6.52761048184546,1000.0,1.0581819150311418,25.71308135986328,67.60978698730469,6.545950889587402,957.2457885742188,1.0869921445846558
2025-08-21 16:00:00,21.77055852005886,77.3489391470288,6.485872773788131,766.3083771908898,0.5905542304402265,22.25233268737793,77.14002990722656,6.55183219909668,727.3572998046875,0.6053891181945801
2025-08-21 20:00:00,21.741624299568183,85.13921664590464,6.473570062189173,34.94812848518437,0.3867635893927943,22.50864028930664,87.39126586914062,6.563049793243408,51.68891143798828,0.29857009649276733
2025-08-22 00:00:00,25.770183395841958,86.68838503396547,6.359580386912626,21.502019118503796,0.44141888219708614,25.792625427246094,86.85041809082031,6.5567522048950195,35.237430572509766,0.4249964654445648
2025-08-22 04:00:00,29.271951824349294,78.04716701105731,6.579240627586982,74.45536903906151,0.8932745032900229,29.11473274230957,77.96991729736328,6.534828186035156,49.167396545410156,0.9100492000579834
2025-08-22 08:00:00,28.717657969992235,67.12556971548292,6.510204434828772,788.8163797845731,1.295509497121254,29.067852020263672,68.1922836303711,6.518868923187256,713.715576171875,1.305222511291504
2025-08-22 12:00:00,24.65663788242669,66.94138791488989,6.497514920353098,1000.0,1.0259950754535234,25.4841365814209,67.90231323242188,6.517578125,961.1975708007812,1.064814567565918
2025-08-22 16:00:00,21.882472254124046,77.22927749822091,6.419949422770617,745.7533039882877,0.5977429721851584,21.918550491333008,77.6429672241211,6.513163089752197,722.8972778320312,0.5808001756668091
2025-08-22 20:00:00,22.297893201541097,87.01420726708567,6.485529149301271,49.37234232583306,0.3496190427906658,22.263795852661133,87.76399993896484,6.528381824493408,52.32027053833008,0.28119248151779175
2025-08-23 00:00:00,26.33140871305246,82.14392240516915,6.475720720562241,27.88342351018084,0.612080986633599,25.62818145751953,87.05862426757812,6.529209136962891,35.65373992919922,0.41551637649536133
2025-08-23 04:00:00,28.29382292380999,77.77371570794362,6.474566389114846,71.52014523703895,0.8546186949400161,29.090091705322266,77.97792053222656,6.5301513671875,51.52508544921875,0.9090569019317627
2025-08-23 08:00:00,28.67951627856504,64.79204463786266,6.530946850634017,768.4554823738207,1.3844068372942555,28.974973678588867,68.32540893554688,6.509609699249268,715.3009643554688,1.2949542999267578
2025-08-23 12:00:00,25.233998509079882,68.96705414042236,6.520417471136185,987.3768120961587,0.9968403061026145,25.431177139282227,67.98473358154297,6.510782241821289,961.1914672851562,1.0592864751815796
2025-08-23 16:00:00,22.642501344420566,73.4141628321956,6.4462402467954005,745.0654364457943,0.7309136378941906,21.9586181640625,77.57317352294922,6.5159196853637695,724.37451171875,0.5837902426719666
2025-08-23 20:00:00,21.9471279244755,89.60469252238863,6.4494129884810185,58.94120745383271,0.27396029754959894,22.3669490814209,87.62985229492188,6.541118144989014,52.133113861083984,0.2873818874359131
2025-08-24 00:00:00,24.953970992748637,87.25071337244916,6.446161213248697,99.54669537052112,0.40276308270240735,25.64217185974121,87.00540161132812,6.53729248046875,36.44049072265625,0.416925847530365
2025-08-24 04:00:00,29.151083529033436,75.68742329290583,6.601671445243574,59.19197281675753,0.9824187971153995,28.945362091064453,78.12013244628906,6.519839763641357,53.706825256347656,0.8965985774993896
2025-08-24 08:00:00,28.669416627552046,68.08478425327587,6.585781272299797,730.3809629015592,1.254199482965522,29.031030654907227,68.25879669189453,6.516534805297852,714.0438842773438,1.2998632192611694
2025-08-24 12:00:00,24.795440635755792,66.57477015591952,6.4685301909102355,976.8671539206872,1.0460037656666907,25.553464889526367,67.8509521484375,6.522801399230957,958.1443481445312,1.0715827941894531
2025-08-24 16:00:00,21.49714600365894,78.81177250277172,6.412315424865429,731.7755145359398,0.5432602063903342,22.042068481445312,77.45015716552734,6.523090362548828,725.7863159179688,0.5895159244537354
2025-08-24 20:00:00,22.810553634508327,84.81995199886077,6.517547353015842,95.05193484256145,0.42161159697191053,22.35572052001953,87.65396881103516,6.537875175476074,53.48756790161133,0.28636491298675537
2025-08-25 00:00:00,25.579144718182842,86.0178138980762,6.5104030219156,75.20679010687401,0.4584358823448187,25.615312576293945,87.01074981689453,6.54254674911499,35.41535186767578,0.4154868721961975
2025-08-25 04:00:00,28.905021750222133,77.95317571332507,6.523901865453136,45.50457273849557,0.8782890268333313,29.0477352142334,78.04302978515625,6.535271644592285,50.9483528137207,0.9013850688934326
2025-08-25 08:00:00,28.726194854589846,65.13354625064648,6.545124710727583,691.4940672760431,1.374690232706826,29.019712448120117,68.3253173828125,6.516749382019043,712.3707885742188,1.2958210706710815
2025-08-25 12:00:00,25.53311452841751,64.67165360384901,6.530641213773514,982.9473572335025,1.1551572764130218,25.530609130859375,67.847412109375,6.5182108879089355,960.4703979492188,1.0714060068130493
2025-08-25 16:00:00,22.063056465221603,77.90186631698829,6.452234039528704,756.8793885421652,0.5865087600792651,22.102970123291016,77.2835464477539,6.528634548187256,731.0165405273438,0.5960102081298828
2025-08-25 20:00:00,22.06902290632402,87.3426659355352,6.522758070461918,69.30825697937857,0.33606168921802837,22.44144630432129,87.49317932128906,6.554150581359863,51.87678527832031,0.2934398949146271
2025-08-26 00:00:00,25.424346442247046,87.70086582624822,6.547729763333008,74.71379057447967,0.39956632595132247,25.672487258911133,86.9533920288086,6.549857139587402,35.955726623535156,0.418233186006546
2025-08-26 04:00:00,29.2654246813987,77.25714145134481,6.468838498416057,27.262388421921766,0.9250728380820036,29.0672550201416,78.02462005615234,6.535889625549316,49.99405288696289,0.9037671089172363
2025-08-26 08:00:00,28.842577685246287,67.35088457974454,6.520036408004018,753.5400278111711,1.2959676269778302,29.087371826171875,68.2236099243164,6.524215221405029,711.2553100585938,1.3036822080612183
2025-08-26 12:00:00,24.877954479331848,69.39925352893636,6.477399548692835,980.4817901388803,0.9623389599861075,25.578800201416016,67.76624298095703,6.527055740356445,960.5780029296875,1.075501561164856
2025-08-26 16:00:00,21.596610836519982,78.29995631917734,6.604847070613287,750.0378205500439,0.5597782613123741,22.05046844482422,77.38438415527344,6.523831844329834,728.4501342773438,0.591975748538971
2025-08-26 20:00:00,20.91331293522556,85.11542279781106,6.438697227622875,52.35021670102077,0.3682137180124294,22.438657760620117,87.52693176269531,6.54909086227417,52.03440856933594,0.292449414730072
2025-08-27 00:00:00,26.36070016057338,82.4631805698162,6.559891187209257,76.59223970547737,0.6021763215630509,25.719512939453125,86.97205352783203,6.54384183883667,34.48930358886719,0.4200584590435028
2025-08-27 04:00:00,29.242770513666276,80.49174258998472,6.418553102311564,58.368958267461096,0.7924682567212677,29.03558921813965,78.07158660888672,6.528793811798096,49.44717788696289,0.9019366502761841
2025-08-27 08:00:00,28.39635797012532,67.90560677892975,6.591746374643658,747.1353463220642,1.2414258381129208,29.016237258911133,68.2665023803711,6.519229888916016,714.1404418945312,1.2981051206588745
2025-08-27 12:00:00,25.20636917785363,69.59092953665375,6.445016287011607,1000.0,0.9751966245034578,25.549787521362305,67.82296752929688,6.524940490722656,959.7318725585938,1.0714001655578613
2025-08-27 16:00:00,21.564751750311213,77.46146456327902,6.511577317582294,742.5501497476297,0.5802765745250951,22.056177139282227,77.41304016113281,6.528334617614746,726.0238037109375,0.5914087891578674
2025-08-27 20:00:00,22.654463593101486,86.40227442155991,6.420634081047987,32.75600242163058,0.3741080653109847,22.33448028564453,87.6770248413086,6.535825252532959,52.469940185546875,0.2854551076889038
2025-08-28 00:00:00,24.618210459027264,87.66595500291741,6.431723300323323,75.38110920515004,0.38191732479171403,25.74966049194336,86.92805480957031,6.542090892791748,35.76496124267578,0.42247283458709717
2025-08-28 04:00:00,28.84948868570987,82.15762163435792,6.54410970855564,68.43551173697763,0.708515130063458,28.965286254882812,78.1618881225586,6.515235900878906,51.68974304199219,0.8968598246574402
2025-08-28 08:00:00,28.737986735018055,67.8995047422012,6.5506304717478825,743.6264563729354,1.266500443848222,28.99673843383789,68.3385238647461,6.507218360900879,713.2704467773438,1.2962756156921387
2025-08-28 12:00:00,25.741568356517284,65.81793165421168,6.511190302792791,987.1250943312933,1.131572817093295,25.423145294189453,67.99331665039062,6.506467819213867,961.6953735351562,1.0600205659866333
2025-08-28 16:00:00,21.812042812162627,74.4788563548957,6.536276439448921,760.2156708634834,0.6670697824897227,21.976564407348633,77.50303649902344,6.51539945602417,727.3196411132812,0.5862319469451904
2025-08-28 20:00:00,20.984942987697256,90.0,6.551466293307107,85.34285137856533,0.2484706173269977,22.32628059387207,87.65154266357422,6.538038730621338,51.12522888183594,0.28606921434402466
2025-08-29 00:00:00,25.18394296797265,87.39752877758441,6.4622164396041155,44.318805460551566,0.4036133103594288,25.64943504333496,86.95250701904297,6.546126365661621,35.985111236572266,0.41841447353363037
2025-08-29 04:00:00,28.287522391459962,79.55717465193325,6.42647721107824,64.68823885210877,0.7857555697589986,29.091867446899414,77.98401641845703,6.536825180053711,50.45139694213867,0.9070398211479187
2025-08-29 08:00:00,28.813393273709902,68.99190467004823,6.495740113483941,755.0121220233675,1.2287525123125804,29.020479202270508,68.3171615600586,6.517760753631592,710.9352416992188,1.296753168106079
2025-08-29 12:00:00,26.026590403554035,65.53445334780821,6.4675652234992205,983.4116111194772,1.1603609181941583,25.49234390258789,67.8899154663086,6.515116214752197,961.3946533203125,1.067076563835144
2025-08-29 16:00:00,20.97568764803998,80.38137407871233,6.5158563568041306,750.0771686006346,0.48718811993077743,21.959842681884766,77.48387145996094,6.512199878692627,729.3641357421875,0.5863926410675049
2025-08-29 20:00:00,21.445288902456166,87.12379007281251,6.523826713398477,41.624319929401466,0.32909629544673624,22.248327255249023,87.7713851928711,6.52610445022583,52.816062927246094,0.28045469522476196
2025-08-30 00:00:00,25.015009183608598,85.99663350050827,6.459620809546587,92.71982100535338,0.4439922646031649,25.604265213012695,87.1349105834961,6.5225653648376465,35.215614318847656,0.4126700460910797
2025-08-30 04:00:00,28.564641727931495,79.98196679312719,6.528908776223374,45.32932255786139,0.7819033263059154,28.932889938354492,78.190185546875,6.51414155960083,52.48540496826172,0.8939416408538818
2025-08-30 08:00:00,29.125520107690722,66.49534107881952,6.526410267872617,780.1774759225906,1.351854531911199,29.020706176757812,68.3439712524414,6.510662078857422,711.4678344726562,1.2968862056732178
2025-08-30 12:00:00,25.204583451719653,68.73015048962583,6.5298692280195025,1000.0,1.002694685554677,25.477928161621094,67.92244720458984,6.5158610343933105,960.6363525390625,1.0642619132995605
2025-08-30 16:00:00,22.035155408222817,78.26910887542932,6.473313730224522,715.0897389306979,0.5757820942175145,21.998035430908203,77.5245361328125,6.520784378051758,723.7948608398438,0.5866835117340088
2025-08-30 20:00:00,21.514367523496706,89.50431263486553,6.532699457316481,16.33969532953276,0.26939018313604235,22.418670654296875,87.56584167480469,6.542353630065918,54.25941848754883,0.2905465364456177
2025-08-31 00:00:00,25.388677916609144,84.30390925668304,6.5170574756187865,49.08774328340682,0.508845560659736,25.84927749633789,86.85137939453125,6.5422043800354,35.355003356933594,0.4287504553794861
2025-08-31 04:00:00,29.126716174476787,75.63934467565208,6.523066593822855,94.55371884072908,0.9829778170032637,29.13370704650879,77.90660095214844,6.533260345458984,50.43783950805664,0.9150602221488953
2025-08-31 08:00:00,28.371667584169387,67.29354830875307,6.574946789739453,774.6123968887662,1.2632883619721222,29.050600051879883,68.10089111328125,6.524258136749268,718.7879638671875,1.306779146194458
2025-08-31 12:00:00,25.664394803803432,65.34045044849186,6.507446071081297,1000.0,1.1421452711509077,25.54022789001465,67.87747192382812,6.527924060821533,957.064697265625,1.0670629739761353
2025-08-31 16:00:00,21.835800513126205,78.60431292634347,6.460709250385153,735.2586286146949,0.5600504069642085,22.05849838256836,77.49052429199219,6.532432556152344,721.1373901367188,0.5896009206771851
2025-08-31 20:00:00,22.332344249003548,89.37526978168647,6.4355346350350535,46.54075813162703,0.2866515292749021,22.456287384033203,87.50839233398438,6.551218509674072,53.00212097167969,0.2935996353626251
2025-09-01 00:00:00,25.15587741254287,90.0,6.544884912386895,64.8097151172098,0.31973095175235144,25.77456283569336,86.8472900390625,6.547492980957031,36.133705139160156,0.42587709426879883
2025-09-01 04:00:00,28.91131130530016,76.45462351162999,6.506353488188975,77.33149631672246,0.9383287363031744,29.105371475219727,77.91603088378906,6.533039093017578,51.99688720703125,0.9128314852714539
2025-09-01 08:00:00,28.700385861879845,68.03335293209605,6.571989203803215,761.3839955332747,1.2584762235890592,29.033756256103516,68.20336151123047,6.518474578857422,715.7833862304688,1.30234694480896
2025-09-01 12:00:00,25.208481231561066,68.5785651616386,6.387010494827179,1000.0,1.0077889855861395,25.509193420410156,67.88858795166016,6.519596099853516,959.7279663085938,1.0670607089996338
2025-09-01 16:00:00,21.921950961556448,78.85958574607238,6.534021458776525,762.8734931438408,0.5562845373308178,21.947723388671875,77.59591674804688,6.5161051750183105,723.5377197265625,0.582957923412323
2025-09-01 20:00:00,22.060889482056055,85.65239563077063,6.475431237616172,76.68154609456276,0.38075092277857125,22.330232620239258,87.6607894897461,6.5367865562438965,52.24180221557617,0.28621405363082886
2025-09-02 00:00:00,24.615193136090927,90.0,6.468320289063881,6.9273681834489835,0.3095890187444512,25.63971710205078,86.9886703491211,6.542274475097656,35.44896697998047,0.4171411991119385
2025-09-02 04:00:00,29.420894011599618,78.22169935129345,6.44775594680051,51.53732194748953,0.8938131452815569,29.06756019592285,78.06969451904297,6.52395486831665,50.71222686767578,0.9046766757965088
2025-09-02 08:00:00,27.774245686915783,70.7439301570112,6.530974889502196,727.9037442406161,1.091405751553841,29.005491256713867,68.36287689208984,6.507797718048096,711.308349609375,1.2960805892944336
2025-09-02 12:00:00,24.897569537183482,70.56056580802557,6.5166731476721,976.0028645247733,0.9269010216976287,25.42429542541504,67.96537017822266,6.503880977630615,963.4473266601562,1.062276840209961
2025-09-02 16:00:00,21.728739441532724,78.97516272223288,6.428877237555967,750.1114038770805,0.5467575016536812,21.978450775146484,77.42529296875,6.511658191680908,731.8965454101562,0.5883594751358032
2025-09-02 20:00:00,21.98205196145815,85.47229521171083,6.494242410704192,34.82066845650418,0.3836825257439602,22.209150314331055,87.82624053955078,6.522565841674805,51.980018615722656,0.27759215235710144
2025-09-03 00:00:00,26.011971618611703,86.20409710897223,6.518888519745175,33.02147002367478,0.4640692591842064,25.569236755371094,87.18425750732422,6.519974708557129,34.94799041748047,0.4099106788635254
2025-09-03 04:00:00,27.758841225766215,75.55963137122684,6.492483329507447,52.616056533832676,0.9109358300218382,29.031803131103516,78.11821746826172,6.518365383148193,51.77360916137695,0.9011940956115723
2025-09-03 08:00:00,28.434139905683914,68.6789351608723,6.538974818212499,717.9278242404775,1.2141729220870223,28.976573944091797,68.36638641357422,6.507216930389404,714.7275390625,1.2932565212249756
2025-09-03 12:00:00,24.16046861084138,68.92086976740684,6.469080876016693,990.276637951663,0.9363453886628649,25.477245330810547,67.9086685180664,6.513775825500488,961.4783935546875,1.065608263015747
2025-09-03 16:00:00,21.775594726558385,77.75556314310856,6.370864919555928,762.7768604550843,0.5801311700357892,21.935510635375977,77.53971862792969,6.511960506439209,728.2671508789062,0.5836780667304993
2025-09-03 20:00:00,21.895625531853277,90.0,6.492918681249564,27.981757621964462,0.2627157717162567,22.21417236328125,87.80950164794922,6.52718448638916,50.888179779052734,0.27874600887298584
2025-09-04 00:00:00,26.00371928961581,85.58043298846337,6.490279501249781,69.97398600975765,0.4848116466275121,25.57592010498047,87.21005249023438,6.520760536193848,35.058231353759766,0.409517765045166
2025-09-04 04:00:00,28.732740414114662,76.89664306128385,6.496807537614745,48.55204603745985,0.9112483798461543,28.919677734375,78.27581024169922,6.507064342498779,53.167999267578125,0.8894122838973999
2025-09-04 08:00:00,29.194435598389127,66.75229319434274,6.536597167677912,755.4329847345058,1.3468337565973285,28.931835174560547,68.4773941040039,6.498575210571289,712.7131958007812,1.287571668624878
2025-09-04 12:00:00,25.500239959299712,63.56965556222316,6.383625050114862,977.8759338187061,1.188868984722995,25.383087158203125,68.0335922241211,6.503228664398193,962.9033203125,1.0560097694396973
2025-09-04 16:00:00,21.526595704889846,77.67797913114123,6.469324047562894,759.0671945560945,0.5733624951383154,21.911924362182617,77.59455871582031,6.510028839111328,726.947021484375,0.5813494920730591
2025-09-04 20:00:00,21.03973942999641,83.96880103043303,6.43511532237945,44.3321555010844,0.3996710302113864,22.2681884765625,87.74283599853516,6.53281831741333,51.00971603393555,0.2820582389831543
2025-09-05 00:00:00,25.330789544496536,86.33277255946372,6.41859173989667,61.23151306423518,0.4415516397940271,25.574037551879883,87.1756820678711,6.528933525085449,34.613372802734375,0.4095093905925751
2025-09-05 04:00:00,27.911339001915703,80.3433696039121,6.47537830932445,44.72383597884191,0.7391798802709807,28.90765953063965,78.30158996582031,6.509381294250488,51.14838409423828,0.887320876121521
2025-09-05 08:00:00,29.304993546823205,67.43704279626732,6.514084360816629,761.1212404722963,1.327534074308157,28.905471801757812,68.5994644165039,6.491787433624268,709.1124267578125,1.2819840908050537
2025-09-05 12:00:00,25.11225734433222,66.64197336259352,6.494040589545553,1000.0,1.063794599981513,25.284812927246094,68.17220306396484,6.487840175628662,964.1918334960938,1.0473878383636475
2025-09-05 16:00:00,22.326775485968586,77.09143320749475,6.444617138177806,752.3945005731164,0.617855952420924,21.815011978149414,77.72229766845703,6.496764659881592,726.6036987304688,0.5748782753944397
2025-09-05 20:00:00,21.489079563146678,86.11640152101917,6.471719679325409,57.62883918055308,0.3557959077188455,22.166067123413086,87.86997985839844,6.517065048217773,52.28987503051758,0.27548348903656006
2025-09-06 00:00:00,25.313216133012062,87.52548899418288,6.523313433203216,61.783306160720926,0.4025975430763613,25.53043556213379,87.17620849609375,6.5234785079956055,35.538108825683594,0.4086151421070099
2025-09-06 04:00:00,28.747566783616666,83.23929039556003,6.510975073224737,26.729936395605975,0.6616478662803695,28.99004554748535,78.1378402709961,6.5185770988464355,51.5208854675293,0.8984007835388184
2025-09-06 08:00:00,28.62037029594386,71.26104719682807,6.449180110310404,754.0583691761549,1.1261741066023943,29.07306480407715,68.30670166015625,6.5140180587768555,709.4208984375,1.301627278327942
2025-09-06 12:00:00,24.96246098311327,68.16155278536462,6.445943792188536,1000.0,1.0063182447195222,25.45894432067871,67.91622161865234,6.510043621063232,963.0790405273438,1.0649980306625366
2025-09-06 16:00:00,21.910917133909074,77.95391262896713,6.390994402941785,781.325380889914,0.5797259690699397,21.90291976928711,77.55653381347656,6.505710601806641,729.30859375,0.5826371312141418
2025-09-06 20:00:00,21.25160749293221,86.66345813133259,6.4553480442926165,89.57328377898207,0.33684133932186633,22.144332885742188,87.85440063476562,6.519759654998779,51.2529296875,0.27630361914634705
2025-09-07 00:00:00,24.560115083401683,87.05624915899537,6.387935465660257,42.86666092258984,0.3994076636826942,25.379135131835938,87.33097839355469,6.516788482666016,34.916133880615234,0.3994324207305908
2025-09-07 04:00:00,29.25034780968238,77.34884692968582,6.578078396551488,65.07168649035958,0.9205418402863811,28.812057495117188,78.49384307861328,6.495357990264893,51.38420867919922,0.8753597140312195
2025-09-07 08:00:00,28.992518357465013,65.96143733252951,6.431969004338847,747.3402729948725,1.3628856800437088,28.849924087524414,68.69499969482422,6.48442268371582,708.3801879882812,1.2762023210525513
2025-09-07 12:00:00,25.197778552182335,69.51163136142966,6.530173954947843,1000.0,0.9772402438025093,25.31638526916504,68.15331268310547,6.491505146026611,962.6197509765625,1.049566626548767
2025-09-07 16:00:00,22.533302324015352,79.83941787593248,6.5656302225767815,735.816546788825,0.5506063999475037,21.8381290435791,77.69390869140625,6.497292995452881,726.8516845703125,0.5762771368026733
2025-09-07 20:00:00,21.56684837338104,88.81496900949053,6.4855349826085815,87.28518334478224,0.28800645682772386,22.329374313354492,87.68270111083984,6.53220272064209,53.881080627441406,0.2846369445323944
2025-09-08 00:00:00,25.812770165608303,86.9843191632674,6.467712070522726,37.95650864538811,0.43269522630024637,25.64409637451172,86.96180725097656,6.539004325866699,36.28969192504883,0.4185487926006317
2025-09-08 04:00:00,28.703307213214476,74.08347993035699,6.4065945205393175,53.14047180155763,1.020464963676711,29.112197875976562,77.95037841796875,6.535924434661865,49.08168411254883,0.9111006259918213
2025-09-08 08:00:00,28.10314479571337,69.84050329697405,6.447482777259633,732.3097735801111,1.146872431226952,28.994304656982422,68.30315399169922,6.513864994049072,714.2603759765625,1.2964038848876953
2025-09-08 12:00:00,26.075438651499237,64.09949941967302,6.552911035735523,960.6991845305802,1.212165753300237,25.49378776550293,67.89558410644531,6.516881465911865,960.8111572265625,1.0661848783493042
2025-09-08 16:00:00,22.1826723637881,76.389973197051,6.490275414823185,731.9116554183557,0.6312170679490583,22.000608444213867,77.4161605834961,6.515433311462402,731.2404174804688,0.5890873074531555
2025-09-08 20:00:00,21.626806424971278,89.97894214731335,6.4741301937150135,53.017727653912765,0.2589826646748592,22.278438568115234,87.75698852539062,6.528298854827881,52.81966781616211,0.2807587683200836
2025-09-09 00:00:00,25.502137767691014,89.30630967708154,6.53638898114739,96.2616962462044,0.34901752166494004,25.596057891845703,87.10335540771484,6.526942253112793,36.430240631103516,0.41275858879089355
2025-09-09 04:00:00,28.400802036062842,76.9657818912055,6.505597348111393,46.60747010455136,0.8912039990074123,28.961280822753906,78.14344787597656,6.517606735229492,52.27082824707031,0.8971384167671204
2025-09-09 08:00:00,29.017228270591566,66.15632652427269,6.4633891632996185,737.8854003811327,1.357018749795146,29.021160125732422,68.2936782836914,6.514773845672607,713.5669555664062,1.298121452331543
2025-09-09 12:00:00,23.94301285528206,68.18684297056356,6.481595612472287,971.1930177003445,0.9460361977606455,25.542966842651367,67.84403228759766,6.52371883392334,959.210205078125,1.0702797174453735
2025-09-09 16:00:00,21.16454985593899,76.3574677254397,6.4323795688170415,773.1055820664558,0.5939604189114553,21.95928192138672,77.54853057861328,6.513891220092773,726.0950927734375,0.5842366814613342
2025-09-09 20:00:00,22.16408039492977,85.98428844339686,6.442730788370428,59.882445265454784,0.3742880100947925,22.221755981445312,87.80333709716797,6.525812149047852,51.55908966064453,0.2792244553565979
2025-09-10 00:00:00,25.00140953829968,84.7716256547211,6.458620664648437,55.68159581128421,0.4824415529314332,25.521663665771484,87.22842407226562,6.523771286010742,34.66638946533203,0.40679052472114563
2025-09-10 04:00:00,28.69411006999126,78.82496005802965,6.496809149230055,62.12975749015707,0.8333247886458,28.874210357666016,78.3819580078125,6.504363536834717,51.44173049926758,0.8821675181388855
2025-09-10 08:00:00,27.916946091489176,69.41362807309,6.406567447476868,710.988577857396,1.1505643409342818,28.87344741821289,68.60372924804688,6.491608619689941,710.8148803710938,1.279782772064209
2025-09-10 12:00:00,26.05017080526019,67.54580236185073,6.4727476126325065,970.6678872867724,1.094167966936555,25.309602737426758,68.14566802978516,6.491257667541504,963.5338745117188,1.0493584871292114
2025-09-10 16:00:00,22.25740051413022,75.20509112765438,6.449442488108217,730.9643557477063,0.6659161404182554,21.827388763427734,77.63610076904297,6.493068695068359,731.6536254882812,0.5770720839500427
2025-09-10 20:00:00,21.56179308308372,85.76716924834432,6.42388913518806,69.49702276304288,0.3663718086860701,22.173330307006836,87.90230560302734,6.516116619110107,52.14899826049805,0.27386483550071716
2025-09-11 00:00:00,24.912129784787496,88.23883387144589,6.447947079508291,9.904535495439795,0.37062201881553847,25.433155059814453,87.28961944580078,6.515265464782715,35.830020904541016,0.4020741581916809
2025-09-11 04:00:00,29.093381509066763,76.98813286630032,6.351101493830363,73.88834141431309,0.9267672517212953,28.919973373413086,78.33597564697266,6.502832889556885,52.27553939819336,0.8872608542442322
2025-09-11 08:00:00,29.569814553441375,65.85073851481205,6.429292223281455,756.8619687413536,1.4136039365754787,28.787599563598633,68.68450927734375,6.483731746673584,713.0108032226562,1.2723591327667236
2025-09-11 12:00:00,25.591357841124836,66.53399669993705,6.412197312879076,963.7022077092518,1.0980494762260395,25.295978546142578,68.16412353515625,6.491960048675537,963.4542236328125,1.046865463256836
2025-09-11 16:00:00,22.73627743177971,79.8171354077192,6.4531758548528355,743.6605578449415,0.5580430782098187,21.739858627319336,77.79727935791016,6.4867448806762695,728.7612915039062,0.5697900056838989
2025-09-11 20:00:00,21.189200433550447,89.56824937326029,6.353182165834677,89.26394114760014,0.2624686258021587,22.06145477294922,88.05525207519531,6.501561641693115,52.79910659790039,0.26640141010284424
2025-09-12 00:00:00,24.69358342472626,90.0,6.475036163171822,30.87682440835226,0.31104181111065854,25.301652908325195,87.4061508178711,6.50075626373291,36.60735321044922,0.39518672227859497
2025-09-12 04:00:00,27.972907896086735,81.07856820673317,6.510962690816692,40.5262851449909,0.7140894940101532,28.823808670043945,78.4432144165039,6.489866733551025,52.228271484375,0.8811307549476624
2025-09-12 08:00:00,28.788258779938154,70.72415368212747,6.459626707384854,805.2211193303516,1.1584226140912963,28.89786720275879,68.65400695800781,6.484519004821777,707.6654663085938,1.2813173532485962
2025-09-12 12:00:00,25.191078614877842,65.56445654497124,6.490431119666567,1000.0,1.10331884094582,25.251752853393555,68.25199127197266,6.484400749206543,962.7193603515625,1.0424466133117676
2025-09-12 16:00:00,21.56319966310191,79.3415424873432,6.439854998176287,744.8401209816257,0.5318216513922023,21.771142959594727,77.80694580078125,6.490103721618652,724.791259765625,0.5715478658676147
2025-09-12 20:00:00,22.04380453889955,86.57076221366394,6.387760469807555,53.28757690981823,0.35600890701104326,22.118946075439453,87.93904113769531,6.5079498291015625,53.5553092956543,0.27231839299201965
2025-09-13 00:00:00,25.70880230934644,83.61002311326126,6.463980267075149,68.01830025588052,0.5415263021364658,25.50873565673828,87.22395324707031,6.515616416931152,35.00223159790039,0.40731844305992126
2025-09-13 04:00:00,27.79390841723344,81.8011437132609,6.497914619860127,78.21795405913078,0.6796923379289401,28.904739379882812,78.24366760253906,6.506263732910156,53.5883903503418,0.8911083936691284
2025-09-13 08:00:00,28.258253607926303,67.52523453669929,6.397676294730483,706.8847697565884,1.2461030792714776,28.894262313842773,68.51455688476562,6.495205879211426,712.9273681640625,1.284476399421692
2025-09-13 12:00:00,25.502709803800638,65.13573203376568,6.4406343371947745,955.3212888342009,1.137928355012452,25.327329635620117,68.1422348022461,6.493272304534912,962.1412963867188,1.0502504110336304
2025-09-13 16:00:00,21.394667049672062,77.57887169899452,6.451539880965646,730.0390565371567,0.5712765348448252,21.778522491455078,77.74654388427734,6.488437652587891,729.3102416992188,0.5721721649169922
2025-09-13 20:00:00,21.229433353422277,87.06340172431894,6.606466083275113,51.21501752769933,0.32629605338679823,22.09626579284668,88.03079986572266,6.504878044128418,52.37248611450195,0.26800256967544556
2025-09-14 00:00:00,25.591833079850606,85.72485444499077,6.473553214639806,69.57806656345353,0.4683934824650695,25.523242950439453,87.2828369140625,6.512868404388428,34.70241928100586,0.4058768153190613
2025-09-14 04:00:00,27.901915946301177,78.20391930018295,6.367105975960622,22.518330432521218,0.8191831729881174,28.889760971069336,78.31139373779297,6.505469799041748,54.35472869873047,0.8861402273178101
2025-09-14 08:00:00,28.39587607726761,71.36781627018807,6.354742109811701,745.9043269256886,1.1074750062679417,28.88022232055664,68.63002014160156,6.491034507751465,710.096435546875,1.2790284156799316
2025-09-14 12:00:00,25.24688637892781,66.29703599851902,6.498909596416999,998.5632220219527,1.0834365116157825,25.334491729736328,68.10608673095703,6.496753692626953,963.3536987304688,1.051020622253418
2025-09-14 16:00:00,21.331552793932595,81.82121213753949,6.586636253703638,733.0030517999422,0.4613971552346543,21.7893123626709,77.71549224853516,6.493258953094482,728.9100952148438,0.5743056535720825
2025-09-14 20:00:00,22.01004057889424,89.18261272361768,6.4483359306737755,45.809936201151274,0.2861793547139757,22.18306541442871,87.88109588623047,6.515472888946533,52.823333740234375,0.27518561482429504
2025-09-15 00:00:00,24.78862041527302,89.10961250426264,6.44391785582783,55.389283736318276,0.3406633924102205,25.521345138549805,87.24359893798828,6.507001876831055,35.92461395263672,0.40763622522354126
2025-09-15 04:00:00,29.241470264732413,78.13403466740513,6.482497544240635,79.08670125573022,0.8881769107447699,28.868677139282227,78.37287902832031,6.493983268737793,51.5996208190918,0.8865430355072021
2025-09-15 08:00:00,28.474287369261575,67.81588027378255,6.4210440150135,750.1373904822162,1.250539480784974,28.910030364990234,68.45833587646484,6.496262550354004,714.1163330078125,1.2880884408950806
2025-09-15 12:00:00,25.40869397122438,69.95905925089028,6.3337511044093215,977.1543266174953,0.9750440590886815,25.415735244750977,68.00106048583984,6.508866786956787,961.72900390625,1.0578533411026
2025-09-15 16:00:00,21.98196926422536,78.66100663019616,6.5128220548945395,769.1009349804965,0.5635685552424583,21.831939697265625,77.7081069946289,6.501115798950195,726.5048217773438,0.5755609273910522
2025-09-15 20:00:00,21.295187286361916,85.2278871004061,6.430299729010664,40.44763603102574,0.37409754784860105,22.07256317138672,88.02751922607422,6.504723072052002,51.767826080322266,0.26832303404808044
2025-09-16 00:00:00,24.037381159623926,90.0,6.512124558383849,29.01576626912997,0.2990619037671549,25.448532104492188,87.33966827392578,6.505908966064453,35.169063568115234,0.40195634961128235
2025-09-16 04:00:00,28.708603926421542,79.00504039635291,6.421569325577247,62.39116487066254,0.8269317826964899,28.901046752929688,78.36572265625,6.4980788230896,51.135719299316406,0.886898934841156
2025-09-16 08:00:00,28.56437022265206,67.07544222881948,6.465707621465808,744.9956074130748,1.2860112543428666,28.831525802612305,68.68819427490234,6.480216979980469,710.1586303710938,1.2766305208206177
2025-09-16 12:00:00,25.342037447739436,67.73945557381872,6.502360262467215,1000.0,1.0429488229698274,25.274112701416016,68.1963119506836,6.486932277679443,963.76416015625,1.0457531213760376
2025-09-16 16:00:00,21.486759082622697,77.04414538671715,6.5131362126463745,726.3735798180676,0.58820769323522,21.829294204711914,77.67107391357422,6.4979939460754395,728.4766235351562,0.5768564939498901
2025-09-16 20:00:00,21.38480896941376,85.66753523375225,6.471268098466852,71.66799056762228,0.36496197611419934,22.165311813354492,87.90792846679688,6.5138115882873535,52.26934051513672,0.2737973928451538
2025-09-17 00:00:00,26.06000011223273,83.30924608978843,6.4675264958012315,99.85416112411271,0.5630426757851095,25.51229476928711,87.20587158203125,6.5204291343688965,34.893333435058594,0.4075234532356262
2025-09-17 04:00:00,27.78368819112424,75.7503317391759,6.489349850020237,68.45233575165139,0.9051388963643269,28.89160919189453,78.23670959472656,6.513104438781738,52.840293884277344,0.8892651796340942
2025-09-17 08:00:00,28.886840461061748,68.50782879334844,6.481573017730989,756.3202082137295,1.2532489701141896,28.920101165771484,68.43987274169922,6.507619380950928,713.8616333007812,1.2861697673797607
2025-09-17 12:00:00,24.76846267765018,63.366742566772075,6.3938055143027155,957.6971798750299,1.1445514818733848,25.449705123901367,67.99212646484375,6.512518882751465,959.2272338867188,1.060049057006836
2025-09-17 16:00:00,21.42377268273391,77.03138112197216,6.3947604232960895,741.3022010330512,0.5862701460440165,21.897422790527344,77.67443084716797,6.508018493652344,723.6511840820312,0.5784202218055725
2025-09-17 20:00:00,21.43311057531714,86.81902756653355,6.352911585860237,46.072297480965375,0.3366345026537436,22.183183670043945,87.90947723388672,6.516223907470703,53.296119689941406,0.27443522214889526
2025-09-18 00:00:00,24.646261761649633,87.96628828555062,6.495522234852272,36.00512983768421,0.37324253413775477,25.449264526367188,87.34859466552734,6.508950233459473,34.838050842285156,0.4014432430267334
2025-09-18 04:00:00,28.797692618991135,73.59059797164089,6.43741034612474,55.92904693307909,1.0455703794424283,28.825511932373047,78.48773956298828,6.488555908203125,54.00639724731445,0.8774318099021912
2025-09-18 08:00:00,29.207402311847996,67.49667272170923,6.498206697079105,738.8456978884684,1.3176651519297478,28.771377563476562,68.78555297851562,6.474264144897461,711.439208984375,1.2685341835021973
2025-09-18 12:00:00,25.282985729358593,65.02919861764231,6.477382363483015,970.9013407008185,1.126608235981656,25.186246871948242,68.30664825439453,6.47660493850708,965.313232421875,1.0373536348342896
2025-09-18 16:00:00,21.635568281703556,80.31145865886322,6.407075500731741,740.2546407177795,0.5091001949055025,21.75497817993164,77.79008483886719,6.488041877746582,728.1798706054688,0.570343554019928
2025-09-18 20:00:00,21.090657034047886,87.6204830737505,6.451185713133551,40.64078729984014,0.3095978751712414,22.12272071838379,87.96749877929688,6.51104211807251,52.35919189453125,0.2708667814731598
2025-09-19 00:00:00,25.299185249621246,87.35999607874427,6.433374789923148,66.71014354077064,0.4075985974374765,25.538330078125,87.24063873291016,6.517538070678711,34.86454391479492,0.4073241353034973
2025-09-19 04:00:00,29.583049047711423,76.13297414154327,6.425654718493175,60.70683113243143,0.9887248604264505,28.89665412902832,78.3167495727539,6.504678726196289,51.44715118408203,0.8874898552894592
2025-09-19 08:00:00,28.314526919949227,68.5166917257973,6.501880258781017,756.6340002659448,1.2120156629890393,28.86697769165039,68.5573959350586,6.492547512054443,713.2730102539062,1.280894160270691
2025-09-19 12:00:00,24.852780827033087,68.29485751444265,6.581653066033737,1000.0,0.9955747501985629,25.280344009399414,68.20034790039062,6.490114688873291,962.7437133789062,1.044866919517517
2025-09-19 16:00:00,21.29612643608077,77.70158924841358,6.51192607459353,733.4744174257081,0.5647303783916979,21.798166275024414,77.80686950683594,6.4947943687438965,723.3557739257812,0.5718979239463806
2025-09-19 20:00:00,21.331963884324058,89.188151234902,6.4547680741384825,55.99859083349006,0.27442324237727567,22.27060317993164,87.77674102783203,6.5251359939575195,53.04413986206055,0.2804190218448639
2025-09-20 00:00:00,23.661497119203844,90.0,6.5180974224038115,74.45420002692799,0.29238259486054563,25.64549446105957,87.04725646972656,6.529078006744385,35.462440490722656,0.4166654646396637
2025-09-20 04:00:00,28.700766204105644,75.9185813596223,6.540767166921546,46.67261365730269,0.9480681645433698,28.987564086914062,78.17459869384766,6.517993927001953,49.75605010986328,0.8968960642814636
2025-09-20 08:00:00,28.07547242300048,69.2395270034464,6.38550349529049,709.4165749050414,1.1678437693397457,29.017717361450195,68.35433959960938,6.509650230407715,711.9202270507812,1.2959649562835693
2025-09-20 12:00:00,24.229015336644135,71.5399175998372,6.516364772474132,986.1861486156522,0.8609690475840726,25.443355560302734,67.95428466796875,6.509212017059326,962.1884155273438,1.062365174293518
2025-09-20 16:00:00,21.946640255768557,78.99182800855627,6.493606135343166,769.130416531371,0.5536376792957443,21.840335845947266,77.66753387451172,6.4973297119140625,728.4064331054688,0.5769243240356445
2025-09-20 20:00:00,21.029036388381314,90.0,6.51452798723883,32.69919459797214,0.24914445396640605,22.147485733032227,87.89596557617188,6.514773845672607,52.32623291015625,0.27430421113967896
2025-09-21 00:00:00,24.85876917313046,88.5556879381192,6.494879927811696,43.70389544910173,0.35949175824720925,25.588747024536133,87.19403076171875,6.518896579742432,34.88445281982422,0.4109256863594055
2025-09-21 04:00:00,29.225426510804382,74.78955934164367,6.442829104634144,34.56641641203892,1.0230793198018389,28.963512420654297,78.27481079101562,6.5097808837890625,50.1675910949707,0.8917554020881653
2025-09-21 08:00:00,27.787597416197837,67.19931495629595,6.555859087219989,746.1929274821325,1.2245918183960725,28.91596221923828,68.53692626953125,6.492879867553711,711.6181640625,1.2854331731796265
2025-09-21 12:00:00,24.261804582773458,69.74706906154864,6.471195485439958,979.029954144376,0.9170055502904418,25.43499755859375,67.96231842041016,6.509250164031982,962.22119140625,1.0613012313842773
2025-09-21 16:00:00,21.698655179715754,79.83754468073099,6.432499203976138,720.33751488768,0.5233682888155795,21.927391052246094,77.56507110595703,6.510291576385498,727.4761352539062,0.5827578902244568
2025-09-21 20:00:00,22.13874576693977,90.0,6.47951445576287,56.21193518481453,0.2666373074980961,22.23925018310547,87.82752990722656,6.5222039222717285,53.141117095947266,0.2779800593852997
2025-09-22 00:00:00,24.23547396066934,90.0,6.50201651801669,56.0649979848901,0.3026352035466813,25.581592559814453,87.17475128173828,6.519181251525879,35.10433578491211,0.4112662076950073
2025-09-22 04:00:00,28.69059130309166,75.12324153036751,6.458134776723397,91.12806494067817,0.9788030979453889,28.95008087158203,78.26304626464844,6.507972240447998,51.232398986816406,0.8921429514884949
2025-09-22 08:00:00,28.777246204653924,65.79958554829915,6.473053542106409,751.3252434979263,1.352421594615338,28.8498477935791,68.52110290527344,6.494269371032715,716.241455078125,1.2808154821395874
2025-09-22 12:00:00,23.99306457768916,74.06743776537826,6.45781507703548,976.5656982139463,0.7734841962394553,25.29842758178711,68.19857025146484,6.494144439697266,960.9962158203125,1.0449997186660767
2025-09-22 16:00:00,21.957793873351175,77.13453132601968,6.420392936275265,735.3663616161498,0.6029937884021561,21.812929153442383,77.80729675292969,6.497440338134766,722.3197021484375,0.5722459554672241
2025-09-22 20:00:00,21.996846144318656,87.5997600530446,6.412305499998909,80.49657843206255,0.3277907929929831,22.209726333618164,87.881103515625,6.516583442687988,53.72726821899414,0.27564266324043274
2025-09-23 00:00:00,24.86187908538508,86.28634753110391,6.382524966473384,48.541064169098746,0.4308567703298176,25.433595657348633,87.29910278320312,6.510033130645752,35.13920211791992,0.4030148983001709
2025-09-23 04:00:00,29.108046668299846,79.96813680869872,6.5285667825043,32.318214048044055,0.8074357025087294,28.830907821655273,78.39697265625,6.496513366699219,54.744659423828125,0.8809685111045837
2025-09-23 08:00:00,29.05010127431326,67.92551450317134,6.44149491839548,751.6465803625073,1.2885250775520216,28.871971130371094,68.67501068115234,6.482583045959473,709.6871948242188,1.2782331705093384
2025-09-23 12:00:00,25.069330834871696,66.34680105192184,6.281287025714199,984.2022365404899,1.07046898876931,25.25558090209961,68.21257781982422,6.485286712646484,964.5322265625,1.0440434217453003
2025-09-23 16:00:00,21.327947561712868,76.52042807971615,6.472492434765939,759.5628965107447,0.5958051272922051,21.732593536376953,77.81365966796875,6.48752498626709,728.1051635742188,0.5691347122192383
2025-09-23 20:00:00,21.067256310583858,89.51352342591996,6.471457136027328,74.59751342360975,0.261878594368226,21.99757957458496,88.12499237060547,6.4978251457214355,50.74009323120117,0.26348641514778137
2025-09-24 00:00:00,24.994704546782074,88.0963555295878,6.358694561078256,34.030473969164525,0.37696207254541436,25.310806274414062,87.48090362548828,6.498490333557129,35.32218933105469,0.3935663402080536
2025-09-24 04:00:00,28.762467376455014,79.02051936975974,6.410403134803112,91.66492692198567,0.8289033699827288,28.806209564208984,78.530029296875,6.491389751434326,50.79966735839844,0.8744723796844482
2025-09-24 08:00:00,28.315499486082604,69.1206877171305,6.408208493491729,747.5410231081436,1.188830736823693,28.70182228088379,68.90391540527344,6.467662811279297,709.11962890625,1.2612472772598267
2025-09-24 12:00:00,23.91473579883416,69.09893560421152,6.414909560680162,946.7244960692274,0.9173539107265865,25.124717712402344,68.42447662353516,6.467864990234375,964.4892578125,1.0302844047546387
2025-09-24 16:00:00,22.183741633615703,76.13678435865371,6.5126617383049545,757.6110951489663,0.6380276262996851,21.679237365722656,77.95240020751953,6.477871894836426,725.0932006835938,0.5631369948387146
2025-09-24 20:00:00,21.644496297249866,87.71337125752754,6.444579067816434,3.1320906356734,0.31787725025837466,21.9842529296875,88.17537689208984,6.489521503448486,52.5075798034668,0.2610090374946594
2025-09-25 00:00:00,24.819977129460188,87.1686726124962,6.430106662428983,89.99207542128454,0.40212964942651075,25.452167510986328,87.40143585205078,6.4906768798828125,35.55595779418945,0.40110376477241516
2025-09-25 04:00:00,28.902470187148,76.88590365366848,6.50758790378082,70.14366695502508,0.9206705488639112,28.804092407226562,78.40604400634766,6.49085807800293,55.826454162597656,0.8809143304824829
2025-09-25 08:00:00,29.236210291177738,66.67856642047215,6.476235793928976,747.0763615315647,1.3530776648486311,28.81769561767578,68.62269592285156,6.4825286865234375,714.5831298828125,1.277390956878662
2025-09-25 12:00:00,23.60883359305466,68.2908878236579,6.364419493770963,998.307004770159,0.9241851002765471,25.31068992614746,68.16603088378906,6.495827674865723,961.6813354492188,1.046811580657959
2025-09-25 16:00:00,21.762819587621888,79.11713034276292,6.420637224711395,760.0348869090725,0.5441970584242877,21.817825317382812,77.78961944580078,6.502782344818115,722.4961547851562,0.5729377269744873
2025-09-25 20:00:00,20.832363157255678,88.51059983517715,6.4675665110264875,55.70187243486272,0.28281292195052377,22.0676212310791,88.04061889648438,6.50473165512085,51.81920623779297,0.2679881155490875
2025-09-26 00:00:00,25.25623744989113,85.93187512459262,6.404307822773147,65.83253370341367,0.4524942072405911,25.42730712890625,87.3844223022461,6.50449275970459,34.47511672973633,0.40045997500419617
2025-09-26 04:00:00,28.534747412816703,76.99466402421122,6.5524800688948055,61.033429052118144,0.8970309267040126,28.810840606689453,78.47957611083984,6.4946770668029785,51.74597930908203,0.8764426708221436
2025-09-26 08:00:00,28.78864707484969,67.80154570096605,6.456646267656378,690.6808848371172,1.274096588281377,28.816482543945312,68.75074768066406,6.478120803833008,709.117919921875,1.2727134227752686
2025-09-26 12:00:00,24.75705838924433,68.53048881576011,6.413333512494872,1000.0,0.9825490509501255,25.248794555664062,68.22311401367188,6.481851577758789,964.6718139648438,1.0445154905319214
2025-09-26 16:00:00,20.60596052544433,80.43529544164244,6.394855147306946,763.5620525193555,0.4749221740014484,21.798593521118164,77.71726989746094,6.494232654571533,728.8955688476562,0.5738653540611267
2025-09-26 20:00:00,21.317396485725574,90.0,6.497378708875534,64.62484004843627,0.25359068682465624,22.064050674438477,88.02454376220703,6.508015155792236,51.13020706176758,0.26838189363479614
2025-09-27 00:00:00,25.20758949583911,90.0,6.418231754890685,61.258841915016035,0.320715952899298,25.397296905517578,87.40264129638672,6.50587272644043,34.897029876708984,0.3986188769340515
2025-09-27 04:00:00,28.975963457744587,77.60702713875922,6.469621060654968,85.41762619049766,0.895745080838505,28.83721923828125,78.47840118408203,6.497501850128174,51.24491500854492,0.8767659664154053
2025-09-27 08:00:00,27.882351643170708,66.53766776077293,6.393048883896661,747.418922000564,1.2562141889992153,28.762483596801758,68.8069076538086,6.476132869720459,709.233154296875,1.267305850982666
2025-09-27 12:00:00,25.517695891705728,66.68523455738081,6.454134741316608,998.1073735959551,1.0883217236615783,25.191965103149414,68.33323669433594,6.4780988693237305,963.4706420898438,1.0360757112503052
2025-09-27 16:00:00,21.216127918308203,76.66717135377168,6.41883055684621,735.2570021312779,0.588037188141566,21.689453125,77.94615936279297,6.482003688812256,723.4560546875,0.5643934011459351
2025-09-27 20:00:00,21.721289003928728,90.0,6.43485513106663,10.233108409073154,0.2599348248163351,22.111860275268555,87.99169158935547,6.506986618041992,53.10493850708008,0.2700992226600647
2025-09-28 00:00:00,24.747293592397117,90.0,6.410522045305217,69.72532415172424,0.31204064070764703,25.5152645111084,87.32058715820312,6.500863075256348,35.411537170410156,0.40533795952796936
2025-09-28 04:00:00,28.557427497823735,78.96448114825708,6.501617399214903,57.30309832109755,0.8213026530178946,28.83709716796875,78.40155029296875,6.491553783416748,53.70894241333008,0.8831912875175476
2025-09-28 08:00:00,28.91228100125282,68.84849618339884,6.425785886568273,709.8069526311529,1.2415172197077666,28.8230037689209,68.70996856689453,6.474862575531006,711.2093505859375,1.2757256031036377
2025-09-28 12:00:00,24.388733530185664,69.41878609119482,6.4431632255785045,996.7962372177258,0.9340275757884302,25.269577026367188,68.18138122558594,6.485800743103027,965.062744140625,1.0463902950286865
2025-09-28 16:00:00,21.198186005318764,79.43483282294343,6.445578971284553,746.2371943291338,0.5177162393537003,21.69757652282715,77.86922454833984,6.482433795928955,727.6948852539062,0.5664931535720825
2025-09-28 20:00:00,21.630620247363222,84.85916119229692,6.530949591406171,52.033700869784255,0.39138872162079297,22.036273956298828,88.0728759765625,6.501003742218018,51.332237243652344,0.2657772898674011
2025-09-29 00:00:00,26.201699269140462,86.0495863657755,6.494651545163363,56.97496875994446,0.4745550954239035,25.441709518432617,87.36680603027344,6.505441188812256,34.46406173706055,0.40098246932029724
2025-09-29 04:00:00,28.03341419767963,76.68757257878805,6.48967015370769,24.453233505617682,0.8829093979065892,28.91753387451172,78.30693817138672,6.5069379806518555,51.59020233154297,0.8880778551101685
2025-09-29 08:00:00,29.4850759967615,66.8350990799345,6.371241784642478,768.1429863533135,1.3661764663333802,28.939044952392578,68.5455551147461,6.495968341827393,709.7962036132812,1.2857532501220703
2025-09-29 12:00:00,26.00311909046287,66.37610167352862,6.417316496413666,1000.0,1.1304555231893647,25.365989685058594,68.03499603271484,6.502411365509033,964.4274291992188,1.0545313358306885
2025-09-29 16:00:00,21.488150248136737,82.16141855248712,6.509567051585239,773.1554121218857,0.4571245248551663,21.86705207824707,77.6104965209961,6.505290508270264,728.7760620117188,0.57981276512146
2025-09-29 20:00:00,21.387729560387584,90.0,6.39158957502271,52.46552720151924,0.2546856141842211,22.208478927612305,87.80967712402344,6.525628566741943,51.32919692993164,0.27883079648017883
2025-09-30 00:00:00,24.654134083358176,89.08782284000603,6.4542256798096656,60.70327454675296,0.3386157285054514,25.511497497558594,87.23159790039062,6.517219066619873,35.74192428588867,0.4069225788116455
2025-09-30 04:00:00,28.43016703266194,77.32087007672783,6.396761927190539,15.489468425493328,0.8789623597878863,28.853534698486328,78.40435791015625,6.496211051940918,49.84226989746094,0.8837204575538635
2025-09-30 08:00:00,27.760908581548495,72.21068004519711,6.401779639633109,731.6316978110025,1.0358820891635507,28.880931854248047,68.67501831054688,6.482393741607666,707.981201171875,1.2797298431396484
2025-09-30 12:00:00,24.962047174030225,67.99701994670161,6.534064285046789,970.8570834778271,1.0114936969833055,25.266273498535156,68.2008056640625,6.4834771156311035,964.6371459960938,1.046209692955017
2025-09-30 16:00:00,22.284505204478197,77.73659011655326,6.485988534482399,753.497575176121,0.5989143190188226,21.73759651184082,77.76593780517578,6.480950355529785,731.2689819335938,0.5705379843711853
2025-09-30 20:00:00,21.23052253631441,88.73871540438206,6.499182013793308,27.46501755369679,0.28405907381987516,22.0132999420166,88.08755493164062,6.496430397033691,52.08814239501953,0.26450246572494507
2025-10-01 00:00:00,24.879656368533094,87.37220763578571,6.489189852087332,41.36066522220382,0.39716186981322465,25.495500564575195,87.30573272705078,6.505889415740967,35.4860725402832,0.4045960307121277
2025-10-01 04:00:00,27.61354989853175,79.15268759697341,6.443038359967668,60.89088516383981,0.7704552100318677,28.914941787719727,78.33010864257812,6.500446796417236,51.479339599609375,0.8888247013092041
2025-10-01 08:00:00,28.65115117973089,63.59933952904703,6.415422942683948,740.1510270659504,1.4289548472182503,28.904041290283203,68.52397918701172,6.49379301071167,712.631591796875,1.2849946022033691
2025-10-01 12:00:00,25.132259363003307,64.70619815301266,6.429898265108268,971.9768981452498,1.1268674164443886,25.383567810058594,68.05337524414062,6.503976345062256,961.655517578125,1.0547412633895874
2025-10-01 16:00:00,21.56776808527275,78.84760895543013,6.440411455359806,781.2221459115021,0.5446894033407492,21.810035705566406,77.70691680908203,6.497016906738281,728.1116943359375,0.5749443769454956
2025-10-01 20:00:00,21.427503380278793,90.0,6.538817081545539,64.65163462938077,0.2553066295019386,22.03968620300293,88.03871154785156,6.50538969039917,50.73487854003906,0.2675562798976898
2025-10-02 00:00:00,24.854084036653994,88.91531615330734,6.383251627854556,87.41422451246254,0.3480977573668582,25.381515502929688,87.40414428710938,6.504300117492676,35.32987976074219,0.3980211317539215
2025-10-02 04:00:00,28.715514728028307,75.98599019816423,6.422386376975092,32.63164863849393,0.9462222248132887,28.772153854370117,78.4792251586914,6.492702960968018,53.7100715637207,0.875189483165741
2025-10-02 08:00:00,28.45015631038366,64.93905802628983,6.404421281090763,740.7860723574677,1.3604145470956368,28.840913772583008,68.71014404296875,6.483707904815674,708.7032470703125,1.2749143838882446
2025-10-02 12:00:00,25.157948931817884,69.33213112322446,6.502900609282056,1000.0,0.9806675435929462,25.272214889526367,68.2094955444336,6.486935138702393,963.299560546875,1.0449591875076294
2025-10-02 16:00:00,21.64385278962974,76.89983051352519,6.542758862372987,778.9498183091987,0.5976195513451652,21.763425827026367,77.78797149658203,6.48891544342041,727.0910034179688,0.5712001919746399
2025-10-02 20:00:00,22.098075024450345,88.63935830042959,6.465508767397353,88.24441621737306,0.3021677897950412,22.124475479125977,87.93231201171875,6.512244701385498,51.6429557800293,0.2725875675678253
2025-10-03 00:00:00,25.33999702620816,88.26973477681919,6.469775788370274,43.95219380074628,0.3791809334103373,25.37787628173828,87.30847930908203,6.510440349578857,36.581275939941406,0.40033209323883057
2025-10-03 04:00:00,28.562032514233483,78.61355201315915,6.454791042780192,39.591716988731854,0.8352271726781835,28.92193603515625,78.2779769897461,6.509466171264648,50.422607421875,0.890225887298584
2025-10-03 08:00:00,29.22481260798448,66.72998450273039,6.472098946092151,748.192704042976,1.3501017210978952,28.976797103881836,68.44962310791016,6.503899097442627,709.6192626953125,1.291339635848999
2025-10-03 12:00:00,25.211634242048916,68.44983740686591,6.488882754745976,1000.0,1.0121074711041609,25.484445571899414,67.87899017333984,6.513692855834961,962.852294921875,1.0673210620880127
2025-10-03 16:00:00,22.18987970677809,76.9762716373202,6.471507022272436,751.0174800158084,0.6158123828875381,21.95527458190918,77.48003387451172,6.512107849121094,729.90087890625,0.5863603949546814
2025-10-03 20:00:00,21.8408696665762,86.46808243139931,6.47516671304201,70.26695843095035,0.3543191097017284,22.241905212402344,87.77021026611328,6.526426315307617,52.303016662597656,0.28017759323120117
2025-10-04 00:00:00,24.082169618223098,87.44974745163326,6.489240091828024,77.67102072147983,0.3763401361869656,25.523475646972656,87.1598892211914,6.52611780166626,35.77634811401367,0.40867605805397034
2025-10-04 04:00:00,29.11964815448629,72.05051017232861,6.361555468590577,68.90692567392209,1.1273308939378701,28.92525863647461,78.24846649169922,6.51372766494751,50.165771484375,0.8907645344734192
2025-10-04 08:00:00,28.53481889349796,67.33555253494404,6.4505698201606165,769.6695150531242,1.2736671645321729,28.866201400756836,68.49449920654297,6.502182483673096,714.2798461914062,1.2817431688308716
2025-10-04 12:00:00,24.977151772238482,71.07302870754619,6.465729825757556,1000.0,0.9150957838172382,25.34649658203125,68.13805389404297,6.499589920043945,960.3029174804688,1.0495972633361816
2025-10-04 16:00:00,21.679701716295906,79.44060761063133,6.471276782679295,777.0419332027518,0.5330541654558854,21.793363571166992,77.82711791992188,6.495930194854736,722.1884155273438,0.5712980031967163
2025-10-04 20:00:00,21.366535961572584,88.90561429459304,6.441925060564133,29.558111591841534,0.28219151793429287,22.128143310546875,87.96012115478516,6.509973526000977,53.01380157470703,0.2719132602214813
2025-10-05 00:00:00,25.118864483978165,86.35369328545445,6.458840083057411,95.97807175883125,0.4353547902635051,25.49869155883789,87.27159881591797,6.506188869476318,35.64775085449219,0.4062085747718811
2025-10-05 04:00:00,28.173513635749902,80.2344079978933,6.414807187833516,88.72481810325078,0.7547070782300619,28.8271427154541,78.3613052368164,6.497560977935791,52.79070281982422,0.8839899301528931
2025-10-05 08:00:00,29.106587798288633,66.601499678961,6.362060271282667,746.793833015791,1.3460989482834402,28.81913948059082,68.61009216308594,6.488399028778076,713.1520385742188,1.2770699262619019
2025-10-05 12:00:00,24.948555996973166,71.22703463211838,6.499959363132836,1000.0,0.9086743358761261,25.259864807128906,68.24497985839844,6.487769603729248,962.2282104492188,1.041949987411499
2025-10-05 16:00:00,21.34995651728472,76.51289069748356,6.394083927901579,743.0510719149414,0.5968005438078812,21.7237606048584,77.90447235107422,6.4858927726745605,723.3545532226562,0.5667194724082947
2025-10-05 20:00:00,21.0787855307863,87.38188264787523,6.442779814911866,74.61302237397695,0.3153351294849114,22.056556701660156,88.06700897216797,6.49968147277832,53.01213073730469,0.26644444465637207
2025-10-06 00:00:00,25.142549902279963,86.0916352581408,6.4137678195107455,67.6275702575933,0.4443409874763544,25.348434448242188,87.42469787597656,6.4983110427856445,35.02866744995117,0.3968183696269989
2025-10-06 04:00:00,28.565817172905938,74.68703749977306,6.53057476514965,71.01157059489461,0.9887903708717224,28.741683959960938,78.5353775024414,6.485170364379883,54.77642822265625,0.8721706867218018
2025-10-06 08:00:00,28.666475929682154,65.62619673509325,6.447242065430411,740.8065071297574,1.3505865827703984,28.792564392089844,68.74147033691406,6.480727195739746,710.728759765625,1.270749568939209
2025-10-06 12:00:00,24.494536063953078,68.96462842360222,6.435701478011743,1000.0,0.9539170502771004,25.2921199798584,68.19921875,6.490769386291504,961.9240112304688,1.04575777053833
2025-10-06 16:00:00,20.743469793162102,77.96039326055558,6.488617594592145,741.1619631200471,0.5395484995531927,21.730783462524414,77.9063720703125,6.488437652587891,722.6160278320312,0.5666755437850952
2025-10-06 20:00:00,21.856856043821168,80.00196527578704,6.559048009536255,65.49250842602638,0.5241386898251457,22.145811080932617,87.96780395507812,6.510451316833496,52.74462890625,0.27168893814086914
2025-10-07 00:00:00,25.753885117150347,89.01771891911471,6.472019104284719,59.62820113201548,0.3638258351855792,25.507551193237305,87.2593002319336,6.517749309539795,33.874629974365234,0.40571168065071106
2025-10-07 04:00:00,27.962488990154903,75.18807905607285,6.432863654850222,17.112709928810297,0.9358268622700736,28.961463928222656,78.21629333496094,6.516152858734131,51.73599624633789,0.8929129242897034
2025-10-07 08:00:00,29.270386443130693,67.77287690507723,6.486564326999549,735.2648122644678,1.3112234125961928,28.9417781829834,68.54060363769531,6.498492240905762,709.713623046875,1.2853326797485352
2025-10-07 12:00:00,25.153519715580284,67.83214960596871,6.373100674502736,1000.0,1.028361482334292,25.418624877929688,67.9444808959961,6.505834579467773,964.9348754882812,1.0618252754211426
2025-10-07 16:00:00,21.543931118798927,82.4188489546423,6.454056090935034,743.9269912627495,0.4520678381218515,21.897720336914062,77.54341888427734,6.508218765258789,730.452880859375,0.582441508769989
2025-10-07 20:00:00,21.348688222801453,90.0,6.551432510679635,76.2771678539898,0.25407731964820357,22.185325622558594,87.87252044677734,6.520486354827881,52.00174331665039,0.2757606506347656
2025-10-08 00:00:00,24.32329657145164,88.00584595185259,6.460220707008909,32.087608829680335,0.36489967443191906,25.44843101501465,87.31660461425781,6.51069450378418,35.2028923034668,0.40273767709732056
2025-10-08 04:00:00,28.97352145426419,75.63559069389309,6.457722219982503,81.75288355951781,0.9744672879261782,28.887725830078125,78.39921569824219,6.498754024505615,50.02671432495117,0.8844382762908936
2025-10-08 08:00:00,28.09185401558309,71.36767433822394,6.453365164192495,749.0493540992155,1.0880838054511455,28.86676597595215,68.5728759765625,6.492510795593262,711.6915283203125,1.2809861898422241
2025-10-08 12:00:00,24.625652243295335,65.60977944085418,6.43255952315331,995.0642955324826,1.0653488933925641,25.301292419433594,68.1716537475586,6.49130916595459,962.677490234375,1.0475342273712158
2025-10-08 16:00:00,22.04741712096986,77.81063419038263,6.4680578707928635,726.4338865921134,0.5883692738733641,21.806373596191406,77.77294158935547,6.4975080490112305,724.457275390625,0.57315593957901
2025-10-08 20:00:00,20.60996224269052,89.32281570946488,6.491096987757635,66.64416557543609,0.25924653928088315,22.18992042541504,87.88323974609375,6.515778541564941,53.593666076660156,0.27526727318763733
2025-10-09 00:00:00,24.25833610449121,88.42604370585384,6.436429248849255,33.18305100253458,0.35074873412813545,25.446640014648438,87.32891082763672,6.5067033767700195,34.841896057128906,0.40276774764060974
2025-10-09 04:00:00,28.475169503209003,78.49427371408335,6.328482664558753,48.72522479795074,0.8356648080018823,28.881227493286133,78.38372802734375,6.498438358306885,52.62166213989258,0.8841343522071838
2025-10-09 08:00:00,28.630878839465467,67.93280146181914,6.476301126737732,747.1866424317785,1.2573613354130138,28.793161392211914,68.78912353515625,6.477158069610596,709.3807373046875,1.269324541091919
2025-10-09 12:00:00,25.262502333809753,68.52104798486886,6.5596765552997995,992.6854945124572,1.012881922908826,25.216045379638672,68.25984954833984,6.47981071472168,965.40673828125,1.0406404733657837
2025-10-09 16:00:00,21.40513414798941,78.67025008274246,6.434207181070987,770.5557963633147,0.5438173338565617,21.73832893371582,77.80551147460938,6.484970569610596,728.0174560546875,0.5699628591537476
2025-10-09 20:00:00,22.821218229008384,87.10353546652192,6.379462082335964,15.69650141336858,0.35841865447617804,22.053316116333008,88.01495361328125,6.5043206214904785,51.991790771484375,0.2683054506778717
2025-10-10 00:00:00,24.911354835829112,88.31969813211951,6.487665816518428,62.671897297243916,0.3680567943233193,25.46108627319336,87.30501556396484,6.503147602081299,36.380531311035156,0.40334606170654297
2025-10-10 04:00:00,28.37400965429842,76.62013174411975,6.5409867804910045,56.2364969284461,0.9031714126056466,28.897972106933594,78.28778076171875,6.499504566192627,52.60673141479492,0.8909145593643188
2025-10-10 08:00:00,28.09090939594284,68.37163842655892,6.480263845767566,749.8297796180581,1.2018729094129337,28.9838809967041,68.36237335205078,6.503713130950928,713.773681640625,1.2951576709747314
2025-10-10 12:00:00,25.087254523472563,66.44034509538312,6.540030169990129,989.114504581186,1.068633078070453,25.408275604248047,68.01675415039062,6.505842208862305,961.6716918945312,1.0578370094299316
2025-10-10 16:00:00,21.86868011609766,76.13622661639181,6.49347859456309,770.4776226995433,0.6259092108983988,21.860118865966797,77.67964172363281,6.50158166885376,725.9561767578125,0.5774814486503601
2025-10-10 20:00:00,22.162988527341003,86.58321720355299,6.489137716565689,62.9960229340482,0.35826987053103965,22.240942001342773,87.77118682861328,6.5276947021484375,51.116912841796875,0.2805135250091553
2025-10-11 00:00:00,24.286410234275706,88.83153832711476,6.428757820837267,56.97352335411426,0.33902984033797967,25.617612838745117,87.04090118408203,6.537675380706787,35.57020568847656,0.41492488980293274
2025-10-11 04:00:00,28.37215631245572,78.01221614401204,6.468928199512033,87.51268227183303,0.8493033713736279,28.996004104614258,78.14672088623047,6.5219597816467285,51.14209747314453,0.8971108198165894
2025-10-11 08:00:00,28.71850578703814,69.25499897416945,6.453184307138484,751.04005075708,1.211652829986864,28.91957664489746,68.43863677978516,6.503824710845947,713.1622924804688,1.2877180576324463
2025-10-11 12:00:00,25.32458113379308,66.5162001342287,6.45147106894604,974.61580948855,1.0813732284260982,25.41792869567871,68.00909423828125,6.506476402282715,961.315673828125,1.058704137802124
2025-10-11 16:00:00,21.57022508026033,78.53836623255916,6.441964598576819,741.4683133843038,0.5527356737123235,21.857070922851562,77.67130279541016,6.500095844268799,726.7509765625,0.5775288343429565
2025-10-11 20:00:00,21.83816273612411,87.97881132370146,6.4659385283473,56.13081935462219,0.3147102603805392,22.158525466918945,87.92498016357422,6.512880802154541,53.15581130981445,0.2732568085193634
2025-10-12 00:00:00,24.63290511299388,87.33338575557705,6.390790809711681,19.021434766671113,0.39255959566537113,25.458385467529297,87.29817962646484,6.507389545440674,35.59067916870117,0.4037559926509857
2025-10-12 04:00:00,29.28044139075371,76.72681948628252,6.496193978882595,38.503206489982475,0.9474640255098149,28.912256240844727,78.30238342285156,6.501266956329346,53.87038040161133,0.8893125057220459
2025-10-12 08:00:00,28.997802726084252,69.00873874122826,6.411720794279507,748.6346655904591,1.2412523859174547,28.910974502563477,68.56983184814453,6.488708972930908,710.93359375,1.2843796014785767
2025-10-12 12:00:00,24.364923165924193,69.32562768488052,6.443094497668281,1000.0,0.9355387430323998,25.30403709411621,68.11992645263672,6.491969585418701,965.35546875,1.049541711807251
2025-10-12 16:00:00,21.035733920260647,79.39956697766364,6.472136053570275,757.422039206587,0.513459500535391,21.7457332611084,77.79808807373047,6.489495754241943,727.8175048828125,0.5702587366104126
2025-10-12 20:00:00,21.049824569265574,87.5146064842163,6.409244387998742,59.44742760302557,0.3114639891128972,22.061840057373047,88.03952026367188,6.505185604095459,50.98667907714844,0.2676469683647156
2025-10-13 00:00:00,25.38328830243695,90.0,6.358322344433041,102.90402575688493,0.32408242152475,25.373018264770508,87.42366790771484,6.500647068023682,34.65306854248047,0.39743050932884216
2025-10-13 04:00:00,27.866041048917705,77.40422568597843,6.437493163663428,76.55158995092842,0.8474652049180169,28.765764236450195,78.51932525634766,6.493031024932861,51.03302001953125,0.8729910850524902
2025-10-13 08:00:00,28.342892765022402,64.65009393137144,6.385090622919118,764.5778987277059,1.3631123474723457,28.713224411010742,68.8899917602539,6.470039367675781,709.7307739257812,1.2613215446472168
2025-10-13 12:00:00,25.27165551519707,69.31288496764056,6.492261044181826,991.8620843533763,0.9879407906649842,25.131864547729492,68.44241333007812,6.471794128417969,962.6257934570312,1.0285707712173462
2025-10-13 16:00:00,21.547118734577715,77.94968781883657,6.398970318921196,724.6905101430142,0.5670948767564514,21.634544372558594,78.06710052490234,6.474547386169434,720.7796630859375,0.5591688752174377
2025-10-13 20:00:00,21.709645459707286,87.32944816854493,6.5309032757337615,60.09561960578273,0.32911759804511087,22.030920028686523,88.13256072998047,6.49130392074585,54.80730438232422,0.26327648758888245
2025-10-14 00:00:00,24.51889773398078,87.63054583820579,6.457480218986513,106.37576052814941,0.38074725763795136,25.412363052368164,87.38320922851562,6.495635032653809,35.21877670288086,0.40041857957839966
2025-10-14 04:00:00,28.813327891491536,81.02343741139437,6.4607285731779855,86.76245755664858,0.7519781683299782,28.792150497436523,78.38965606689453,6.4951910972595215,55.76792526245117,0.880268394947052
2025-10-14 08:00:00,28.20929475855492,68.895238419377,6.35873829702104,763.15681598094,1.1901425214352779,28.817655563354492,68.62687683105469,6.488482475280762,712.9070434570312,1.2760295867919922
2025-10-14 12:00:00,24.889489252456187,69.26526856460589,6.4650129948908,986.2679096395002,0.9672174578429656,25.29289436340332,68.22745513916016,6.492953300476074,960.1616821289062,1.043694257736206
2025-10-14 16:00:00,21.7065633384704,78.26538623945893,6.453760867604611,718.9873197101949,0.5644503299367014,21.73104476928711,77.92989349365234,6.486581325531006,721.1661376953125,0.5663644075393677
2025-10-14 20:00:00,21.63923658528283,88.58124434896615,6.392815411702,45.735887953880614,0.2953288516001771,22.181385040283203,87.9251480102539,6.509673118591309,55.174530029296875,0.2735779583454132
2025-10-15 00:00:00,25.071862165804784,90.0,6.463344240384388,61.857687528833765,0.31813627006274636,25.476404190063477,87.31698608398438,6.5001115798950195,35.254241943359375,0.4045625925064087
2025-10-15 04:00:00,28.14866036044636,77.77530013687507,6.439084672904176,45.465557899957524,0.8473772407779535,28.827709197998047,78.40021514892578,6.489013671875,55.06706237792969,0.8831363916397095
2025-10-15 08:00:00,28.374199065835143,65.02482631020582,6.44814143254978,770.0411136913675,1.3511164426748223,28.802303314208984,68.75113677978516,6.4741435050964355,711.32373046875,1.2724013328552246
2025-10-15 12:00:00,25.060963951715504,69.64466338088229,6.46027491155425,970.2162385330984,0.9650869791470926,25.22997283935547,68.2772445678711,6.48445987701416,962.9244384765625,1.0393086671829224
2025-10-15 16:00:00,20.90822792457569,80.13106133762125,6.435408112786638,747.4248287184994,0.49136292840425977,21.723102569580078,77.88092041015625,6.484971523284912,724.9114379882812,0.5672221779823303
2025-10-15 20:00:00,21.364504058002545,88.66920353876627,6.471303654791991,52.22857214908474,0.2881688828756661,22.063955307006836,88.06449890136719,6.500619411468506,52.745758056640625,0.2666458487510681
2025-10-16 00:00:00,25.262360064206714,88.5479663867855,6.4559502445859955,81.83956318506056,0.36848303336379606,25.4614200592041,87.35643005371094,6.503404140472412,34.38237380981445,0.4025731682777405
2025-10-16 04:00:00,27.893903437905372,77.9176564025536,6.483916442122872,73.27333054411196,0.8295546636189314,28.82120132446289,78.40940856933594,6.4938507080078125,53.87794876098633,0.881131649017334
2025-10-16 08:00:00,29.110912565625163,66.87501631727078,6.433844289004944,733.3798887928674,1.3354085247874252,28.828582763671875,68.65424346923828,6.485213756561279,712.243896484375,1.2759056091308594
2025-10-16 12:00:00,25.70332675599021,66.68160935829486,6.407032031056845,1000.0,1.100485546427001,25.27863883972168,68.20803833007812,6.488969326019287,962.5828247070312,1.0448944568634033
2025-10-16 16:00:00,20.981843221572497,77.84425865349942,6.424834592281637,717.5447309602905,0.5504002525218921,21.757171630859375,77.81480407714844,6.490687847137451,725.8632202148438,0.57020103931427
2025-10-16 20:00:00,22.28322832607761,89.45350307709359,6.532410857146132,17.04623441267183,0.2836922804836943,22.142366409301758,87.958251953125,6.510496139526367,53.15703201293945,0.27164226770401
2025-10-17 00:00:00,25.00594963789933,85.1665582883154,6.509459391148647,43.7049043881798,0.4700570124811181,25.594995498657227,87.21837615966797,6.510849952697754,35.53569412231445,0.41054025292396545
2025-10-17 04:00:00,28.751099326971676,82.09511535316841,6.522330021468266,21.405320178841087,0.7069600416864374,28.95272445678711,78.23931884765625,6.5052490234375,52.22427749633789,0.8944965600967407
2025-10-17 08:00:00,28.293516521329032,69.81444963641941,6.525796762746821,747.7487320025901,1.1606382832782551,29.009878158569336,68.42799377441406,6.498602867126465,710.1592407226562,1.2955164909362793
2025-10-17 12:00:00,25.53926284586878,63.63515466179213,6.43834516197965,998.3842389787105,1.1894822202302935,25.42232322692871,67.95976257324219,6.506366729736328,963.617431640625,1.0614311695098877
2025-10-17 16:00:00,21.81668582654198,77.32663860120518,6.476451661608733,741.8899261712552,0.5928026380914888,21.921152114868164,77.52249145507812,6.510993003845215,729.6309204101562,0.5841763615608215
2025-10-17 20:00:00,21.206562188818843,88.35306488496462,6.465453014980708,76.88891694979041,0.2933555407867541,22.293949127197266,87.68148803710938,6.536415100097656,50.67893981933594,0.2845480442047119
2025-10-18 00:00:00,24.504929346833542,89.5263792376339,6.496106478301999,46.72189076490217,0.3221220080642895,25.536348342895508,87.15916442871094,6.5298919677734375,35.19761657714844,0.4091627895832062
2025-10-18 04:00:00,27.82148074434933,76.78902234199657,6.448671139760879,42.72085176663884,0.8682803042423988,28.96192169189453,78.25369262695312,6.513684272766113,50.29255294799805,0.8915224671363831
2025-10-18 08:00:00,28.645602850170324,67.59564641148096,6.467778259876979,734.0553647219265,1.2716657850120292,28.928667068481445,68.55540466308594,6.496685981750488,709.3062133789062,1.2843528985977173
2025-10-18 12:00:00,25.373766052706056,67.19711212469562,6.466743125903412,975.5924798145857,1.06248286329257,25.35199546813965,68.08037567138672,6.495510101318359,963.4335327148438,1.0542453527450562
2025-10-18 16:00:00,21.948911571068155,76.1013959182509,6.489742672018213,737.7648728240464,0.6298977511767574,21.835832595825195,77.64463806152344,6.496068477630615,730.0506591796875,0.5774216651916504
2025-10-18 20:00:00,21.564438184374744,86.39983826049541,6.495915413076008,73.08104268169699,0.35014271229533644,22.16671371459961,87.89197540283203,6.515405654907227,52.48111343383789,0.2742929756641388
2025-10-19 00:00:00,24.51938873957751,90.0,6.469366596728464,22.20779529987228,0.3078215331430072,25.47159194946289,87.25359344482422,6.518579959869385,35.3126220703125,0.4045432209968567
2025-10-19 04:00:00,28.220951183535554,74.77540814461149,6.470882584314745,51.20960221986991,0.9658073883051737,28.952484130859375,78.2705078125,6.507992744445801,51.773101806640625,0.8916325569152832
2025-10-19 08:00:00,29.13816290202841,67.7485135191495,6.475977946148889,769.1523646138791,1.3022413641257566,28.94260597229004,68.48188018798828,6.500056743621826,711.4053344726562,1.287874460220337
2025-10-19 12:00:00,24.855572685109653,69.81166158609177,6.5470106161426065,1000.0,0.9481033403205004,25.395721435546875,68.01555633544922,6.504508018493652,962.8299560546875,1.0572805404663086
2025-10-19 16:00:00,21.705494167612677,77.50464207190414,6.378183155545607,736.3594863726034,0.584168783715322,21.898536682128906,77.60869598388672,6.507129192352295,726.555419921875,0.5810557007789612
2025-10-19 20:00:00,21.095960110484494,88.96080551372324,6.416199062050564,110.8686959844649,0.27616778864339464,22.229055404663086,87.80595397949219,6.523543834686279,52.983970642089844,0.2787628173828125
2025-10-20 00:00:00,25.277098747875232,89.91134187758192,6.500005063594154,40.50604362759381,0.32489930128161815,25.362606048583984,87.3187026977539,6.514105319976807,35.087764739990234,0.3997840881347656
2025-10-20 04:00:00,28.34406655944393,76.574197139386,6.479810303713811,51.123543371185356,0.9033737712871154,28.903831481933594,78.31825256347656,6.505335330963135,52.11573791503906,0.8871728181838989
2025-10-20 08:00:00,29.09626519717135,65.65229734646474,6.479458561279401,726.5942458785164,1.3835308197924894,28.90751075744629,68.5862045288086,6.495511054992676,709.5242919921875,1.2816835641860962
2025-10-20 12:00:00,25.495586078249122,66.2656535204277,6.499695858707525,1000.0,1.100583724446491,25.348316192626953,68.0893325805664,6.4952168464660645,963.2864990234375,1.053676962852478
2025-10-20 16:00:00,21.39685263672051,80.73537224336579,6.4770207284280445,806.0244145018078,0.49091654469061247,21.813966751098633,77.69319915771484,6.493915557861328,728.7813720703125,0.5754215121269226
2025-10-20 20:00:00,21.581373596334128,90.0,6.438356959849395,103.29584106210187,0.2577215858493376,22.17131805419922,87.81719207763672,6.5233025550842285,51.473289489746094,0.2779546082019806
2025-10-21 00:00:00,24.844729764095895,85.44112488492891,6.499483639622844,74.81492189978334,0.4569445190737036,25.416860580444336,87.21553039550781,6.5274529457092285,36.08155059814453,0.40358275175094604
2025-10-21 04:00:00,27.874672900981455,80.70047214315109,6.469087540767385,51.38025356672828,0.7242021681255024,28.887245178222656,78.31803894042969,6.513643264770508,50.05842590332031,0.884655237197876
2025-10-21 08:00:00,28.155668284480356,69.90431418597403,6.445664323672953,746.6413404256728,1.1479478060714512,28.938318252563477,68.55528259277344,6.502621650695801,706.8793334960938,1.2842305898666382
2025-10-21 12:00:00,25.21939654797662,70.77809479893473,6.5025612138463265,1000.0,0.9378513960023502,25.393587112426758,68.0768051147461,6.499379634857178,960.1622314453125,1.056626796722412
2025-10-21 16:00:00,21.818816018093248,78.54199203711289,6.500594875531531,764.9901253848208,0.5610997650588248,21.850147247314453,77.66228485107422,6.495645046234131,727.6754150390625,0.5777570605278015
2025-10-21 20:00:00,21.730460220774773,87.81578942828068,6.47878150719747,58.6618086800264,0.316887529677496,22.18600082397461,87.84603881835938,6.516693592071533,53.606689453125,0.27677637338638306
2025-10-22 00:00:00,24.98145901537483,90.0,6.55570478905285,64.73636886231432,0.31642809087951207,25.538055419921875,87.17475128173828,6.520595073699951,35.518795013427734,0.4095524251461029
2025-10-22 04:00:00,29.062960460352397,78.30336689247493,6.536190168091636,88.82946423286535,0.8722643428244253,28.956384658813477,78.19996643066406,6.511397361755371,52.4618034362793,0.8951018452644348
2025-10-22 08:00:00,28.62819810977237,72.0474996636389,6.519941691055812,776.067605442871,1.0958529338843395,28.97876739501953,68.33045959472656,6.510902404785156,713.6419067382812,1.2953277826309204
2025-10-22 12:00:00,25.483952456402122,69.19148700532047,6.598167109993559,969.9852423656245,1.0044346679573173,25.533084869384766,67.86202239990234,6.522836685180664,959.1622314453125,1.0690728425979614
2025-10-22 16:00:00,20.781336361115137,79.63509141117513,6.4625256612532365,754.5405943956698,0.49971353649257133,22.138092041015625,77.34201049804688,6.5329670906066895,724.6056518554688,0.5961406826972961
2025-10-22 20:00:00,20.0,88.15179123924766,6.446608814887317,70.34320917473346,0.2770444463930568,22.447856903076172,87.50238800048828,6.549394607543945,53.242862701416016,0.2937765419483185
2025-10-23 00:00:00,25.286810646760646,86.4079496754708,6.514755649891409,56.205886969766,0.4379767360869544,25.69803237915039,86.9676513671875,6.5430474281311035,33.798336029052734,0.4202967584133148
2025-10-23 04:00:00,27.896635421118614,75.78313691226606,6.459105780026527,91.94882212089004,0.9098857661170232,29.024948120117188,78.09912872314453,6.524510860443115,51.81014633178711,0.9000300765037537
2025-10-23 08:00:00,28.502792396622837,67.31568733294402,6.472333880708632,744.2295852795351,1.272076683186905,28.898202896118164,68.4803695678711,6.504882335662842,713.5785522460938,1.2833046913146973
2025-10-23 12:00:00,24.993868112329306,69.86133301797173,6.422441496638726,1000.0,0.954377320912434,25.368358612060547,68.10093688964844,6.501669883728027,960.4310302734375,1.0524632930755615
2025-10-23 16:00:00,22.47451531891162,76.78088484467153,6.5020704678118975,742.6331529823301,0.6318787291051415,21.749561309814453,77.8789291381836,6.490830898284912,722.6556396484375,0.5681594014167786
2025-10-23 20:00:00,21.880813294175656,89.72223059625667,6.398187132649361,59.10008639192714,0.2697693360523532,22.17070198059082,87.90469360351562,6.512870788574219,53.74834060668945,0.27425655722618103
2025-10-24 00:00:00,25.240986937966067,88.31366705992893,6.468886702627041,63.963142791836844,0.37554440594155514,25.53277587890625,87.17220306396484,6.519434928894043,36.166908264160156,0.4095118045806885
2025-10-24 04:00:00,29.040654617021325,76.13283349496001,6.4729408268092214,100.33023155552837,0.9582901672525278,28.894088745117188,78.25822448730469,6.5036492347717285,54.96555709838867,0.8903540372848511
2025-10-24 08:00:00,28.806407833124005,67.46563856065393,6.451906671564018,764.8199406685887,1.2887125179826402,28.847013473510742,68.50792694091797,6.494973182678223,715.3090209960938,1.2820128202438354
2025-10-24 12:00:00,24.929218928072515,69.05036499000141,6.385847875751935,990.8470939832627,0.9762897041253135,25.334379196166992,68.15481567382812,6.498226642608643,960.414794921875,1.0483683347702026
2025-10-24 16:00:00,22.229693774556257,77.43390613509284,6.385477058996287,744.554907733113,0.605036210890443,21.819583892822266,77.79997253417969,6.500417709350586,721.84375,0.5728704333305359
2025-10-24 20:00:00,21.13908074548484,89.09274733947657,6.4363999933514195,54.67345715372277,0.27359002814973765,22.119056701660156,87.98480224609375,6.507330894470215,53.61789321899414,0.2705256938934326
2025-10-25 00:00:00,25.333367617396114,85.96184835873241,6.502714119982503,59.85196698835933,0.45360468656726205,25.455516815185547,87.3108901977539,6.5073137283325195,35.339237213134766,0.4034210741519928
2025-10-25 04:00:00,27.862060741698933,77.84095635696717,6.490207846616497,32.82425777797728,0.8308926297559607,28.850873947143555,78.36238098144531,6.496901988983154,53.95305252075195,0.8842785954475403
2025-10-25 08:00:00,28.737817567525088,71.91019524102167,6.474939835602843,748.3733686202312,1.108250867593509,28.86359977722168,68.68855285644531,6.482053756713867,709.1998901367188,1.277705430984497
2025-10-25 12:00:00,25.2682388445158,70.05457471407338,6.431532179243526,1000.0,0.9638670573446704,25.274444580078125,68.19804382324219,6.48594331741333,963.7631225585938,1.0462167263031006
2025-10-25 16:00:00,22.545869889448912,73.7335133722072,6.492818214607455,776.4730012874974,0.7179124223179945,21.795808792114258,77.7258529663086,6.492939472198486,728.1077880859375,0.574061393737793
2025-10-25 20:00:00,20.92515546177069,84.37832889233125,6.385810139642453,20.732744501347575,0.3867292883221065,22.146625518798828,87.86972045898438,6.5178751945495605,50.93199157714844,0.275394469499588
2025-10-26 00:00:00,24.88552878646782,88.32409166319572,6.358068382040611,32.750158846370326,0.3673523650769126,25.536575317382812,87.21955108642578,6.521873474121094,35.10570526123047,0.4072584807872772
2025-10-26 04:00:00,29.06141520281955,78.69482298462265,6.4657422785984595,52.9228589463118,0.8564502827309198,28.89288902282715,78.35863494873047,6.500193119049072,51.79387283325195,0.8858041763305664
2025-10-26 08:00:00,28.817732617731135,66.23351739855887,6.450593287154358,714.4179064381674,1.3383947044388358,28.876270294189453,68.61605834960938,6.485504627227783,710.3768920898438,1.2810709476470947
2025-10-26 12:00:00,25.27612490006348,69.62913010630066,6.528554421041583,974.7322492265009,0.9780193878921706,25.292057037353516,68.1500015258789,6.487658977508545,964.9359741210938,1.0489155054092407
2025-10-26 16:00:00,21.243802907777702,78.75360476834761,6.485795045047851,757.0241782933429,0.5363639867014565,21.788408279418945,77.67903137207031,6.489314079284668,732.1693725585938,0.5745875239372253
2025-10-26 20:00:00,21.426461585211257,88.03418506272916,6.560432621659202,68.95078925650532,0.305475704028221,22.036481857299805,88.07260131835938,6.5017595291137695,50.63438415527344,0.2655491530895233
2025-10-27 00:00:00,25.82325876480714,88.27734220513965,6.452699985669554,31.503392821494316,0.3899518137365696,25.48328971862793,87.24221801757812,6.51585578918457,35.56123352050781,0.40562427043914795
2025-10-27 04:00:00,28.6390852789563,76.47762049576102,6.504449353680435,89.17945942165494,0.9227559641725428,29.014375686645508,78.15064239501953,6.519839763641357,50.52372741699219,0.8986641764640808
2025-10-27 08:00:00,28.852519723905502,66.64780777053444,6.4674968826335455,741.5607802206072,1.3246371360540117,28.962905883789062,68.35746765136719,6.5105977058410645,713.7166748046875,1.2927706241607666
2025-10-27 12:00:00,25.143144096307275,69.12561837980002,6.549196725310884,989.6344439929172,0.9864019605735237,25.486141204833984,67.90645599365234,6.516983985900879,960.7734375,1.0651170015335083
2025-10-27 16:00:00,21.145093887932877,78.71956729396864,6.469908216748123,770.3311163239357,0.5339807206902156,21.989160537719727,77.50045013427734,6.518019676208496,726.3572998046875,0.5867773294448853
2025-10-27 20:00:00,22.20354185859526,90.0,6.522831078111615,61.09999786022135,0.267691059550327,22.322574615478516,87.66575622558594,6.538007736206055,51.76603698730469,0.28578609228134155
2025-10-28 00:00:00,25.46765349934715,88.68617057669131,6.4285246478359275,64.76025409325824,0.3685025292545152,25.632076263427734,87.03187561035156,6.533202171325684,35.95220947265625,0.4163579046726227
2025-10-28 04:00:00,29.83295734090225,77.00819164531212,6.461644963905534,48.42976305290975,0.966249229798104,29.0059871673584,78.08961486816406,6.522857189178467,51.96574401855469,0.9008975625038147
2025-10-28 08:00:00,28.172348232393382,68.14246835927979,6.478203425465762,761.3924157156621,1.2163296358280236,29.00067710876465,68.336669921875,6.5105767250061035,712.653564453125,1.2960506677627563
2025-10-28 12:00:00,25.627323767681144,68.8085237018975,6.545576473060276,991.3437492801113,1.0256048854622128,25.454692840576172,67.9379653930664,6.5124192237854,961.96875,1.062674880027771
2025-10-28 16:00:00,21.09616370892465,78.21053889100973,6.372546249011734,745.4326452054804,0.5451142741605108,21.9486083984375,77.54540252685547,6.511457443237305,726.9529418945312,0.5842479467391968
2025-10-28 20:00:00,21.83060897577969,88.31884203872949,6.465773373739847,45.59030109601838,0.30566743648514816,22.2758846282959,87.74320220947266,6.530224800109863,52.702903747558594,0.2819138765335083
2025-10-29 00:00:00,25.720118274644854,85.08723649402359,6.466455740695626,75.4831448415764,0.49304946070728795,25.566913604736328,87.17723083496094,6.519679546356201,35.2987060546875,0.4103454351425171
2025-10-29 04:00:00,27.65989903720278,81.08903422865701,6.380931070897272,87.70814704162495,0.7007873994978451,28.93455696105957,78.22303009033203,6.512068748474121,51.2529296875,0.8927879333496094
2025-10-29 08:00:00,28.59350035813022,68.19095885732825,6.4615779589796505,754.2378644285031,1.24453985921815,28.824316024780273,68.5946044921875,6.491840362548828,713.9021606445312,1.2767307758331299
2025-10-29 12:00:00,24.95026011309196,72.03963595775782,6.407746390457426,990.2770338323782,0.8831013760029741,25.28406524658203,68.21780395507812,6.490065097808838,961.5374145507812,1.0444194078445435
2025-10-29 16:00:00,21.41678471582796,83.15941969359758,6.368246573115122,768.7089948724099,0.4296691205337906,21.674179077148438,77.98762512207031,6.480114459991455,722.3988647460938,0.5626479983329773
2025-10-29 20:00:00,21.960369691105196,89.0860843662085,6.471664105592225,76.19985509916674,0.2878601378089436,22.036945343017578,88.08248138427734,6.499042987823486,53.259193420410156,0.265915185213089
2025-10-30 00:00:00,25.808559442922814,86.92401145803159,6.472425232416534,60.24293685072432,0.4345917604668319,25.322032928466797,87.45182800292969,6.493285179138184,35.47692108154297,0.39559081196784973
2025-10-30 04:00:00,28.645678847234688,75.63935270489684,6.4749848093087605,90.51297549169615,0.9560054329385942,28.764814376831055,78.46253204345703,6.483003616333008,57.72853088378906,0.8775172829627991
2025-10-30 08:00:00,28.815061418629274,69.08690747857374,6.499875400751645,741.5108628798921,1.2251061128903475,28.7880859375,68.66964721679688,6.484250068664551,713.2108154296875,1.2733123302459717
2025-10-30 12:00:00,25.30537096624114,67.96251267842875,6.443262647296042,974.277453207613,1.0334835516143577,25.297775268554688,68.20178985595703,6.490514755249023,961.3042602539062,1.046323299407959
2025-10-30 16:00:00,21.78501672775197,78.89854458668097,6.576775289129023,748.6841618370532,0.5506390760494142,21.858369827270508,77.70555877685547,6.500213623046875,725.2171630859375,0.5762929320335388
2025-10-30 20:00:00,21.239443655717707,90.0,6.485567788050152,85.36987854239344,0.2523819448006197,22.329845428466797,87.69915008544922,6.533134937286377,53.00426483154297,0.2843013405799866
2025-10-31 00:00:00,25.819309591402252,85.12218903556993,6.554084616734195,55.82976338259184,0.494791658772475,25.6121826171875,87.03116607666016,6.534239292144775,35.989044189453125,0.41571521759033203
2025-10-31 04:00:00,28.876786589757977,75.33621177840037,6.405768131506685,39.509836749906924,0.9809389585259926,29.02740478515625,78.06871032714844,6.525895595550537,51.88214874267578,0.9020355343818665
2025-10-31 08:00:00,28.926629650679846,66.63720364723888,6.448036611076527,741.9375119614973,1.330750107151872,29.00020408630371,68.34323120117188,6.51420259475708,712.5228881835938,1.2947403192520142
2025-10-31 12:00:00,24.861832476028013,69.84965358546162,6.524078833833332,1000.0,0.9472636707469629,25.48078155517578,67.90467834472656,6.515814304351807,961.444580078125,1.065159559249878
2025-10-31 16:00:00,21.57137547640843,79.25267126581633,6.4784348797972235,755.4764900180363,0.5343766299759616,21.9973201751709,77.45782470703125,6.51959228515625,728.0261840820312,0.5882793068885803
2025-10-31 20:00:00,21.71291857654766,86.13924511178696,6.436104124212473,50.39150500995218,0.3601051184095203,22.2753849029541,87.74121856689453,6.530041217803955,52.60539245605469,0.28198859095573425
2025-11-01 00:00:00,24.515409736723967,90.0,6.400439317585055,52.67552786816771,0.3077483156828973,25.591829299926758,87.13379669189453,6.527462005615234,35.08651351928711,0.41181784868240356
2025-11-01 04:00:00,27.90255653598731,76.24373955823252,6.529030996129277,89.94517901635815,0.8928878309269602,28.894338607788086,78.34000396728516,6.502460479736328,50.43107223510742,0.8872289061546326
2025-11-01 08:00:00,28.446199733266862,66.15521705140199,6.524950925264702,770.293353794915,1.3129243624993459,28.877534866333008,68.53914642333984,6.493139743804932,712.7899169921875,1.2826957702636719
2025-11-01 12:00:00,25.54373246666959,66.95348666561723,6.504536847088221,971.976432261398,1.0812273006529214,25.340177536010742,68.13526153564453,6.497929096221924,960.9996948242188,1.049900770187378
2025-11-01 16:00:00,21.49180177334567,77.15543484803106,6.467575502977963,768.7985631127937,0.5855367294600098,21.849151611328125,77.73796844482422,6.500111103057861,723.4842529296875,0.575446605682373
2025-11-01 20:00:00,21.308967869515282,90.0,6.436716311135768,60.79928383925788,0.2534597486768506,22.20499038696289,87.83987426757812,6.520681381225586,52.351890563964844,0.27745774388313293
2025-11-02 00:00:00,24.89302299032611,88.73322248051302,6.492405795546906,91.4516167095025,0.35463852540314145,25.52958106994629,87.1702651977539,6.521573066711426,35.595149993896484,0.4094886779785156
2025-11-02 04:00:00,28.53679622051004,81.22592802448946,6.429288942359472,68.6108162003188,0.7321311995427414,28.947406768798828,78.1522445678711,6.518084526062012,54.320396423339844,0.8948127031326294
2025-11-02 08:00:00,28.587537950672644,67.12432234328222,6.457475668513512,772.7046543557906,1.2858278938924745,28.916284561157227,68.49665069580078,6.500903129577637,711.4425659179688,1.2853550910949707
2025-11-02 12:00:00,26.38312654304822,65.68090588334617,6.558117401611719,1000.0,1.1800021107213983,25.32773208618164,68.1568603515625,6.495455265045166,961.1046752929688,1.0488165616989136
2025-11-02 16:00:00,22.36357451605085,79.37540344404725,6.402513084385171,727.7220470330988,0.5575018256895463,21.84525489807129,77.71454620361328,6.4981818199157715,724.8101806640625,0.5763378143310547
2025-11-02 20:00:00,22.348651257948053,86.79518150683033,6.52893126388676,87.5944477776473,0.3566147631441159,22.261510848999023,87.75302124023438,6.523343563079834,55.27070236206055,0.2810074985027313
2025-11-03 00:00:00,25.903053370867735,89.6334304391135,6.572524275882115,72.5823930027369,0.3464739624279769,25.57714080810547,87.04718017578125,6.531349182128906,36.26948547363281,0.4138892889022827
2025-11-03 04:00:00,28.283454369201777,79.15647486696632,6.53862746427879,37.548751762884855,0.8009678282586861,29.03662109375,77.98196411132812,6.5263447761535645,53.50950241088867,0.907632052898407
2025-11-03 08:00:00,28.171682496375176,63.53690331566652,6.517725122230981,755.7902381313103,1.3921175277291784,29.123220443725586,68.14627075195312,6.526679039001465,712.3212890625,1.3093736171722412
2025-11-03 12:00:00,24.765328042964015,70.70714876385291,6.4746358360011005,1000.0,0.9150402677811291,25.62615966796875,67.7482681274414,6.533230304718018,957.3341674804688,1.0782004594802856
2025-11-03 16:00:00,22.52191464026221,78.5425816658463,6.465520075587956,740.3392226447705,0.5856193736348612,22.034103393554688,77.45294952392578,6.523891925811768,724.980712890625,0.5900228023529053
2025-11-03 20:00:00,21.581065679152044,90.0,6.385407935006491,77.70271790862896,0.2577167333038637,22.447751998901367,87.50370025634766,6.548496246337891,53.88498306274414,0.29354700446128845
2025-11-04 00:00:00,24.711980656148743,84.61007225868637,6.502499146103623,31.265671562901517,0.4792171468327995,25.62052345275879,87.05640411376953,6.536494255065918,35.15148162841797,0.4150969088077545
2025-11-04 04:00:00,28.58626226229623,76.29462668401356,6.480536789653803,42.50940282573367,0.9270919541392085,28.967761993408203,78.23148345947266,6.5121917724609375,51.026641845703125,0.8933801054954529
2025-11-04 08:00:00,28.68245759654883,66.29890393806322,6.465747091656162,766.2112678286688,1.3253816499161646,28.940732955932617,68.49311065673828,6.497671604156494,711.8131713867188,1.2875394821166992
2025-11-04 12:00:00,25.471865384115667,65.60995918870572,6.499644760646307,1000.0,1.1203974330397193,25.342626571655273,68.10813903808594,6.497674465179443,962.4528198242188,1.051330804824829
2025-11-04 16:00:00,21.999032642486654,80.98529610005791,6.50376728610049,745.9752484658462,0.5027060459893145,21.846576690673828,77.6849594116211,6.501335144042969,726.3770141601562,0.577025294303894
2025-11-04 20:00:00,21.459466850193877,88.28726404906192,6.468870947221904,92.19130602777108,0.29961958049628556,22.222553253173828,87.81626892089844,6.5215888023376465,53.18587875366211,0.27826279401779175
2025-11-05 00:00:00,25.69987508965203,86.87706548026361,6.584211073183115,44.86601245532911,0.4333536651277954,25.53592300415039,87.11903381347656,6.52969217300415,35.62480163574219,0.4106273651123047
2025-11-05 04:00:00,28.501551741657845,78.85168900814479,6.540087172964897,50.50983457366643,0.8230351242511832,29.03032112121582,78.09465026855469,6.523250102996826,50.20806121826172,0.9020046591758728
2025-11-05 08:00:00,28.743010340180405,68.52408782550816,6.54837096192794,759.835450329855,1.2422192779146752,29.07331085205078,68.25201416015625,6.519377708435059,711.3465576171875,1.3029767274856567
2025-11-05 12:00:00,25.70043392864685,60.27956368577807,6.498391894827305,982.5698481665903,1.3117162606005535,25.59365463256836,67.75650024414062,6.528841495513916,959.8272094726562,1.0766963958740234
2025-11-05 16:00:00,21.572034576285247,76.84923306127341,6.529118820622333,760.1846046514212,0.5963045953616302,22.12200355529785,77.30433654785156,6.534036159515381,727.6904907226562,0.5965654850006104
2025-11-05 20:00:00,21.60826956646685,85.26201849471718,6.458771803979348,84.47542223525903,0.38045473545599773,22.44184684753418,87.47993469238281,6.553767204284668,51.763980865478516,0.2944740951061249
2025-11-06 00:00:00,25.672755906831846,87.79147832606186,6.5398512093103065,67.09932994874215,0.4025100277307927,25.668289184570312,86.93140411376953,6.554897308349609,35.17448806762695,0.41858813166618347
2025-11-06 04:00:00,28.41215690882052,77.3039798081011,6.496318151932105,36.38418935764918,0.8786979546268556,29.058040618896484,78.02229309082031,6.534419536590576,50.72808074951172,0.9037387371063232
2025-11-06 08:00:00,28.648627485320997,67.55783390102104,6.455439105547075,743.7511971991789,1.2733728331984304,29.07663917541504,68.25665283203125,6.5226969718933105,710.6871337890625,1.3017693758010864
2025-11-06 12:00:00,25.654792971006724,62.86077104570887,6.50539994873683,946.4318377959302,1.2231625360771843,25.530780792236328,67.83477783203125,6.519872188568115,961.1328125,1.0710415840148926
2025-11-06 16:00:00,22.939866487565514,75.47049581927074,6.491935580785297,770.1224732810371,0.686638601782954,22.040021896362305,77.35699462890625,6.5191969871521,731.4978637695312,0.5919708013534546
2025-11-06 20:00:00,22.215522519228898,89.40697672482229,6.622691748658837,72.312347297529,0.2837725747206479,22.32016372680664,87.64991760253906,6.53834342956543,52.01017761230469,0.28591009974479675
2025-11-07 00:00:00,25.633597705145654,89.86850240848585,6.531361385971592,57.94064695148271,0.333257029107771,25.690561294555664,86.9164047241211,6.55009126663208,36.56232452392578,0.420096755027771
2025-11-07 04:00:00,29.126780230624764,78.24755649314426,6.588577546920008,18.61043162244456,0.8777369994662451,29.095033645629883,77.95284271240234,6.535639762878418,51.06446075439453,0.9098137021064758
2025-11-07 08:00:00,28.324784301754878,65.34189296047145,6.566156028865533,772.1807865090569,1.3350313529712432,29.20795440673828,68.03156280517578,6.535117149353027,711.0570678710938,1.319047212600708
2025-11-07 12:00:00,25.4550761929906,69.83618931649835,6.5114807035374715,991.248066403476,0.9817317424639141,25.74060821533203,67.56389617919922,6.549149513244629,957.463134765625,1.0905059576034546
2025-11-07 16:00:00,21.918292964344694,79.07056506348299,6.4874057134010945,761.3048642486773,0.5506100169234487,22.290016174316406,77.06885528564453,6.553891181945801,727.8851318359375,0.6090996265411377
2025-11-07 20:00:00,22.09396847869927,87.12466921382202,6.422580344487581,61.1528873484817,0.34236950651680464,22.54772186279297,87.3315658569336,6.565863132476807,52.158267974853516,0.30157655477523804
2025-11-08 00:00:00,25.47636271272438,83.23538330189395,6.46916912543973,26.263641880949656,0.5463223447677756,25.740970611572266,86.88433074951172,6.5524373054504395,35.26478958129883,0.42299774289131165
2025-11-08 04:00:00,29.072060140332752,78.79909969082591,6.545853975860678,81.44364175226166,0.8527826235256977,29.102096557617188,77.99901580810547,6.533084869384766,48.97957992553711,0.9080079793930054
2025-11-08 08:00:00,28.7264767041746,66.22595228377135,6.497609783716932,771.5716715598886,1.3316413432727452,29.033184051513672,68.22061157226562,6.51778507232666,715.1803588867188,1.301696538925171
2025-11-08 12:00:00,25.44741314517234,68.02121192435105,6.531507319259889,1000.0,1.0403298831632517,25.478059768676758,67.93314361572266,6.516500473022461,960.0127563476562,1.0634706020355225
2025-11-08 16:00:00,21.340092788320195,78.62664853879303,6.4112025454056,756.2969438350366,0.542762510251618,21.98155403137207,77.54316711425781,6.518959045410156,724.2847290039062,0.5854846835136414
2025-11-08 20:00:00,21.794053432347233,90.0,6.535392045427836,33.503852316900975,0.2610923914278511,22.301542282104492,87.70721435546875,6.534043312072754,52.35588455200195,0.28392863273620605
2025-11-09 00:00:00,26.13482507194677,86.04702842008483,6.570735322538732,71.9086881818446,0.47277185284725975,25.728137969970703,86.96412658691406,6.537045478820801,35.50261306762695,0.4215690493583679
2025-11-09 04:00:00,29.062914082810327,76.8754016956126,6.427123330188454,104.41787590239785,0.9296699819041759,29.094688415527344,77.93958282470703,6.532843589782715,51.316917419433594,0.911206066608429
2025-11-09 08:00:00,28.893049394304665,70.31765668950027,6.534489439996607,752.3227156044671,1.1816500961121306,28.960689544677734,68.24730682373047,6.517314434051514,717.550048828125,1.2962239980697632
2025-11-09 12:00:00,26.38746993598562,64.60235060852119,6.58308797735919,1000.0,1.217397969380705,25.510618209838867,67.89201354980469,6.520965099334717,959.3169555664062,1.0664376020431519
2025-11-09 16:00:00,21.294889193570157,80.18631191246033,6.59991557714574,727.9632164539564,0.5017641530909827,22.07863998413086,77.43588256835938,6.530407428741455,723.712890625,0.5914663672447205
2025-11-09 20:00:00,21.420578904997587,87.97190019674669,6.490736291135869,8.90075193763144,0.30695520413774213,22.595823287963867,87.32850646972656,6.565758228302002,53.37226486206055,0.30206605792045593
2025-11-10 00:00:00,26.31752605187026,84.01862699818476,6.558172069165395,62.78462370839935,0.5473704938186579,25.99730682373047,86.61942291259766,6.562755107879639,35.73411560058594,0.4390491843223572
2025-11-10 04:00:00,28.948252429394348,77.07994332935023,6.590665042935089,93.46154430316285,0.9153615949007601,29.197538375854492,77.74122619628906,6.5444536209106445,51.86891555786133,0.9245405197143555
2025-11-10 08:00:00,28.80398044322498,68.67743956237851,6.539244621473838,776.8751742738756,1.2405378083332517,29.211315155029297,67.82102966308594,6.549307346343994,718.1476440429688,1.326635479927063
2025-11-10 12:00:00,24.8615681836843,70.91506740442657,6.583429431384659,998.6918344330123,0.9137760957450185,25.725139617919922,67.6077880859375,6.553228855133057,955.8626098632812,1.0857456922531128
2025-11-10 16:00:00,22.220916864291876,80.11801267425355,6.517382469267903,758.6025858876382,0.5327860437927723,22.205650329589844,77.30693054199219,6.549893856048584,720.7393798828125,0.599475085735321
2025-11-10 20:00:00,22.269298665858102,86.50652385276177,6.538891259123358,41.5725498402038,0.3626562672087892,22.559614181518555,87.35027313232422,6.563989639282227,52.85987091064453,0.301242858171463
2025-11-11 00:00:00,24.93614120262543,86.12128973199744,6.491427796133322,67.43751461685878,0.437977147356309,25.965370178222656,86.58235931396484,6.5706467628479,35.48583221435547,0.43881770968437195
2025-11-11 04:00:00,28.877352205405415,76.54649389273692,6.514278249572744,46.19206571960264,0.9328336084006525,29.181310653686523,77.7795181274414,6.547179698944092,50.609527587890625,0.920891523361206
2025-11-11 08:00:00,28.7797320821641,64.96734037009354,6.54419406595025,751.0934230857978,1.3855312665845814,29.132328033447266,68.06076049804688,6.530027866363525,715.1796875,1.3127553462982178
2025-11-11 12:00:00,25.61137695625226,66.64816216678861,6.487677291204143,994.5069312058993,1.0956033104776592,25.621883392333984,67.7197265625,6.5348005294799805,959.0429077148438,1.0782968997955322
2025-11-11 16:00:00,21.4596616467948,77.62717696256829,6.511328938799394,744.1498772017657,0.572318526102616,22.100101470947266,77.33782196044922,6.533575534820557,727.1506958007812,0.5949732661247253
2025-11-11 20:00:00,22.6452604951617,87.98708966557098,6.560551941503772,78.70369856815593,0.33032134350409414,22.408016204833984,87.5668716430664,6.547356128692627,51.7747688293457,0.290539413690567
2025-11-12 00:00:00,25.96396771540569,82.14217806706272,6.628536250349838,96.33729095428083,0.5990025271921233,25.70238494873047,86.903564453125,6.548481464385986,36.07374572753906,0.4213929772377014
2025-11-12 04:00:00,28.788569660378236,75.84992961725936,6.423436449108604,64.5046276281964,0.9556168169618786,29.117042541503906,77.88380432128906,6.546326160430908,49.76105499267578,0.9125122427940369
2025-11-12 08:00:00,28.86194808392546,65.75604126522799,6.624737207057214,778.3726077177216,1.3607971440492306,29.07190704345703,68.10899353027344,6.533851146697998,715.7108764648438,1.3059051036834717
2025-11-12 12:00:00,25.43784474946808,69.71748738061393,6.512914785469895,975.1687139509843,0.9845874348627012,25.683380126953125,67.68367767333984,6.544004440307617,955.593994140625,1.0820338726043701
2025-11-12 16:00:00,21.652799932965884,75.79311134574914,6.574153367142403,748.1552279432451,0.6265937899758764,22.26294708251953,77.21680450439453,6.55275821685791,722.2667236328125,0.6034975647926331
2025-11-12 20:00:00,21.82023950035162,88.22295546877056,6.5839630086906205,38.50591280466906,0.3079815748285313,22.654563903808594,87.2660903930664,6.57335901260376,53.02542495727539,0.3054611384868622
2025-11-13 00:00:00,25.39403077023472,87.15269701580836,6.607599731807832,50.81045297822358,0.41662422197571614,25.971214294433594,86.61722564697266,6.569529056549072,35.47555160522461,0.4379459619522095
2025-11-13 04:00:00,29.799701754563344,77.88653242182774,6.492976799874315,65.72530108538368,0.9275628309841109,29.233705520629883,77.72338104248047,6.550932884216309,50.519168853759766,0.9268345236778259
2025-11-13 08:00:00,29.466576723374995,67.4917986439586,6.518111327704915,772.3726825056735,1.3376990061034304,29.24999237060547,67.80277252197266,6.553750514984131,716.00537109375,1.3299193382263184
2025-11-13 12:00:00,25.99649330774034,66.74774750203025,6.52669508816316,984.4294907760969,1.1175227768936327,25.699026107788086,67.60365295410156,6.5472235679626465,958.5541381835938,1.085448980331421
2025-11-13 16:00:00,22.25002714543647,76.01562553266916,6.5115032009859375,759.1613304134644,0.6438587802432738,22.277223587036133,77.10442352294922,6.555574417114258,727.253173828125,0.6073330640792847
2025-11-13 20:00:00,21.506400834468657,84.53571374207726,6.595312941852762,84.18328956822668,0.3967245493614038,22.559612274169922,87.32294464111328,6.569178581237793,51.27924728393555,0.3019467890262604
2025-11-14 00:00:00,25.531966371119484,87.69622175469559,6.5290654034606534,86.10404730153766,0.4022784071903822,25.796743392944336,86.73542022705078,6.5686564445495605,35.45689392089844,0.4280075430870056
2025-11-14 04:00:00,29.50205776835262,77.30789294453082,6.451979405270809,60.705749938955194,0.9356804287900827,29.134952545166016,77.84150695800781,6.549101829528809,49.19049072265625,0.9157779812812805
2025-11-14 08:00:00,28.387681223862284,64.76874293925727,6.5012560973955384,738.2163152599438,1.3620748906092879,29.109540939331055,68.08460998535156,6.535851001739502,713.5942993164062,1.3093817234039307
2025-11-14 12:00:00,25.87098852684481,64.2261288810757,6.453986787176382,986.2232860775805,1.1933767558501596,25.64853286743164,67.71399688720703,6.536314487457275,957.2095336914062,1.0803804397583008
2025-11-14 16:00:00,23.249914920901805,76.12978756539064,6.521489849176559,733.1470002703845,0.6808228635429461,22.113245010375977,77.30958557128906,6.533375263214111,727.7039184570312,0.5962033271789551
2025-11-14 20:00:00,22.619518631265287,87.24900542551781,6.566534272239624,63.31314108445227,0.3500695707245107,22.47205352783203,87.48013305664062,6.552430629730225,53.803443908691406,0.29441365599632263
2025-11-15 00:00:00,26.283701323217446,84.09315339498971,6.503779179700283,52.72176035486103,0.5437321252613088,25.754695892333984,86.8471450805664,6.5519280433654785,36.81853485107422,0.42415758967399597
2025-11-15 04:00:00,29.149957745795287,75.62693395417101,6.516351365083739,76.73596352063839,0.9847990418179436,29.1153621673584,77.88978576660156,6.538444519042969,50.94468688964844,0.9139040112495422
2025-11-15 08:00:00,29.5247543449567,62.53989080542409,6.522764748698558,754.5667340065563,1.5466398655567497,29.098838806152344,68.02986907958984,6.533114910125732,717.4406127929688,1.3118563890457153
2025-11-15 12:00:00,25.217760148259433,70.42788758523733,6.54354013800723,1000.0,0.9489986371516421,25.692974090576172,67.65265655517578,6.545342445373535,956.437255859375,1.083465576171875
2025-11-15 16:00:00,22.51051704646931,74.13447561555914,6.562307152247244,713.1904890870541,0.7054378333779452,22.24936866760254,77.19786071777344,6.55391788482666,724.0822143554688,0.6037853360176086
2025-11-15 20:00:00,22.439779207329078,87.92484997150348,6.576865784712236,54.98779823740561,0.32791730950875575,22.64031410217285,87.30167388916016,6.57064151763916,53.03901290893555,0.30335235595703125
2025-11-16 00:00:00,25.746038932915535,86.81102020831993,6.652938351031332,47.094243867695056,0.43672732600833886,25.93775177001953,86.61341094970703,6.568806171417236,36.4515495300293,0.4367120862007141
2025-11-16 04:00:00,29.723188670893705,78.49440423290896,6.546337298434509,95.27528604498622,0.8981080873773376,29.375852584838867,77.50252532958984,6.57609224319458,47.74800109863281,0.9443766474723816
2025-11-16 08:00:00,28.795792542110767,65.72180300128434,6.576952154583492,724.4010492034007,1.3569533378606597,29.3079833984375,67.64041137695312,6.5682244300842285,717.2423706054688,1.3406683206558228
2025-11-16 12:00:00,25.50755458765987,67.36117353919097,6.460784664500593,995.8915083764566,1.0655988704930972,25.855588912963867,67.42120361328125,6.569498538970947,955.0914306640625,1.1005213260650635
2025-11-16 16:00:00,22.1847127514381,73.82607705436816,6.521203352606229,757.6619702665338,0.6998500654349622,22.328855514526367,77.04943084716797,6.563536643981934,726.316650390625,0.6104627847671509
2025-11-16 20:00:00,21.622176245214252,84.18968195829912,6.526641657211402,31.784151571906463,0.40848377499436195,22.599130630493164,87.28144073486328,6.5743088722229,50.83295822143555,0.30411309003829956
2025-11-17 00:00:00,25.73936043745279,88.08362651155176,6.493018425383545,104.64506855026383,0.3944313983879222,25.882577896118164,86.73268127441406,6.568418979644775,35.017669677734375,0.43077248334884644
2025-11-17 04:00:00,28.230530874213496,74.58415201054035,6.517084533264523,90.21153456529231,0.973672291562163,29.093570709228516,77.90835571289062,6.5425496101379395,50.56029510498047,0.9102650880813599
2025-11-17 08:00:00,29.61347334790452,65.62335490927416,6.5385099339501185,732.831646738885,1.4265953310078152,29.014997482299805,68.19613647460938,6.524807929992676,715.7892456054688,1.3001673221588135
2025-11-17 12:00:00,25.64921314883565,69.04877117269237,6.51865100112466,988.163836107238,1.0190266799961174,25.5830020904541,67.80197143554688,6.528999328613281,958.0055541992188,1.0736993551254272
2025-11-17 16:00:00,21.90134639846303,79.14135011449481,6.673975879224808,792.9362578756854,0.5481808949832994,22.136056900024414,77.33587646484375,6.537216663360596,725.0174560546875,0.5959293246269226
2025-11-17 20:00:00,21.74460604426735,86.5539199577018,6.5694979369117865,84.98319477864993,0.35000855335477077,22.51551055908203,87.39988708496094,6.562129497528076,51.3234748840332,0.29867637157440186
2025-11-18 00:00:00,25.533823247524513,84.0222588558969,6.647718051293083,45.91766108387321,0.522458077952932,25.828311920166016,86.67030334472656,6.570509910583496,36.28533935546875,0.431270956993103
2025-11-18 04:00:00,29.45934423285807,77.32997337402395,6.622299473291816,60.87131023581939,0.9324737285802254,29.355913162231445,77.54669189453125,6.580467224121094,47.42452621459961,0.9403303861618042
2025-11-18 08:00:00,29.38908386684064,69.1008877654594,6.515704607677597,722.2654327864411,1.2658225121461761,29.43345069885254,67.5625228881836,6.583433151245117,711.3338012695312,1.3518856763839722
2025-11-18 12:00:00,25.29834378869488,66.22800815962643,6.549544937721107,1000.0,1.0889813191601085,25.947494506835938,67.25601959228516,6.577530860900879,956.5462036132812,1.1135112047195435
2025-11-18 16:00:00,21.76399131088254,76.24738731686196,6.5259256832963874,751.4572310428947,0.6190254043506285,22.460651397705078,76.8256607055664,6.575880527496338,729.6524047851562,0.6210957169532776
2025-11-18 20:00:00,22.515460500356177,85.67700532372774,6.539575776385799,71.45155518342472,0.390752380321052,22.629480361938477,87.22999572753906,6.5781354904174805,51.1711540222168,0.3063117265701294
2025-11-19 00:00:00,25.31555706120793,88.66988182980234,6.50268793106788,32.035549367131786,0.3657147203699038,25.874509811401367,86.64601135253906,6.578037261962891,35.58441925048828,0.4329774081707001
2025-11-19 04:00:00,29.170787265692944,79.20085431429041,6.529432848068805,39.283807760669035,0.8414050042350404,29.21770477294922,77.80885314941406,6.55242395401001,47.945945739746094,0.9203744530677795
2025-11-19 08:00:00,29.202709699915328,64.21672182736594,6.569485558603978,759.0218256996483,1.450239641143769,29.164461135864258,68.0827407836914,6.531851768493652,711.510986328125,1.3139021396636963
2025-11-19 12:00:00,25.832761829378814,63.75429363728247,6.568165717374427,1000.0,1.206384404110044,25.6776180267334,67.60296630859375,6.540477275848389,960.8679809570312,1.0860416889190674
2025-11-19 16:00:00,22.641764363468624,81.21734609866195,6.56417979778813,739.190431206657,0.516360804291796,22.220867156982422,77.15756225585938,6.547503471374512,728.580078125,0.6039871573448181
2025-11-19 20:00:00,21.581147679944024,87.77363290430388,6.548525873283139,46.60242445751275,0.3150955187765989,22.597074508666992,87.28096008300781,6.570247173309326,52.76459503173828,0.30368003249168396
2025-11-20 00:00:00,24.747161215299794,88.88504376843092,6.598448252951353,60.700712716755476,0.3468290663278153,25.914640426635742,86.6633071899414,6.567961692810059,35.817264556884766,0.4343130886554718
2025-11-20 04:00:00,28.883118852453613,75.7914600400843,6.542558980385579,92.01315345848568,0.9631853446365555,29.304536819458008,77.63460540771484,6.5647735595703125,46.69302749633789,0.9345493316650391
2025-11-20 08:00:00,30.067606696983884,66.3785145734296,6.624988748677587,737.2282221167962,1.4321227886002843,29.2327880859375,67.79622650146484,6.553651332855225,716.462158203125,1.3294695615768433
2025-11-20 12:00:00,26.713827927973725,67.34937985744247,6.463031253838627,995.0021426335369,1.1447039061412307,25.823511123657227,67.45057678222656,6.563727855682373,956.4285278320312,1.0981879234313965
2025-11-20 16:00:00,23.154227830575227,76.36825059728302,6.588251682888294,766.7424866243207,0.6701377996581859,22.324073791503906,77.0557632446289,6.561774730682373,727.2394409179688,0.6097811460494995
2025-11-20 20:00:00,22.14214857891194,90.0,6.579829687301873,87.43562390178747,0.266692555752968,22.641185760498047,87.19951629638672,6.5799336433410645,51.56856918334961,0.3075604736804962
2025-11-21 00:00:00,24.83807785722723,87.58939403427696,6.525641981870369,56.52609663193074,0.38936450049367144,25.929977416992188,86.4822998046875,6.592859745025635,37.13673400878906,0.4404641091823578
2025-11-21 04:00:00,28.021717462531477,77.94165886013204,6.541608758390183,77.21153178164101,0.8348448565352249,29.35565948486328,77.4961929321289,6.582034111022949,47.211944580078125,0.9429102540016174
2025-11-21 08:00:00,28.88621793258269,67.63348580368078,6.582609856688398,760.575367070696,1.2879975728887216,29.270030975341797,67.80902099609375,6.558715343475342,712.1369018554688,1.331402063369751
2025-11-21 12:00:00,25.630098583144964,67.98477541629474,6.605167072090384,1000.0,1.0528636735432086,25.753406524658203,67.59174346923828,6.548526763916016,954.7750244140625,1.090516448020935
2025-11-21 16:00:00,22.91534648360987,76.58287479871039,6.471897151316391,768.0491283795701,0.6545285197612039,22.335796356201172,77.06723022460938,6.559943199157715,725.0126342773438,0.6105220913887024
2025-11-21 20:00:00,22.698936512853113,83.88276517681015,6.5907826131156595,79.2486802853922,0.44462353969997404,22.56950569152832,87.29058837890625,6.567898750305176,53.246795654296875,0.3031855821609497
2025-11-22 00:00:00,25.869609042614076,87.32061676847,6.540503416189862,41.331473444778695,0.42293567023321765,25.79754638671875,86.69134521484375,6.569246768951416,36.17304611206055,0.4293105900287628
2025-11-22 04:00:00,28.77508573278545,76.58902423121495,6.6196504641826674,90.05782540951192,0.9256481323883748,29.315353393554688,77.55802154541016,6.570967197418213,50.786556243896484,0.9375038743019104
2025-11-22 08:00:00,28.73961833913357,66.22861846315034,6.471422214776931,756.9079893199489,1.332549867817288,29.32478904724121,67.65739440917969,6.570663928985596,715.2183227539062,1.3407102823257446
2025-11-22 12:00:00,25.882970346653984,66.74050858952552,6.6856509237238,1000.0,1.1102866924347774,25.785696029663086,67.52941131591797,6.557109832763672,955.3770141601562,1.093222737312317
2025-11-22 16:00:00,22.640330377400375,74.61645905924101,6.519078978817035,751.0358734392596,0.6977675131196679,22.37640953063965,77.03485107421875,6.566066741943359,724.3394165039062,0.6125218868255615
2025-11-22 20:00:00,22.487745519103303,84.4975990735986,6.634884034807223,72.26359828689881,0.42221723259764676,22.710281372070312,87.14493560791016,6.584519386291504,52.49047088623047,0.310560941696167
2025-11-23 00:00:00,25.26574727996642,82.37044116004267,6.56399770797882,69.85867953552811,0.5673666101856196,25.998735427856445,86.4577865600586,6.595031261444092,35.39139175415039,0.4436263144016266
2025-11-23 04:00:00,29.572481689303544,79.63575212306446,6.526523602105455,66.29467621081798,0.8431045965644701,29.408344268798828,77.40192413330078,6.593454360961914,47.96039962768555,0.9493097066879272
2025-11-23 08:00:00,29.460103358458205,67.4213076005187,6.580712639234532,780.5639883255569,1.3401000101343703,29.333322525024414,67.65343475341797,6.571634769439697,714.6929931640625,1.341454267501831
2025-11-23 12:00:00,25.24771305667466,67.39490217237541,6.61891321121328,1000.0,1.0481953365912133,25.93507957458496,67.30526733398438,6.579439640045166,954.6141967773438,1.1093134880065918
2025-11-23 16:00:00,21.926784159481866,76.2753772870039,6.489821698928224,749.4402164843832,0.6244689134577843,22.412595748901367,77.00403594970703,6.572254180908203,723.0720825195312,0.614543616771698
2025-11-23 20:00:00,22.66319263191278,80.753146488038,6.602536381429812,77.38838786157281,0.5298103473646019,22.687898635864258,87.17436218261719,6.581725597381592,52.47181701660156,0.309366911649704
2025-11-24 00:00:00,25.69329285850553,85.50300295979874,6.570973068978916,62.37629858133296,0.47854214090978164,25.91278076171875,86.56616973876953,6.583223819732666,35.075843811035156,0.43698203563690186
2025-11-24 04:00:00,30.069221892034452,76.82789983627646,6.600434198040087,114.4118237302791,0.9871177691682083,29.355009078979492,77.50406646728516,6.581695079803467,47.952293395996094,0.9421485662460327
2025-11-24 08:00:00,29.525212879248514,68.09652928831495,6.57213076177872,755.8283584169038,1.3172540898954113,29.329347610473633,67.5721664428711,6.581118583679199,717.3220825195312,1.3437727689743042
2025-11-24 12:00:00,25.567231031983837,68.43373743923085,6.542988551974038,1000.0,1.0342364460487832,25.889680862426758,67.3827133178711,6.575363636016846,954.5322265625,1.1033867597579956
2025-11-24 16:00:00,22.341342210745253,77.30477059538707,6.515925831343177,767.6416427506722,0.612644438773517,22.394466400146484,77.0484619140625,6.571086883544922,722.154052734375,0.6124154329299927
2025-11-24 20:00:00,22.37813670725958,89.5405432309734,6.605214249514122,18.314913058061187,0.28297908361470947,22.71375846862793,87.14264678955078,6.586208820343018,52.26325988769531,0.31114718317985535
2025-11-25 00:00:00,25.47420429647154,86.63161911111561,6.609123517573801,55.09382245160505,0.4355906131179257,26.108518600463867,86.38827514648438,6.590240478515625,36.27294158935547,0.4496660530567169
2025-11-25 04:00:00,28.846206969141335,79.40106737855672,6.6088735303484,59.844999728494244,0.817821726072824,29.461647033691406,77.3449935913086,6.591475486755371,46.94500732421875,0.9556927680969238
2025-11-25 08:00:00,29.653196015134895,65.25104108985722,6.597139733935888,720.0069723171439,1.4453443315177843,29.369516372680664,67.64180755615234,6.566585540771484,713.9667358398438,1.344992995262146
2025-11-25 12:00:00,26.261036101613445,64.3461632298243,6.622994861555833,992.0948614770875,1.2171006517574958,25.876220703125,67.35160827636719,6.569333076477051,957.3804931640625,1.1055521965026855
2025-11-25 16:00:00,22.67618857273112,74.47429118005827,6.646063381952342,722.5762920403677,0.7032030577126154,22.494108200073242,76.78743743896484,6.580448150634766,730.211669921875,0.6243059635162354
2025-11-25 20:00:00,23.131956885116544,83.67307182997928,6.481939025593533,30.924758255704447,0.46236862406966583,22.912019729614258,86.85376739501953,6.618183612823486,49.88420104980469,0.32890084385871887
2025-11-26 00:00:00,25.595709869411962,88.42457125348703,6.462899600919211,64.03268577422702,0.37989818608769355,26.18691635131836,86.2619400024414,6.615964889526367,35.72142028808594,0.45610469579696655
2025-11-26 04:00:00,30.167833485591085,73.76275862941921,6.665886841106647,95.2103702104533,1.1240250670286427,29.448558807373047,77.35023498535156,6.593321800231934,46.628475189208984,0.9540635943412781
2025-11-26 08:00:00,28.88023754327844,65.11358599501246,6.512937147383406,722.7557943077824,1.3877946871515454,29.448951721191406,67.35013580322266,6.592638969421387,718.6151733398438,1.3605684041976929
2025-11-26 12:00:00,25.360253705733516,68.88708988072244,6.525677308773184,975.6903113561066,1.0069361104294545,25.895612716674805,67.36810302734375,6.575830459594727,954.4370727539062,1.1040658950805664
2025-11-26 16:00:00,21.522515431205385,78.87216763413639,6.565608757518919,739.3452122054966,0.5425531735503801,22.323238372802734,77.07769775390625,6.562114715576172,726.161376953125,0.6089403033256531
2025-11-26 20:00:00,22.179597215366602,89.1557881426417,6.497290894177009,52.819395142735466,0.2898671220037832,22.575519561767578,87.38298034667969,6.565589427947998,52.02671813964844,0.2997264862060547
2025-11-27 00:00:00,25.64326820525003,88.06029671467054,6.565190071184332,31.011902677572973,0.3929598314511318,25.906097412109375,86.675048828125,6.565242767333984,35.99941635131836,0.43421927094459534
2025-11-27 04:00:00,29.622199628929838,74.56047739621062,6.536864138843581,48.78690310076197,1.0562440144972665,29.29572868347168,77.68846893310547,6.561732769012451,47.26189422607422,0.9301201105117798
2025-11-27 08:00:00,29.48117645961274,66.43044014351807,6.572602362564863,734.1709869869186,1.3825352971805613,29.145462036132812,68.04443359375,6.531423091888428,715.2159423828125,1.3140828609466553
2025-11-27 12:00:00,25.29864268815519,67.80230194930657,6.598261471295069,1000.0,1.03823649809326,25.695009231567383,67.58800506591797,6.5444111824035645,959.9813842773438,1.0868571996688843
2025-11-27 16:00:00,22.234664639314097,75.30968572408085,6.567092494778236,758.5125742740643,0.6621904961504823,22.27587890625,77.09471130371094,6.555026531219482,728.5728759765625,0.6071667671203613
2025-11-27 20:00:00,22.24529674798316,84.92280492983727,6.564567041779856,51.86709233436349,0.40462974090931336,22.597585678100586,87.275390625,6.5746307373046875,50.475181579589844,0.3038735091686249
2025-11-28 00:00:00,25.035998533442456,86.58455898160092,6.601498238378093,53.967916407479194,0.42588345452463194,25.959882736206055,86.55917358398438,6.585909843444824,35.50055694580078,0.4386422038078308
2025-11-28 04:00:00,28.89761790855447,81.22673785051245,6.640813038436008,37.320924552375246,0.7475585350638561,29.38547134399414,77.51458740234375,6.5829901695251465,45.694889068603516,0.9433121085166931
2025-11-28 08:00:00,29.00268445675411,66.17048512642573,6.668746665884594,751.0315616403686,1.355311534608374,29.42768669128418,67.61490631103516,6.574108600616455,711.0755615234375,1.3492785692214966
2025-11-28 12:00:00,26.640802166833875,68.0045303325226,6.5776715358384,980.4782851067292,1.1169276828869554,25.94455337524414,67.2584457397461,6.5786309242248535,956.613037109375,1.112918734550476
2025-11-28 16:00:00,22.555613399764322,75.72925888139392,6.679842906134672,780.9447600938996,0.6637573570786373,22.531476974487305,76.73131561279297,6.582685470581055,730.2565307617188,0.6273698210716248
2025-11-28 20:00:00,22.790972418759395,88.09121901094089,6.632433790276573,33.77608640725844,0.33036312467924,22.879167556762695,86.85143280029297,6.618382453918457,49.12257385253906,0.3295667767524719
2025-11-29 00:00:00,25.203851036694296,89.49920675607424,6.531374895091676,45.125205543226535,0.3367023225679975,26.323957443237305,86.02873992919922,6.638978958129883,35.43853759765625,0.47245895862579346
2025-11-29 04:00:00,30.014377641913647,77.38361455303361,6.529914905009651,72.97086586729634,0.9604196079535111,29.637584686279297,77.07259368896484,6.620461940765381,44.865726470947266,0.9769197702407837
2025-11-29 08:00:00,30.067821431918702,66.17392253613987,6.564110925260201,742.027253723717,1.4408552189644408,29.528844833374023,67.25875854492188,6.599475383758545,715.802734375,1.3708099126815796
2025-11-29 12:00:00,24.953996301696588,70.82373870501742,6.665205516958321,1000.0,0.9217095046689545,26.008289337158203,67.16117858886719,6.5883870124816895,956.005126953125,1.1195063591003418
2025-11-29 16:00:00,22.136408808173222,78.05209472644563,6.567906952012057,784.3438768525984,0.585129772508326,22.540922164916992,76.75700378417969,6.5875420570373535,727.769287109375,0.6271688938140869
2025-11-29 20:00:00,22.736949956638902,89.82163452372221,6.498357476565021,72.65005672766708,0.28143665598935064,22.686357498168945,87.13326263427734,6.587395668029785,50.35319900512695,0.3108322322368622
2025-11-30 00:00:00,26.304852339064883,82.80288188502581,6.585954506399983,38.765375022119144,0.5885703329250398,25.92267417907715,86.52387237548828,6.583341598510742,36.90925216674805,0.43892863392829895
